-- MySQL dump 10.13  Distrib 8.0.19, for Win64 (x86_64)
--
-- Host: localhost    Database: elc_peliculas
-- ------------------------------------------------------
-- Server version	5.5.5-10.4.22-MariaDB

/*!40101 SET @OLD_CHARACTER_SET_CLIENT=@@CHARACTER_SET_CLIENT */;
/*!40101 SET @OLD_CHARACTER_SET_RESULTS=@@CHARACTER_SET_RESULTS */;
/*!40101 SET @OLD_COLLATION_CONNECTION=@@COLLATION_CONNECTION */;
/*!50503 SET NAMES utf8mb4 */;
/*!40103 SET @OLD_TIME_ZONE=@@TIME_ZONE */;
/*!40103 SET TIME_ZONE='+00:00' */;
/*!40014 SET @OLD_UNIQUE_CHECKS=@@UNIQUE_CHECKS, UNIQUE_CHECKS=0 */;
/*!40014 SET @OLD_FOREIGN_KEY_CHECKS=@@FOREIGN_KEY_CHECKS, FOREIGN_KEY_CHECKS=0 */;
/*!40101 SET @OLD_SQL_MODE=@@SQL_MODE, SQL_MODE='NO_AUTO_VALUE_ON_ZERO' */;
/*!40111 SET @OLD_SQL_NOTES=@@SQL_NOTES, SQL_NOTES=0 */;

--
-- Table structure for table `altas_motivos_rech`
--

DROP TABLE IF EXISTS `altas_motivos_rech`;
/*!40101 SET @saved_cs_client     = @@character_set_client */;
/*!50503 SET character_set_client = utf8mb4 */;
CREATE TABLE `altas_motivos_rech` (
  `id` tinyint(3) unsigned NOT NULL AUTO_INCREMENT,
  `orden` tinyint(3) unsigned NOT NULL,
  `comentario` varchar(41) NOT NULL,
  `bloqueo_perm_inputs` tinyint(1) DEFAULT 0,
  `prod` tinyint(1) DEFAULT 0,
  `rclv` tinyint(1) DEFAULT 0,
  `links` tinyint(1) DEFAULT 0,
  `duracion` decimal(4,1) unsigned DEFAULT 0.0,
  PRIMARY KEY (`id`)
) ENGINE=InnoDB AUTO_INCREMENT=101 DEFAULT CHARSET=utf8mb4;
/*!40101 SET character_set_client = @saved_cs_client */;

--
-- Dumping data for table `altas_motivos_rech`
--

LOCK TABLES `altas_motivos_rech` WRITE;
/*!40000 ALTER TABLE `altas_motivos_rech` DISABLE KEYS */;
INSERT INTO `altas_motivos_rech` VALUES (11,1,'Producto duplicado',0,1,0,0,0.2),(12,2,'Producto ajeno a nuestro perfil',0,1,0,0,1.0),(13,3,'Producto ofensivo a nuestro perfil',1,1,0,0,90.0),(14,4,'Producto ofensivo con pornografía',1,1,0,0,180.0),(21,1,'Link reemplazado por otro más acorde',0,0,0,1,0.0),(22,2,'Link a video no disponible',0,0,0,1,0.2),(23,3,'Link a video sin relación con el producto',0,0,0,1,10.0),(24,4,'Link a video sin relación y ofensivo',1,0,0,1,90.0),(31,1,'Nombre mal escrito',0,0,1,0,0.2),(32,2,'Nombre spam',0,0,1,0,1.0),(33,3,'Nombre spam c/saña',0,0,1,0,5.0),(34,4,'En desuso',0,0,1,0,0.0),(100,100,'Otro motivo',0,1,1,1,0.0);
/*!40000 ALTER TABLE `altas_motivos_rech` ENABLE KEYS */;
UNLOCK TABLES;

--
-- Table structure for table `aux_banco_imagenes`
--

DROP TABLE IF EXISTS `aux_banco_imagenes`;
/*!40101 SET @saved_cs_client     = @@character_set_client */;
/*!50503 SET character_set_client = utf8mb4 */;
CREATE TABLE `aux_banco_imagenes` (
  `id` smallint(5) unsigned NOT NULL AUTO_INCREMENT,
  `dia_del_ano_id` smallint(5) unsigned NOT NULL,
  `nombre` varchar(45) NOT NULL,
  `nombre_archivo` varchar(45) DEFAULT NULL,
  `personaje_id` smallint(5) unsigned DEFAULT NULL,
  `hecho_id` smallint(5) unsigned DEFAULT NULL,
  `valor_id` smallint(5) unsigned DEFAULT NULL,
  PRIMARY KEY (`id`),
  UNIQUE KEY `id` (`id`),
  UNIQUE KEY `nombre_archivo` (`nombre_archivo`),
  KEY `dia_del_ano_id` (`dia_del_ano_id`),
  KEY `aux_banco_fotos_FK` (`personaje_id`),
  KEY `aux_banco_fotos_FK_1` (`hecho_id`),
  KEY `aux_banco_fotos_FK_2` (`valor_id`),
  CONSTRAINT `aux_banco_fotos_FK` FOREIGN KEY (`personaje_id`) REFERENCES `rclv_1personajes` (`id`),
  CONSTRAINT `aux_banco_fotos_FK_1` FOREIGN KEY (`hecho_id`) REFERENCES `rclv_2hechos` (`id`),
  CONSTRAINT `aux_banco_fotos_FK_2` FOREIGN KEY (`valor_id`) REFERENCES `rclv_3valores` (`id`),
  CONSTRAINT `aux_banco_imagenes_ibfk_1` FOREIGN KEY (`dia_del_ano_id`) REFERENCES `rclv_dias` (`id`)
) ENGINE=InnoDB AUTO_INCREMENT=53 DEFAULT CHARSET=utf8mb4;
/*!40101 SET character_set_client = @saved_cs_client */;

--
-- Dumping data for table `aux_banco_imagenes`
--

LOCK TABLES `aux_banco_imagenes` WRITE;
/*!40000 ALTER TABLE `aux_banco_imagenes` DISABLE KEYS */;
INSERT INTO `aux_banco_imagenes` VALUES (1,4,'Santa Isabel Bayley Setton','Anne-Setton.jpg',NULL,NULL,NULL),(2,31,'Don Bosco','Don-Bosco.jpg',NULL,NULL,NULL),(3,42,'Nuestra Señora de Lourdes','Nuestra-madre-en-Lourdes.jpg',NULL,NULL,NULL),(4,42,'Nuestra Señora de Lourdes','Nuestra-madre-en-Lourdes\'.jpg',NULL,NULL,NULL),(5,51,'Santos Francisco y Jacinta Marto','Pastorcitos-de-Fatima.jpg',NULL,NULL,NULL),(6,54,'San Policarpo de Esmirna','Policarpo-de-Esmirna.jpg',NULL,NULL,NULL),(7,84,'Monseñor Oscar Arnulfo Romero','Oscar-Romero.jpg',NULL,NULL,NULL),(8,98,'San Juan Bautista de la Salle','Juan-Bautista-de-la-Salle.jpg',NULL,NULL,NULL),(9,132,'Beato Mamerto Esquiú','Mamerto-Esquiu.jpg',NULL,NULL,NULL),(10,134,'Nuestra Señora de Fátima','Nuestra-madre-en-Fátima.jpg',NULL,NULL,NULL),(11,136,'San Isidro Labrador','Isidro-Labrador.jpg',NULL,NULL,NULL),(12,143,'Santa Rita de Cascia','Rita-de-Casia.jpg',NULL,NULL,NULL),(14,147,'San Felipe Neri','Felipe-Neri.jpg',NULL,NULL,NULL),(15,181,'Santos Pedro y Pablo','Pedro-y-Pablo.jpg',NULL,NULL,NULL),(16,194,'Santos Luis y Celia Martín','Celia-y-Luis-Martín.jpg',NULL,NULL,NULL),(17,195,'Santa Teresa de Los Andes','Teresa-de-los-Andes.jpg',NULL,NULL,NULL),(18,213,'San Ignacio de Loyola','Ignacio-de-Loyola.jpg',NULL,NULL,NULL),(19,231,'San Alberto Hurtado','Alberto-Hurtado.jpg',NULL,NULL,NULL),(20,240,'Santa Mónica','Monica-y-su-hijo-Agustin.jpg',NULL,NULL,NULL),(21,241,'San Agustín de Hipona','Agustin-de-Hipona',NULL,NULL,NULL),(22,243,'Santa Rosa de Lima','Rosa-de-Lima.jpg',NULL,NULL,NULL),(23,249,'Madre Teresa (de Calcuta)','Madre-Teresa.jpg',NULL,NULL,NULL),(24,262,'San José de Cupertino','Jose-Cupertino.jpg',NULL,NULL,NULL),(26,267,'Padre Pío (san Pio de Pietrelcina)','Padre-Pío.jpg',NULL,NULL,NULL),(27,271,'San Vicente de Paul','Vicente-de-Paul.jpg',NULL,NULL,NULL),(28,275,'Santa Teresita del Niño Jesús','Teresita-de-Lisieux.jpg',NULL,NULL,NULL),(29,279,'Santa Faustina Kowalska','Faustina-Kowalska.jpg',NULL,NULL,NULL),(30,279,'Santa Faustina Kowalska','Faustina-Kowalska\'.jpg',NULL,NULL,NULL),(31,285,'San Juan XXIII','Juan-XXIII.jpg',NULL,NULL,NULL),(32,296,'Papa Juan Pablo II','Juan-Pablo-II.jpg',NULL,NULL,NULL),(33,296,'Papa Juan Pablo II','Juan-Pablo-II\'.jpg',NULL,NULL,NULL),(34,298,'San Antonio Ma. Claret','Antonio-Claret.jpg',NULL,NULL,NULL),(35,308,'San Martín de Porres','Martin-de-Porres.jpg',NULL,NULL,NULL),(36,316,'San Martín de Tours','Martin-Tours.jpg',NULL,NULL,NULL),(37,330,'Beatos Luis y María Beltrame Quattrocchi','Beltrame-Quattrocchi.jpg',NULL,NULL,NULL),(44,332,'Nuestra Señora de la Medalla Milagrosa','Nuestra-madre-Medalla-Milagrosa.jpg',NULL,NULL,NULL),(45,344,'San Juan Diego','Juan Diego.jpg',NULL,NULL,NULL),(46,347,'Nuestra Señora de Guadalupe','Nuestra-madre-en-Guadalupe.jpg',NULL,NULL,NULL),(47,361,'Sagrada Familia','Sagrada-Familia.jpg',NULL,NULL,NULL),(48,360,'Navidad','Navidad.jpg',NULL,NULL,NULL),(49,360,'Navidad','Navidad\'.jpg',NULL,NULL,NULL),(50,24,'San Francisco de Sales','Francisco-de-Sales.jpg',NULL,NULL,NULL),(51,49,'Santa Bernardita Soubirous','Bernadette.jpg',NULL,NULL,NULL),(52,49,'Santa Bernardita Soubirous','Bernadette\'.jpg',NULL,NULL,NULL);
/*!40000 ALTER TABLE `aux_banco_imagenes` ENABLE KEYS */;
UNLOCK TABLES;

--
-- Table structure for table `aux_historial_de_cambios_de_status`
--

DROP TABLE IF EXISTS `aux_historial_de_cambios_de_status`;
/*!40101 SET @saved_cs_client     = @@character_set_client */;
/*!50503 SET character_set_client = utf8mb4 */;
CREATE TABLE `aux_historial_de_cambios_de_status` (
  `id` int(10) unsigned NOT NULL AUTO_INCREMENT,
  `entidad_id` int(10) unsigned NOT NULL,
  `entidad` varchar(11) NOT NULL,
  `motivo_id` tinyint(3) unsigned DEFAULT NULL,
  `sugerido_por_id` int(10) unsigned NOT NULL,
  `sugerido_en` datetime NOT NULL,
  `analizado_por_id` int(10) unsigned NOT NULL,
  `analizado_en` datetime NOT NULL,
  `status_original_id` tinyint(3) unsigned NOT NULL,
  `status_final_id` tinyint(3) unsigned NOT NULL,
  `aprobado` tinyint(1) NOT NULL,
  `duracion` decimal(4,1) unsigned DEFAULT NULL,
  `comunicado_en` datetime DEFAULT NULL,
  PRIMARY KEY (`id`),
  KEY `sugerido_por_id` (`sugerido_por_id`),
  KEY `analizado_por_id` (`analizado_por_id`),
  KEY `motivo_id` (`motivo_id`),
  KEY `status_original_id` (`status_original_id`),
  KEY `status_final_id` (`status_final_id`),
  CONSTRAINT `aux_historial_de_cambios_de_status_ibfk_1` FOREIGN KEY (`sugerido_por_id`) REFERENCES `usuarios` (`id`),
  CONSTRAINT `aux_historial_de_cambios_de_status_ibfk_2` FOREIGN KEY (`analizado_por_id`) REFERENCES `usuarios` (`id`),
  CONSTRAINT `aux_historial_de_cambios_de_status_ibfk_3` FOREIGN KEY (`motivo_id`) REFERENCES `altas_motivos_rech` (`id`),
  CONSTRAINT `aux_historial_de_cambios_de_status_ibfk_4` FOREIGN KEY (`status_original_id`) REFERENCES `aux_status_registro` (`id`),
  CONSTRAINT `aux_historial_de_cambios_de_status_ibfk_5` FOREIGN KEY (`status_final_id`) REFERENCES `aux_status_registro` (`id`)
) ENGINE=InnoDB DEFAULT CHARSET=utf8mb4;
/*!40101 SET character_set_client = @saved_cs_client */;

--
-- Dumping data for table `aux_historial_de_cambios_de_status`
--

LOCK TABLES `aux_historial_de_cambios_de_status` WRITE;
/*!40000 ALTER TABLE `aux_historial_de_cambios_de_status` DISABLE KEYS */;
/*!40000 ALTER TABLE `aux_historial_de_cambios_de_status` ENABLE KEYS */;
UNLOCK TABLES;

--
-- Table structure for table `aux_idiomas`
--

DROP TABLE IF EXISTS `aux_idiomas`;
/*!40101 SET @saved_cs_client     = @@character_set_client */;
/*!50503 SET character_set_client = utf8mb4 */;
CREATE TABLE `aux_idiomas` (
  `id` varchar(2) NOT NULL,
  `nombre` varchar(100) NOT NULL,
  `mas_frecuente` tinyint(1) DEFAULT 0,
  PRIMARY KEY (`id`),
  UNIQUE KEY `id` (`id`)
) ENGINE=InnoDB DEFAULT CHARSET=utf8mb4;
/*!40101 SET character_set_client = @saved_cs_client */;

--
-- Dumping data for table `aux_idiomas`
--

LOCK TABLES `aux_idiomas` WRITE;
/*!40000 ALTER TABLE `aux_idiomas` DISABLE KEYS */;
INSERT INTO `aux_idiomas` VALUES ('aa','Afar',0),('ab','Abjasio',0),('ae','Avéstico',0),('af','Afrikáans',0),('ak','Akano',0),('am','Amhárico',0),('an','Aragonés',0),('ar','Árabe',0),('as','Asamés',0),('av','Ávaro',0),('ay','Aimara',0),('az','Azerí',0),('ba','Baskir',0),('be','Bielorruso',0),('bg','Búlgaro',0),('bh','Bhoyapurí',0),('bi','Bislama',0),('bm','Bambara',0),('bn','Bengalí',0),('bo','Tibetano',0),('br','Bretón',0),('bs','Bosnio',0),('ca','Catalán',0),('ce','Checheno',0),('ch','Chamorro',0),('co','Corso',0),('cr','Cree',0),('cs','Checo',0),('cu','Eslavo eclesiástico',0),('cv','Chuvasio',0),('cy','Galés',0),('da','Danés',0),('de','Alemán',0),('dv','Maldivo',0),('dz','Dzongkha',0),('ee','Ewé',0),('el','Griego',0),('en','Inglés',1),('eo','Esperanto',0),('es','Castellano',1),('et','Estonio',0),('eu','Euskera',0),('fa','Persa',0),('ff','Fula',0),('fi','Finés',0),('fj','Fiyiano',0),('fo','Feroés',0),('fr','Francés',1),('fy','Frisón',0),('ga','Gaélico',0),('gd','Gaélico escocés',0),('gl','Gallego',0),('gn','Guaraní',0),('gu','Guyaratí',0),('gv','Gaélico manés',0),('ha','Hausa',0),('he','Hebreo',0),('hi','Hindi',0),('ho','Hiri motu',0),('hr','Croata',0),('ht','Haitiano',0),('hu','Húngaro',0),('hy','Armenio',0),('hz','Herero',0),('ia','Interlingua',0),('id','Indonesio',0),('ie','Occidental',0),('ig','Igbo',0),('ii','Yi de Sichuán',0),('ik','Iñupiaq',0),('io','Ido',0),('is','Islandés',0),('it','Italiano',1),('iu','Inuktitut',0),('ja','Japonés',0),('jv','Javanés',0),('ka','Georgiano',0),('kg','Kongo',0),('ki','Kikuyu',0),('kj','Kuanyama',0),('kk','Kazajo',0),('kl','Kalaallisut',0),('km','Camboyano',0),('kn','Canarés',0),('ko','Coreano',0),('kr','Kanuri',0),('ks','Cachemiro',0),('ku','Kurdo',0),('kv','Komi',0),('kw','Córnico',0),('ky','Kirguís',0),('la','Latín',0),('lb','Luxemburgués',0),('lg','Luganda',0),('li','Limburgués',0),('ln','Lingala',0),('lo','Lao',0),('lt','Lituano',0),('lu','Luba-katanga',0),('lv','Letón',0),('mg','Malgache',0),('mh','Marshalés',0),('mi','Maorí',0),('mk','Macedonio',0),('ml','Malayalam',0),('mn','Mongol',0),('mr','Maratí',0),('ms','Malayo',0),('mt','Maltés',0),('my','Birmano',0),('na','Nauruano',0),('nb','Noruego bokmål',0),('nd','Ndebele del norte',0),('ne','Nepalí',0),('ng','Ndonga',0),('nl','Neerlandés',0),('nn','Nynorsk',0),('no','Noruego',0),('nr','Ndebele del sur',0),('nv','Navajo',0),('ny','Chichewa',0),('oc','Occitano',0),('oj','Ojibwa',0),('om','Oromo',0),('or','Oriya',0),('os','Osético',0),('ot','Otro idioma',0),('pa','Panyabí',0),('pi','Pali',0),('pl','Polaco',0),('ps','Pastú',0),('pt','Portugués',0),('qu','Quechua',0),('rm','Romanche',0),('rn','Kirundi',0),('ro','Rumano',0),('ru','Ruso',0),('rw','Ruandés',0),('sa','Sánscrito',0),('sc','Sardo',0),('sd','Sindhi',0),('se','Sami septentrional',0),('sg','Sango',0),('si','Cingalés',0),('sk','Eslovaco',0),('sl','Esloveno',0),('sm','Samoano',0),('sn','Shona',0),('so','Somalí',0),('sq','Albanés',0),('sr','Serbio',0),('ss','Suazi',0),('st','Sesotho',0),('su','Sundanés',0),('sv','Sueco',0),('sw','Suajili',0),('ta','Tamil',0),('te','Télugu',0),('tg','Tayiko',0),('th','Tailandés',0),('ti','Tigriña',0),('tk','Turcomano',0),('tl','Tagalo',0),('tn','Setsuana',0),('to','Tongano',0),('tr','Turco',0),('ts','Tsonga',0),('tt','Tártaro',0),('tw','Twi',0),('ty','Tahitiano',0),('ug','Uigur',0),('uk','Ucraniano',0),('ur','Urdu',0),('uz','Uzbeko',0),('ve','Venda',0),('vi','Vietnamita',0),('vo','Volapük',0),('wa','Valón',0),('wo','Wolof',0),('xh','Xhosa',0),('yi','Yídish',0),('yo','Yoruba',0),('za','Zhuang',0),('zh','Chino',0),('zu','Zulú',0);
/*!40000 ALTER TABLE `aux_idiomas` ENABLE KEYS */;
UNLOCK TABLES;

--
-- Table structure for table `aux_paises`
--

DROP TABLE IF EXISTS `aux_paises`;
/*!40101 SET @saved_cs_client     = @@character_set_client */;
/*!50503 SET character_set_client = utf8mb4 */;
CREATE TABLE `aux_paises` (
  `id` varchar(2) NOT NULL,
  `alpha3code` varchar(3) NOT NULL,
  `nombre` varchar(100) NOT NULL,
  `continente` varchar(20) NOT NULL,
  `idioma` varchar(50) NOT NULL,
  `zona_horaria` tinyint(4) NOT NULL,
  `bandera` varchar(10) NOT NULL,
  PRIMARY KEY (`id`),
  UNIQUE KEY `id` (`id`)
) ENGINE=InnoDB DEFAULT CHARSET=utf8mb4;
/*!40101 SET character_set_client = @saved_cs_client */;

--
-- Dumping data for table `aux_paises`
--

LOCK TABLES `aux_paises` WRITE;
/*!40000 ALTER TABLE `aux_paises` DISABLE KEYS */;
INSERT INTO `aux_paises` VALUES ('AD','AND','Andorra','Europa','Catalan',1,'and.svg'),('AE','ARE','Emiratos Árabes Unidos','Asia','Arabic',4,'are.svg'),('AF','AFG','Afganistán','Asia','Pashto',4,'afg.svg'),('AG','ATG','Antigua y Barbuda','América','English',-4,'atg.svg'),('AI','AIA','Anguila','América','English',-4,'aia.svg'),('AL','ALB','Albania','Europa','Albanian',1,'alb.svg'),('AM','ARM','Armenia','Asia','Armenian',4,'arm.svg'),('AO','AGO','Angola','Africa','Portuguese',1,'ago.svg'),('AQ','ATA','Antártida','Polar','English',-3,'ata.svg'),('AR','ARG','Argentina','América','Spanish',-3,'arg.svg'),('AS','ASM','Samoa Americana','Oceanía','English',-11,'asm.svg'),('AT','AUT','Austria','Europa','German',1,'aut.svg'),('AU','AUS','Australia','Oceanía','English',5,'aus.svg'),('AW','ABW','Aruba','América','Dh',-4,'abw.svg'),('AX','ALA','Aland','Europa','Swedish',2,'ala.svg'),('AZ','AZE','Azerbaiyán','Asia','Azerbaijani',4,'aze.svg'),('BA','BIH','Bosnia y Herzegovina','Europa','Bosnian',1,'bih.svg'),('BB','BRB','Barbados','América','English',-4,'brb.svg'),('BD','BGD','Bangladés','Asia','Bengali',6,'bgd.svg'),('BE','BEL','Bélgica','Europa','Dh',1,'bel.svg'),('BF','BFA','Burkina Faso','Africa','French',0,'bfa.svg'),('BG','BGR','Bulgaria','Europa','Bulgarian',2,'bgr.svg'),('BH','BHR','Baréin','Asia','Arabic',3,'bhr.svg'),('BI','BDI','Burundi','Africa','French',2,'bdi.svg'),('BJ','BEN','Benín','Africa','French',1,'ben.svg'),('BL','BLM','San Bartolomé','América','French',-4,'blm.svg'),('BM','BMU','Bermudas','América','English',-4,'bmu.svg'),('BN','BRN','Brunéi','Asia','Malay',8,'brn.svg'),('BO','BOL','Bolivia','América','Spanish',-4,'bol.svg'),('BQ','BES','Bonaire, San Eustaquio y Saba','América','Dh',-4,'bes.svg'),('BR','BRA','Brasil','América','Portuguese',-5,'bra.svg'),('BS','BHS','Bahamas','América','English',-5,'bhs.svg'),('BT','BTN','Bután','Asia','Dzongkha',6,'btn.svg'),('BV','BVT','Isla Bouvet','Polar','Norwegian',1,'bvt.svg'),('BW','BWA','Botswana','Africa','English',2,'bwa.svg'),('BY','BLR','Bielorrusia','Europa','Belarusian',3,'blr.svg'),('BZ','BLZ','Belice','América','English',-6,'blz.svg'),('CA','CAN','Canadá','América','English',-8,'can.svg'),('CC','CCK','Islas Cocos','Oceanía','English',6,'cck.svg'),('CD','COD','Congo','Africa','French',1,'cod.svg'),('CF','CAF','República Centroafricana','Africa','French',1,'caf.svg'),('CG','COG','República del Congo','Africa','French',1,'cog.svg'),('CH','CHE','Suiza','Europa','German',1,'che.svg'),('CI','CIV','Costa de Marfil','Africa','French',0,'civ.svg'),('CK','COK','Islas Cook','Oceanía','English',-10,'cok.svg'),('CL','CHL','Chile','América','Spanish',-6,'chl.svg'),('CM','CMR','Camerún','Africa','English',1,'cmr.svg'),('CN','CHN','China','Asia','Chinese',8,'chn.svg'),('CO','COL','Colombia','América','Spanish',-5,'col.svg'),('CR','CRI','Costa Rica','América','Spanish',-6,'cri.svg'),('CU','CUB','Cuba','América','Spanish',-5,'cub.svg'),('CV','CPV','Cabo Verde','Africa','Portuguese',-1,'cpv.svg'),('CW','CUW','Curazao','América','Dh',-4,'cuw.svg'),('CX','CXR','Isla de Navidad','Oceanía','English',7,'cxr.svg'),('CY','CYP','Chipre','Europa','Greek modern',2,'cyp.svg'),('CZ','CZE','República Checa','Europa','Czech',1,'cze.svg'),('DE','DEU','Alemania','Europa','German',1,'deu.svg'),('DJ','DJI','Yibuti','Africa','French',3,'dji.svg'),('DK','DNK','Dinamarca','Europa','Danish',-4,'dnk.svg'),('DM','DMA','Dominica','América','English',-4,'dma.svg'),('DO','DOM','República Dominicana','América','Spanish',-4,'dom.svg'),('DZ','DZA','Argelia','Africa','Arabic',1,'dza.svg'),('EC','ECU','Ecuador','América','Spanish',-6,'ecu.svg'),('EE','EST','Estonia','Europa','Estonian',2,'est.svg'),('EG','EGY','Egipto','Africa','Arabic',2,'egy.svg'),('EH','ESH','República Árabe Saharaui','Africa','Arabic',0,'esh.svg'),('ER','ERI','Eritrea','Africa','Tigrinya',3,'eri.svg'),('ES','ESP','España','Europa','Spanish',1,'esp.svg'),('ET','ETH','Etiopía','Africa','Amharic',3,'eth.svg'),('FI','FIN','Finlandia','Europa','Finnish',2,'fin.svg'),('FJ','FJI','Fiyi','Oceanía','English',12,'fji.svg'),('FK','FLK','Islas Malvinas','América','English',-4,'flk.svg'),('FM','FSM','Micronesia','Oceanía','English',10,'fsm.svg'),('FO','FRO','Islas Feroe','Europa','Faroese',0,'fro.svg'),('FR','FRA','Francia','Europa','French',-10,'fra.svg'),('GA','GAB','Gabón','Africa','French',1,'gab.svg'),('GB','GBR','Reino Unido','Europa','English',-8,'gbr.svg'),('GD','GRD','Granada','América','English',-4,'grd.svg'),('GE','GEO','Georgia','Asia','Georgian',-5,'geo.svg'),('GF','GUF','Guayana Francesa','América','French',-3,'guf.svg'),('GG','GGY','Guernsey','Europa','English',0,'ggy.svg'),('GH','GHA','Ghana','Africa','English',0,'gha.svg'),('GI','GIB','Gibraltar','Europa','English',1,'gib.svg'),('GL','GRL','Groenlandia','América','Kalaallisut',-4,'grl.svg'),('GM','GMB','Gambia','Africa','English',0,'gmb.svg'),('GN','GIN','Guinea','Africa','French',0,'gin.svg'),('GP','GLP','Guadalupe','América','French',-4,'glp.svg'),('GQ','GNQ','Guinea Ecuatorial','Africa','Spanish',1,'gnq.svg'),('GR','GRC','Grecia','Europa','Greek modern',2,'grc.svg'),('GS','SGS','Islas Georgias del Sur','América','English',-2,'sgs.svg'),('GT','GTM','Guatemala','América','Spanish',-6,'gtm.svg'),('GU','GUM','Guam','Oceanía','English',10,'gum.svg'),('GW','GNB','Guinea-Bisáu','Africa','Portuguese',0,'gnb.svg'),('GY','GUY','Guyana','América','English',-4,'guy.svg'),('HK','HKG','Hong Kong','Asia','English',8,'hkg.svg'),('HM','HMD','Islas Heard y McDonald','Oceanía','English',5,'hmd.svg'),('HN','HND','Honduras','América','Spanish',-6,'hnd.svg'),('HR','HRV','Croacia','Europa','Croatian',1,'hrv.svg'),('HT','HTI','Haití','América','French',-5,'hti.svg'),('HU','HUN','Hungría','Europa','Hungarian',1,'hun.svg'),('ID','IDN','Indonesia','Asia','Indonesian',7,'idn.svg'),('IE','IRL','Irlanda','Europa','Irish',0,'irl.svg'),('IL','ISR','Israel','Asia','Hebrew modern',2,'isr.svg'),('IM','IMN','Isla de Man','Europa','English',0,'imn.svg'),('IN','IND','India','Asia','Hindi',5,'ind.svg'),('IO','IOT','Territorio Británico Índico','Africa','English',6,'iot.svg'),('IQ','IRQ','Irak','Asia','Arabic',3,'irq.svg'),('IR','IRN','Irán','Asia','Persian Farsi',3,'irn.svg'),('IS','ISL','Islandia','Europa','Icelandic',0,'isl.svg'),('IT','ITA','Italia','Europa','Italian',1,'ita.svg'),('JE','JEY','Jersey','Europa','English',1,'jey.svg'),('JM','JAM','Jamaica','América','English',-5,'jam.svg'),('JO','JOR','Jordania','Asia','Arabic',3,'jor.svg'),('JP','JPN','Japón','Asia','Japanese',9,'jpn.svg'),('KE','KEN','Kenia','Africa','English',3,'ken.svg'),('KG','KGZ','Kirguistán','Asia','Kyrgyz',6,'kgz.svg'),('KH','KHM','Camboya','Asia','Khmer',7,'khm.svg'),('KI','KIR','Kiribati','Oceanía','English',12,'kir.svg'),('KM','COM','Comoras','Africa','Arabic',3,'com.svg'),('KN','KNA','San Cristóbal y Nieves','América','English',-4,'kna.svg'),('KP','PRK','Corea del Norte','Asia','Korean',9,'prk.svg'),('KR','KOR','Corea del Sur','Asia','Korean',9,'kor.svg'),('KW','KWT','Kuwait','Asia','Arabic',3,'kwt.svg'),('KY','CYM','Islas Caimán','América','English',-5,'cym.svg'),('KZ','KAZ','Kazajistán','Asia','Kazakh',5,'kaz.svg'),('LA','LAO','Laos','Asia','Lao',7,'lao.svg'),('LB','LBN','Líbano','Asia','Arabic',2,'lbn.svg'),('LC','LCA','Santa Lucía','América','English',-4,'lca.svg'),('LI','LIE','Liechtenstein','Europa','German',1,'lie.svg'),('LK','LKA','Sri Lanka','Asia','Sinhalese',5,'lka.svg'),('LR','LBR','Liberia','Africa','English',0,'lbr.svg'),('LS','LSO','Lesoto','Africa','English',2,'lso.svg'),('LT','LTU','Lituania','Europa','Lithuanian',2,'ltu.svg'),('LU','LUX','Luxemburgo','Europa','French',1,'lux.svg'),('LV','LVA','Letonia','Europa','Latvian',2,'lva.svg'),('LY','LBY','Libia','Africa','Arabic',1,'lby.svg'),('MA','MAR','Marruecos','Africa','Arabic',1,'mar.svg'),('MC','MCO','Mónaco','Europa','French',1,'mco.svg'),('MD','MDA','Moldavia','Europa','Romanian',2,'mda.svg'),('ME','MNE','Montenegro','Europa','Serbian',1,'mne.svg'),('MF','MAF','San Martín','América','English',-4,'maf.svg'),('MG','MDG','Madagascar','Africa','French',3,'mdg.svg'),('MH','MHL','Islas Marshall','Oceanía','English',12,'mhl.svg'),('MK','MKD','Macedonia del Norte','Europa','Macedonian',1,'mkd.svg'),('ML','MLI','Malí','Africa','French',0,'mli.svg'),('MM','MMR','Myanmar','Asia','Burmese',6,'mmr.svg'),('MN','MNG','Mongolia','Asia','Mongolian',7,'mng.svg'),('MO','MAC','Macao','Asia','Chinese',8,'mac.svg'),('MP','MNP','Islas Marianas del Norte','Oceanía','English',10,'mnp.svg'),('MQ','MTQ','Martinica','América','French',-4,'mtq.svg'),('MR','MRT','Mauritania','Africa','Arabic',0,'mrt.svg'),('MS','MSR','Montserrat','América','English',-4,'msr.svg'),('MT','MLT','Malta','Europa','Maltese',1,'mlt.svg'),('MU','MUS','Mauricio','Africa','English',4,'mus.svg'),('MV','MDV','Maldivas','Asia','Divehi',5,'mdv.svg'),('MW','MWI','Malaui','Africa','English',2,'mwi.svg'),('MX','MEX','México','América','Spanish',-8,'mex.svg'),('MY','MYS','Malasia','Asia','Malaysian',8,'mys.svg'),('MZ','MOZ','Mozambique','Africa','Portuguese',2,'moz.svg'),('NA','NAM','Namibia','Africa','English',1,'nam.svg'),('NC','NCL','Nueva Caledonia','Oceanía','French',11,'ncl.svg'),('NE','NER','Níger','Africa','French',1,'ner.svg'),('NF','NFK','Isla Norfolk','Oceanía','English',11,'nfk.svg'),('NG','NGA','Nigeria','Africa','English',1,'nga.svg'),('NI','NIC','Nicaragua','América','Spanish',-6,'nic.svg'),('NL','NLD','Países Bajos','Europa','Dh',-4,'nld.svg'),('NO','NOR','Noruega','Europa','Norwegian',1,'nor.svg'),('NP','NPL','Nepal','Asia','Nepali',6,'npl.svg'),('NR','NRU','Nauru','Oceanía','English',12,'nru.svg'),('NU','NIU','Niue','Oceanía','English',-11,'niu.svg'),('NZ','NZL','Nueva Zelanda','Oceanía','English',-11,'nzl.svg'),('OM','OMN','Omán','Asia','Arabic',4,'omn.svg'),('PA','PAN','Panamá','América','Spanish',-5,'pan.svg'),('PE','PER','Perú','América','Spanish',-5,'per.svg'),('PF','PYF','Polinesia Francesa','Oceanía','French',-10,'pyf.svg'),('PG','PNG','Papúa Nueva Guinea','Oceanía','English',10,'png.svg'),('PH','PHL','Filipinas','Asia','English',8,'phl.svg'),('PK','PAK','Pakistán','Asia','English',5,'pak.svg'),('PL','POL','Polonia','Europa','Polish',1,'pol.svg'),('PM','SPM','San Pedro y Miquelón','América','French',-3,'spm.svg'),('PN','PCN','Islas Pitcairn','Oceanía','English',-8,'pcn.svg'),('PR','PRI','Puerto Rico','América','Spanish',-4,'pri.svg'),('PS','PSE','Palestina','Asia','Arabic',2,'pse.svg'),('PT','PRT','Portugal','Europa','Portuguese',-1,'prt.svg'),('PW','PLW','Palaos','Oceanía','English',9,'plw.svg'),('PY','PRY','Paraguay','América','Spanish',-4,'pry.svg'),('QA','QAT','Catar','Asia','Arabic',3,'qat.svg'),('RE','REU','Reunión','Africa','French',4,'reu.svg'),('RO','ROU','Rumania','Europa','Romanian',2,'rou.svg'),('RS','SRB','Serbia','Europa','Serbian',1,'srb.svg'),('RU','RUS','Rusia','Europa','Russian',3,'rus.svg'),('RW','RWA','Ruanda','Africa','Kinyarwanda',2,'rwa.svg'),('SA','SAU','Arabia Saudita','Asia','Arabic',3,'sau.svg'),('SB','SLB','Islas Salomón','Oceanía','English',11,'slb.svg'),('SC','SYC','Seychelles','Africa','French',4,'syc.svg'),('SD','SDN','Sudán','Africa','Arabic',3,'sdn.svg'),('SE','SWE','Suecia','Europa','Swedish',1,'swe.svg'),('SG','SGP','Singapur','Asia','English',8,'sgp.svg'),('SH','SHN','Santa Elena','Africa','English',0,'shn.svg'),('SI','SVN','Eslovenia','Europa','Slovene',1,'svn.svg'),('SJ','SJM','Svalbard y Jan Mayen','Europa','Norwegian',1,'sjm.svg'),('SK','SVK','Eslovaquia','Europa','Slovak',1,'svk.svg'),('SL','SLE','Sierra Leona','Africa','English',0,'sle.svg'),('SM','SMR','San Marino','Europa','Italian',1,'smr.svg'),('SN','SEN','Senegal','Africa','French',0,'sen.svg'),('SO','SOM','Somalia','Africa','Somali',3,'som.svg'),('SR','SUR','Surinam','América','Dh',-3,'sur.svg'),('SS','SSD','Sudán del Sur','Africa','English',3,'ssd.svg'),('ST','STP','Santo Tomé y Príncipe','Africa','Portuguese',0,'stp.svg'),('SV','SLV','El Salvador','América','Spanish',-6,'slv.svg'),('SX','SXM','San Martín','América','Dh',-4,'sxm.svg'),('SY','SYR','Siria','Asia','Arabic',2,'syr.svg'),('SZ','SWZ','Suazilandia','Africa','English',2,'swz.svg'),('TC','TCA','Islas Turcas y Caicos','América','English',-4,'tca.svg'),('TD','TCD','Chad','Africa','French',1,'tcd.svg'),('TF','ATF','Tierras Antárticas Francesas','Africa','French',5,'atf.svg'),('TG','TGO','Togo','Africa','French',0,'tgo.svg'),('TH','THA','Tailandia','Asia','Thai',7,'tha.svg'),('TJ','TJK','Tayikistán','Asia','Tajik',5,'tjk.svg'),('TK','TKL','Tokelau','Oceanía','English',12,'tkl.svg'),('TL','TLS','Timor Oriental','Asia','Portuguese',9,'tls.svg'),('TM','TKM','Turkmenistán','Asia','Turkmen',5,'tkm.svg'),('TN','TUN','Túnez','Africa','Arabic',1,'tun.svg'),('TO','TON','Tonga','Oceanía','English',12,'ton.svg'),('TR','TUR','Turquía','Asia','Turkish',3,'tur.svg'),('TT','TTO','Trinidad y Tobago','América','English',-4,'tto.svg'),('TV','TUV','Tuvalu','Oceanía','English',12,'tuv.svg'),('TW','TWN','Taiwán','Asia','Chinese',8,'twn.svg'),('TZ','TZA','Tanzania','Africa','Swahili',3,'tza.svg'),('UA','UKR','Ucrania','Europa','Ukrainian',2,'ukr.svg'),('UG','UGA','Uganda','Africa','English',3,'uga.svg'),('UM','UMI','Islas Menores de EE.UU.','América','English',-11,'umi.svg'),('US','USA','Estados Unidos','América','English',-12,'usa.svg'),('UY','URY','Uruguay','América','Spanish',-3,'ury.svg'),('UZ','UZB','Uzbekistán','Asia','Uzbek',5,'uzb.svg'),('VA','VAT','Ciudad del Vaticano','Europa','Latin',1,'vat.svg'),('VC','VCT','San Vicente y las Granadinas','América','English',-4,'vct.svg'),('VE','VEN','Venezuela','América','Spanish',-4,'ven.svg'),('VG','VGB','Islas Vírgenes Británicas','América','English',-4,'vgb.svg'),('VI','VIR','Islas Vírgenes de EE.UU.','América','English',-4,'vir.svg'),('VN','VNM','Vietnam','Asia','Vietnamese',7,'vnm.svg'),('VU','VUT','Vanuatu','Oceanía','Bislama',11,'vut.svg'),('WF','WLF','Wallis y Futuna','Oceanía','French',12,'wlf.svg'),('WS','WSM','Samoa','Oceanía','Samoan',12,'wsm.svg'),('XK','KOS','República de Kosovo','Europe','Albanian',1,'kos.svg'),('YE','YEM','Yemen','Asia','Arabic',3,'yem.svg'),('YT','MYT','Mayotte','Africa','French',3,'myt.svg'),('ZA','ZAF','Sudáfrica','Africa','Afrikaans',2,'zaf.svg'),('ZM','ZMB','Zambia','Africa','English',2,'zmb.svg'),('ZW','ZWE','Zimbabue','Africa','English',2,'zwe.svg');
/*!40000 ALTER TABLE `aux_paises` ENABLE KEYS */;
UNLOCK TABLES;

--
-- Table structure for table `aux_roles_iglesia`
--

DROP TABLE IF EXISTS `aux_roles_iglesia`;
/*!40101 SET @saved_cs_client     = @@character_set_client */;
/*!50503 SET character_set_client = utf8mb4 */;
CREATE TABLE `aux_roles_iglesia` (
  `id` varchar(3) NOT NULL,
  `orden` tinyint(3) unsigned NOT NULL,
  `nombre` varchar(100) NOT NULL,
  `usuario` tinyint(1) NOT NULL,
  `personaje` tinyint(1) NOT NULL,
  `varon` tinyint(1) NOT NULL,
  `mujer` tinyint(1) NOT NULL,
  PRIMARY KEY (`id`)
) ENGINE=InnoDB DEFAULT CHARSET=utf8mb4;
/*!40101 SET character_set_client = @saved_cs_client */;

--
-- Dumping data for table `aux_roles_iglesia`
--

LOCK TABLES `aux_roles_iglesia` WRITE;
/*!40000 ALTER TABLE `aux_roles_iglesia` DISABLE KEYS */;
INSERT INTO `aux_roles_iglesia` VALUES ('ALN',31,'Apóstol',0,0,1,0),('ALV',33,'Apóstol',0,1,1,0),('APM',39,'Apóstata',0,1,1,1),('APN',36,'Apóstata',0,0,1,1),('APV',38,'Apóstata',0,1,1,1),('APX',36,'Apóstatas',0,1,1,1),('FDR',99,'Fundador',0,0,0,0),('LAM',4,'Laica',1,0,0,1),('LAN',1,'Laico/a',1,0,1,1),('LAV',3,'Laico',1,0,1,0),('LAX',2,'Laicos',1,1,1,1),('LCM',9,'Laica casada',0,1,0,1),('LCN',6,'Laico/a casado/a',0,0,1,1),('LCV',8,'Laico casado',0,1,1,0),('LCX',7,'Laicos casados',0,1,1,1),('LSM',14,'Laica soltera',0,1,0,1),('LSN',11,'Laico/a soltero/a',0,0,1,1),('LSV',13,'Laico soltero',0,1,1,0),('LSX',12,'Laicos solteros',0,1,1,1),('NNM',44,'Ninguno',1,1,1,1),('NNN',41,'Ninguno',1,0,1,1),('NNV',43,'Ninguno',1,1,1,1),('NNX',42,'Ninguno',1,1,1,1),('PPN',26,'Papa',0,0,1,0),('PPV',28,'Papa',0,1,1,0),('REM',19,'Religiosa',1,1,0,1),('REN',16,'Religioso/a',1,0,1,1),('REV',18,'Religioso',1,1,1,0),('REX',17,'Religiosos',1,1,1,1),('SCN',21,'Sacerdote',1,0,1,0),('SCV',23,'Sacerdote',1,1,1,0);
/*!40000 ALTER TABLE `aux_roles_iglesia` ENABLE KEYS */;
UNLOCK TABLES;

--
-- Table structure for table `aux_sexos`
--

DROP TABLE IF EXISTS `aux_sexos`;
/*!40101 SET @saved_cs_client     = @@character_set_client */;
/*!50503 SET character_set_client = utf8mb4 */;
CREATE TABLE `aux_sexos` (
  `id` varchar(1) NOT NULL,
  `orden` tinyint(3) unsigned NOT NULL,
  `nombre` varchar(20) NOT NULL,
  `varon` tinyint(1) DEFAULT NULL,
  `mujer` tinyint(1) DEFAULT NULL,
  `letra_final` varchar(1) NOT NULL,
  PRIMARY KEY (`id`)
) ENGINE=InnoDB DEFAULT CHARSET=utf8mb4;
/*!40101 SET character_set_client = @saved_cs_client */;

--
-- Dumping data for table `aux_sexos`
--

LOCK TABLES `aux_sexos` WRITE;
/*!40000 ALTER TABLE `aux_sexos` DISABLE KEYS */;
INSERT INTO `aux_sexos` VALUES ('M',2,'Mujer',0,1,'a'),('V',1,'Varón',1,0,'o'),('X',3,'Mixto',1,1,'');
/*!40000 ALTER TABLE `aux_sexos` ENABLE KEYS */;
UNLOCK TABLES;

--
-- Table structure for table `aux_status_registro`
--

DROP TABLE IF EXISTS `aux_status_registro`;
/*!40101 SET @saved_cs_client     = @@character_set_client */;
/*!50503 SET character_set_client = utf8mb4 */;
CREATE TABLE `aux_status_registro` (
  `id` tinyint(3) unsigned NOT NULL AUTO_INCREMENT,
  `orden` tinyint(3) unsigned NOT NULL,
  `nombre` varchar(25) NOT NULL,
  `gr_creado` tinyint(1) DEFAULT 0,
  `gr_aprobado` tinyint(1) DEFAULT 0,
  `gr_estables` tinyint(1) DEFAULT 0,
  `gr_provisorios` tinyint(1) DEFAULT 0,
  `gr_pasivos` tinyint(1) DEFAULT 0,
  `gr_inactivos` tinyint(1) DEFAULT 0,
  `creado` tinyint(1) DEFAULT 0,
  `creado_aprob` tinyint(1) DEFAULT 0,
  `aprobado` tinyint(1) DEFAULT 0,
  `inactivar` tinyint(1) DEFAULT 0,
  `inactivo` tinyint(1) DEFAULT 0,
  `recuperar` tinyint(1) DEFAULT 0,
  PRIMARY KEY (`id`),
  UNIQUE KEY `nombre` (`nombre`)
) ENGINE=InnoDB AUTO_INCREMENT=7 DEFAULT CHARSET=utf8mb4;
/*!40101 SET character_set_client = @saved_cs_client */;

--
-- Dumping data for table `aux_status_registro`
--

LOCK TABLES `aux_status_registro` WRITE;
/*!40000 ALTER TABLE `aux_status_registro` DISABLE KEYS */;
INSERT INTO `aux_status_registro` VALUES (1,1,'Creado',1,0,0,0,0,0,1,0,0,0,0,0),(2,2,'Alta-aprobada',1,1,0,0,0,0,0,1,0,0,0,0),(3,3,'Aprobado',0,1,1,0,0,0,0,0,1,0,0,0),(4,4,'Inactivar',0,0,0,1,1,1,0,0,0,1,0,0),(5,5,'Inactivo',0,0,1,0,1,1,0,0,0,0,1,0),(6,6,'Recuperar',0,0,0,1,1,0,0,0,0,0,0,1);
/*!40000 ALTER TABLE `aux_status_registro` ENABLE KEYS */;
UNLOCK TABLES;

--
-- Table structure for table `cal_1registros`
--

DROP TABLE IF EXISTS `cal_1registros`;
/*!40101 SET @saved_cs_client     = @@character_set_client */;
/*!50503 SET character_set_client = utf8mb4 */;
CREATE TABLE `cal_1registros` (
  `id` int(10) unsigned NOT NULL AUTO_INCREMENT,
  `usuario_id` int(10) unsigned NOT NULL,
  `pelicula_id` int(10) unsigned DEFAULT NULL,
  `coleccion_id` int(10) unsigned DEFAULT NULL,
  `capitulo_id` int(10) unsigned DEFAULT NULL,
  `fe_valores` tinyint(3) unsigned NOT NULL,
  `entretiene` tinyint(3) unsigned NOT NULL,
  `calidad_tecnica` tinyint(3) unsigned NOT NULL,
  `calificacion` tinyint(3) unsigned NOT NULL,
  `creado_en` datetime DEFAULT utc_timestamp(),
  PRIMARY KEY (`id`),
  KEY `usuario_id` (`usuario_id`),
  KEY `pelicula_id` (`pelicula_id`),
  KEY `coleccion_id` (`coleccion_id`),
  KEY `capitulo_id` (`capitulo_id`),
  CONSTRAINT `cal_1registros_ibfk_1` FOREIGN KEY (`usuario_id`) REFERENCES `usuarios` (`id`),
  CONSTRAINT `cal_1registros_ibfk_2` FOREIGN KEY (`pelicula_id`) REFERENCES `prod_1peliculas` (`id`),
  CONSTRAINT `cal_1registros_ibfk_3` FOREIGN KEY (`coleccion_id`) REFERENCES `prod_2colecciones` (`id`),
  CONSTRAINT `cal_1registros_ibfk_4` FOREIGN KEY (`capitulo_id`) REFERENCES `prod_3capitulos` (`id`)
) ENGINE=InnoDB AUTO_INCREMENT=29 DEFAULT CHARSET=utf8mb4;
/*!40101 SET character_set_client = @saved_cs_client */;

--
-- Dumping data for table `cal_1registros`
--

LOCK TABLES `cal_1registros` WRITE;
/*!40000 ALTER TABLE `cal_1registros` DISABLE KEYS */;
INSERT INTO `cal_1registros` VALUES (1,2,1,NULL,NULL,100,75,100,92,'2022-12-20 22:50:33'),(2,2,2,NULL,NULL,100,75,100,92,'2022-12-20 22:50:33'),(3,2,3,NULL,NULL,100,100,100,100,'2022-12-20 22:50:33'),(4,2,4,NULL,NULL,100,100,100,100,'2022-12-20 22:50:33'),(5,2,5,NULL,NULL,100,75,100,92,'2022-12-20 22:50:33'),(6,2,NULL,1,NULL,75,75,100,80,'2022-12-20 22:50:33'),(7,2,NULL,2,NULL,75,75,100,80,'2022-12-20 22:50:33'),(8,10,6,NULL,NULL,100,75,100,0,'2022-12-21 11:13:50'),(9,10,7,NULL,NULL,75,75,50,0,'2022-12-21 16:16:13'),(10,10,NULL,3,NULL,100,75,100,0,'2022-12-21 17:46:45'),(11,10,9,NULL,NULL,75,75,100,0,'2022-12-22 01:47:30'),(12,10,10,NULL,NULL,50,50,50,0,'2022-12-22 02:29:27'),(13,10,NULL,4,NULL,75,75,100,0,'2022-12-22 03:38:09'),(15,10,11,NULL,NULL,75,100,100,0,'2022-12-23 23:24:07'),(16,10,12,NULL,NULL,100,75,100,0,'2022-12-23 23:28:34'),(17,10,13,NULL,NULL,75,75,100,0,'2022-12-29 20:37:05'),(18,10,14,NULL,NULL,100,75,50,0,'2022-12-31 13:18:00'),(19,10,15,NULL,NULL,75,75,100,0,'2023-01-01 21:03:25'),(20,10,16,NULL,NULL,50,50,100,0,'2023-01-01 21:22:39'),(21,10,17,NULL,NULL,75,75,100,0,'2023-01-01 22:06:18'),(22,10,18,NULL,NULL,50,50,50,0,'2023-01-01 22:13:10'),(26,10,21,NULL,NULL,50,50,100,0,'2023-01-02 02:08:26'),(27,10,NULL,7,NULL,100,75,100,0,'2023-01-05 19:40:26'),(28,10,NULL,14,NULL,50,100,100,0,'2023-01-08 00:30:15');
/*!40000 ALTER TABLE `cal_1registros` ENABLE KEYS */;
UNLOCK TABLES;

--
-- Table structure for table `cal_21fe_valores`
--

DROP TABLE IF EXISTS `cal_21fe_valores`;
/*!40101 SET @saved_cs_client     = @@character_set_client */;
/*!50503 SET character_set_client = utf8mb4 */;
CREATE TABLE `cal_21fe_valores` (
  `id` tinyint(3) unsigned NOT NULL AUTO_INCREMENT,
  `orden` tinyint(3) unsigned NOT NULL,
  `valor` tinyint(3) unsigned NOT NULL,
  `nombre` varchar(30) NOT NULL,
  PRIMARY KEY (`id`)
) ENGINE=InnoDB AUTO_INCREMENT=6 DEFAULT CHARSET=utf8mb4;
/*!40101 SET character_set_client = @saved_cs_client */;

--
-- Dumping data for table `cal_21fe_valores`
--

LOCK TABLES `cal_21fe_valores` WRITE;
/*!40000 ALTER TABLE `cal_21fe_valores` DISABLE KEYS */;
INSERT INTO `cal_21fe_valores` VALUES (1,5,0,'No'),(2,4,25,'Poco'),(3,3,50,'Moderado'),(4,2,75,'Sí'),(5,1,100,'Mucho');
/*!40000 ALTER TABLE `cal_21fe_valores` ENABLE KEYS */;
UNLOCK TABLES;

--
-- Table structure for table `cal_22entretiene`
--

DROP TABLE IF EXISTS `cal_22entretiene`;
/*!40101 SET @saved_cs_client     = @@character_set_client */;
/*!50503 SET character_set_client = utf8mb4 */;
CREATE TABLE `cal_22entretiene` (
  `id` tinyint(3) unsigned NOT NULL AUTO_INCREMENT,
  `orden` tinyint(3) unsigned NOT NULL,
  `valor` tinyint(3) unsigned NOT NULL,
  `nombre` varchar(30) NOT NULL,
  PRIMARY KEY (`id`)
) ENGINE=InnoDB AUTO_INCREMENT=6 DEFAULT CHARSET=utf8mb4;
/*!40101 SET character_set_client = @saved_cs_client */;

--
-- Dumping data for table `cal_22entretiene`
--

LOCK TABLES `cal_22entretiene` WRITE;
/*!40000 ALTER TABLE `cal_22entretiene` DISABLE KEYS */;
INSERT INTO `cal_22entretiene` VALUES (1,5,0,'No'),(2,4,25,'Poco'),(3,3,50,'Moderado'),(4,2,75,'Sí'),(5,1,100,'Mucho');
/*!40000 ALTER TABLE `cal_22entretiene` ENABLE KEYS */;
UNLOCK TABLES;

--
-- Table structure for table `cal_23calidad_tecnica`
--

DROP TABLE IF EXISTS `cal_23calidad_tecnica`;
/*!40101 SET @saved_cs_client     = @@character_set_client */;
/*!50503 SET character_set_client = utf8mb4 */;
CREATE TABLE `cal_23calidad_tecnica` (
  `id` tinyint(3) unsigned NOT NULL AUTO_INCREMENT,
  `orden` tinyint(3) unsigned NOT NULL,
  `valor` tinyint(3) unsigned NOT NULL,
  `nombre` varchar(30) NOT NULL,
  PRIMARY KEY (`id`)
) ENGINE=InnoDB AUTO_INCREMENT=4 DEFAULT CHARSET=utf8mb4;
/*!40101 SET character_set_client = @saved_cs_client */;

--
-- Dumping data for table `cal_23calidad_tecnica`
--

LOCK TABLES `cal_23calidad_tecnica` WRITE;
/*!40000 ALTER TABLE `cal_23calidad_tecnica` DISABLE KEYS */;
INSERT INTO `cal_23calidad_tecnica` VALUES (1,3,0,'Complica el disfrute'),(2,2,50,'Afecta un poco el disfrute'),(3,1,100,'Sin problemas');
/*!40000 ALTER TABLE `cal_23calidad_tecnica` ENABLE KEYS */;
UNLOCK TABLES;

--
-- Table structure for table `edic_motivos_rech`
--

DROP TABLE IF EXISTS `edic_motivos_rech`;
/*!40101 SET @saved_cs_client     = @@character_set_client */;
/*!50503 SET character_set_client = utf8mb4 */;
CREATE TABLE `edic_motivos_rech` (
  `id` tinyint(3) unsigned NOT NULL AUTO_INCREMENT,
  `orden` tinyint(3) unsigned NOT NULL,
  `comentario` varchar(40) NOT NULL,
  `avatar_prod` tinyint(1) DEFAULT 0,
  `avatar_rclv` tinyint(1) DEFAULT 0,
  `avatar_us` tinyint(1) DEFAULT 0,
  `prod` tinyint(1) DEFAULT 0,
  `rclv` tinyint(1) DEFAULT 0,
  `links` tinyint(1) DEFAULT 0,
  `info_erronea` tinyint(1) DEFAULT 0,
  `version_actual` tinyint(1) DEFAULT 0,
  `duracion` decimal(4,1) unsigned DEFAULT 0.0,
  `bloqueo_perm_inputs` tinyint(1) DEFAULT 0,
  PRIMARY KEY (`id`)
) ENGINE=InnoDB AUTO_INCREMENT=32 DEFAULT CHARSET=utf8mb4;
/*!40101 SET character_set_client = @saved_cs_client */;

--
-- Dumping data for table `edic_motivos_rech`
--

LOCK TABLES `edic_motivos_rech` WRITE;
/*!40000 ALTER TABLE `edic_motivos_rech` DISABLE KEYS */;
INSERT INTO `edic_motivos_rech` VALUES (1,1,'Es mejor la versión actual',1,0,0,1,1,1,0,1,0.2,0),(11,11,'Ortografía, gramática, sintaxis',0,0,0,1,1,0,0,0,0.2,0),(12,12,'Información errónea',0,0,0,1,1,1,1,0,0.2,0),(13,13,'Spam',0,0,0,1,0,0,0,0,10.0,0),(21,21,'Imagen de poca nitidez',1,1,1,0,0,0,0,0,0.1,0),(22,22,'Imagen ajena a lo esperado (amigable)',1,1,1,0,0,0,0,0,10.0,0),(23,23,'Imagen ajena a lo esperado (intencional)',1,1,1,0,0,0,0,0,90.0,1),(31,31,'Datos fáciles sin completar',0,0,0,0,1,0,0,0,5.0,0);
/*!40000 ALTER TABLE `edic_motivos_rech` ENABLE KEYS */;
UNLOCK TABLES;

--
-- Table structure for table `edics_aprob`
--

DROP TABLE IF EXISTS `edics_aprob`;
/*!40101 SET @saved_cs_client     = @@character_set_client */;
/*!50503 SET character_set_client = utf8mb4 */;
CREATE TABLE `edics_aprob` (
  `id` int(10) unsigned NOT NULL AUTO_INCREMENT,
  `entidad` varchar(20) NOT NULL,
  `entidad_id` int(10) unsigned NOT NULL,
  `campo` varchar(25) NOT NULL,
  `titulo` varchar(35) NOT NULL,
  `valor_aprob` varchar(100) DEFAULT NULL,
  `editado_por_id` int(10) unsigned NOT NULL,
  `editado_en` datetime DEFAULT NULL,
  `edic_analizada_por_id` int(10) unsigned NOT NULL,
  `edic_analizada_en` datetime DEFAULT utc_timestamp(),
  `comunicado_en` datetime DEFAULT NULL,
  PRIMARY KEY (`id`),
  UNIQUE KEY `id` (`id`),
  KEY `editado_por_id` (`editado_por_id`),
  KEY `edic_analizada_por_id` (`edic_analizada_por_id`),
  CONSTRAINT `edics_aprob_ibfk_1` FOREIGN KEY (`editado_por_id`) REFERENCES `usuarios` (`id`),
  CONSTRAINT `edics_aprob_ibfk_2` FOREIGN KEY (`edic_analizada_por_id`) REFERENCES `usuarios` (`id`)
) ENGINE=InnoDB AUTO_INCREMENT=11 DEFAULT CHARSET=utf8mb4;
/*!40101 SET character_set_client = @saved_cs_client */;

--
-- Dumping data for table `edics_aprob`
--

LOCK TABLES `edics_aprob` WRITE;
/*!40000 ALTER TABLE `edics_aprob` DISABLE KEYS */;
INSERT INTO `edics_aprob` VALUES (1,'colecciones',2,'nombre_castellano','Título en castellano','El amor llega suavemente',10,'2022-03-16 23:25:22',11,'2022-12-21 01:13:36',NULL),(2,'personajes',53,'nombre','Nombre Formal','Damián de Veuster',10,'2022-12-19 22:40:29',11,'2022-12-21 11:07:55',NULL),(3,'personajes',53,'apodo','Nombre Alternativo','Padre Damián',10,'2022-12-19 22:40:29',11,'2022-12-21 11:07:55',NULL),(4,'personajes',53,'sexo_id','Sexo','V',10,'2022-12-19 22:40:29',11,'2022-12-21 11:07:55',NULL),(5,'personajes',53,'dia_del_ano_id','Día del Año','10/may',10,'2022-12-19 22:40:29',11,'2022-12-21 11:07:55',NULL),(6,'personajes',53,'ano','Año','1840',10,'2022-12-19 22:40:29',11,'2022-12-21 11:07:55',NULL),(7,'personajes',53,'categoria_id','Categoría','CFC',10,'2022-12-19 22:40:29',11,'2022-12-21 11:07:55',NULL),(8,'personajes',53,'subcategoria_id','Subcategoría','HAG',10,'2022-12-19 22:40:29',11,'2022-12-21 11:07:55',NULL),(9,'personajes',53,'proceso_id','Proceso de Canonizac.','Santo',10,'2022-12-19 22:40:29',11,'2022-12-21 11:07:55',NULL),(10,'personajes',53,'rol_iglesia_id','Rol en la Iglesia','Sacerdote',10,'2022-12-19 22:40:29',11,'2022-12-21 11:07:55',NULL);
/*!40000 ALTER TABLE `edics_aprob` ENABLE KEYS */;
UNLOCK TABLES;

--
-- Table structure for table `edics_rech`
--

DROP TABLE IF EXISTS `edics_rech`;
/*!40101 SET @saved_cs_client     = @@character_set_client */;
/*!50503 SET character_set_client = utf8mb4 */;
CREATE TABLE `edics_rech` (
  `id` int(10) unsigned NOT NULL AUTO_INCREMENT,
  `entidad` varchar(20) NOT NULL,
  `entidad_id` int(10) unsigned NOT NULL,
  `campo` varchar(20) NOT NULL,
  `titulo` varchar(21) NOT NULL,
  `valor_rech` varchar(100) DEFAULT NULL,
  `valor_aprob` varchar(100) DEFAULT NULL,
  `motivo_id` tinyint(3) unsigned NOT NULL,
  `duracion` decimal(4,1) unsigned DEFAULT 0.0,
  `editado_por_id` int(10) unsigned NOT NULL,
  `editado_en` datetime NOT NULL,
  `edic_analizada_por_id` int(10) unsigned NOT NULL,
  `edic_analizada_en` datetime NOT NULL,
  `comunicado_en` datetime DEFAULT NULL,
  PRIMARY KEY (`id`),
  UNIQUE KEY `id` (`id`),
  KEY `motivo_id` (`motivo_id`),
  KEY `editado_por_id` (`editado_por_id`),
  KEY `edic_analizada_por_id` (`edic_analizada_por_id`),
  CONSTRAINT `edics_rech_ibfk_1` FOREIGN KEY (`motivo_id`) REFERENCES `edic_motivos_rech` (`id`),
  CONSTRAINT `edics_rech_ibfk_2` FOREIGN KEY (`editado_por_id`) REFERENCES `usuarios` (`id`),
  CONSTRAINT `edics_rech_ibfk_3` FOREIGN KEY (`edic_analizada_por_id`) REFERENCES `usuarios` (`id`)
) ENGINE=InnoDB DEFAULT CHARSET=utf8mb4;
/*!40101 SET character_set_client = @saved_cs_client */;

--
-- Dumping data for table `edics_rech`
--

LOCK TABLES `edics_rech` WRITE;
/*!40000 ALTER TABLE `edics_rech` DISABLE KEYS */;
/*!40000 ALTER TABLE `edics_rech` ENABLE KEYS */;
UNLOCK TABLES;

--
-- Table structure for table `filtros_cabecera`
--

DROP TABLE IF EXISTS `filtros_cabecera`;
/*!40101 SET @saved_cs_client     = @@character_set_client */;
/*!50503 SET character_set_client = utf8mb4 */;
CREATE TABLE `filtros_cabecera` (
  `id` int(10) unsigned NOT NULL AUTO_INCREMENT,
  `usuario_id` int(10) unsigned DEFAULT NULL,
  `nombre` varchar(15) NOT NULL,
  PRIMARY KEY (`id`),
  KEY `usuario_id` (`usuario_id`),
  CONSTRAINT `filtros_cabecera_ibfk_1` FOREIGN KEY (`usuario_id`) REFERENCES `usuarios` (`id`)
) ENGINE=InnoDB AUTO_INCREMENT=2 DEFAULT CHARSET=utf8mb4;
/*!40101 SET character_set_client = @saved_cs_client */;

--
-- Dumping data for table `filtros_cabecera`
--

LOCK TABLES `filtros_cabecera` WRITE;
/*!40000 ALTER TABLE `filtros_cabecera` DISABLE KEYS */;
INSERT INTO `filtros_cabecera` VALUES (1,NULL,'Estándar');
/*!40000 ALTER TABLE `filtros_cabecera` ENABLE KEYS */;
UNLOCK TABLES;

--
-- Table structure for table `filtros_campos`
--

DROP TABLE IF EXISTS `filtros_campos`;
/*!40101 SET @saved_cs_client     = @@character_set_client */;
/*!50503 SET character_set_client = utf8mb4 */;
CREATE TABLE `filtros_campos` (
  `id` int(10) unsigned NOT NULL AUTO_INCREMENT,
  `filtro_cabecera_id` int(10) unsigned NOT NULL,
  `campo` varchar(20) NOT NULL,
  `valor` varchar(10) NOT NULL,
  PRIMARY KEY (`id`),
  KEY `filtro_cabecera_id` (`filtro_cabecera_id`),
  CONSTRAINT `filtros_campos_ibfk_1` FOREIGN KEY (`filtro_cabecera_id`) REFERENCES `filtros_cabecera` (`id`)
) ENGINE=InnoDB AUTO_INCREMENT=3 DEFAULT CHARSET=utf8mb4;
/*!40101 SET character_set_client = @saved_cs_client */;

--
-- Dumping data for table `filtros_campos`
--

LOCK TABLES `filtros_campos` WRITE;
/*!40000 ALTER TABLE `filtros_campos` DISABLE KEYS */;
INSERT INTO `filtros_campos` VALUES (1,1,'categorias','CFC'),(2,1,'interes_opciones','5');
/*!40000 ALTER TABLE `filtros_campos` ENABLE KEYS */;
UNLOCK TABLES;

--
-- Table structure for table `int_1registros`
--

DROP TABLE IF EXISTS `int_1registros`;
/*!40101 SET @saved_cs_client     = @@character_set_client */;
/*!50503 SET character_set_client = utf8mb4 */;
CREATE TABLE `int_1registros` (
  `id` int(10) unsigned NOT NULL AUTO_INCREMENT,
  `usuario_id` int(10) unsigned NOT NULL,
  `pelicula_id` int(10) unsigned DEFAULT NULL,
  `coleccion_id` int(10) unsigned DEFAULT NULL,
  `capitulo_id` int(10) unsigned DEFAULT NULL,
  `int_opciones_id` tinyint(3) unsigned DEFAULT NULL,
  PRIMARY KEY (`id`),
  KEY `usuario_id` (`usuario_id`),
  KEY `pelicula_id` (`pelicula_id`),
  KEY `coleccion_id` (`coleccion_id`),
  KEY `capitulo_id` (`capitulo_id`),
  KEY `int_opciones_id` (`int_opciones_id`),
  CONSTRAINT `int_1registros_ibfk_1` FOREIGN KEY (`usuario_id`) REFERENCES `usuarios` (`id`),
  CONSTRAINT `int_1registros_ibfk_2` FOREIGN KEY (`pelicula_id`) REFERENCES `prod_1peliculas` (`id`),
  CONSTRAINT `int_1registros_ibfk_3` FOREIGN KEY (`coleccion_id`) REFERENCES `prod_2colecciones` (`id`),
  CONSTRAINT `int_1registros_ibfk_4` FOREIGN KEY (`capitulo_id`) REFERENCES `prod_3capitulos` (`id`),
  CONSTRAINT `int_1registros_ibfk_5` FOREIGN KEY (`int_opciones_id`) REFERENCES `int_opciones` (`id`)
) ENGINE=InnoDB DEFAULT CHARSET=utf8mb4;
/*!40101 SET character_set_client = @saved_cs_client */;

--
-- Dumping data for table `int_1registros`
--

LOCK TABLES `int_1registros` WRITE;
/*!40000 ALTER TABLE `int_1registros` DISABLE KEYS */;
/*!40000 ALTER TABLE `int_1registros` ENABLE KEYS */;
UNLOCK TABLES;

--
-- Table structure for table `int_opciones`
--

DROP TABLE IF EXISTS `int_opciones`;
/*!40101 SET @saved_cs_client     = @@character_set_client */;
/*!50503 SET character_set_client = utf8mb4 */;
CREATE TABLE `int_opciones` (
  `id` tinyint(3) unsigned NOT NULL AUTO_INCREMENT,
  `orden` tinyint(3) unsigned NOT NULL,
  `nombre` varchar(20) NOT NULL,
  PRIMARY KEY (`id`),
  UNIQUE KEY `nombre` (`nombre`)
) ENGINE=InnoDB AUTO_INCREMENT=6 DEFAULT CHARSET=utf8mb4;
/*!40101 SET character_set_client = @saved_cs_client */;

--
-- Dumping data for table `int_opciones`
--

LOCK TABLES `int_opciones` WRITE;
/*!40000 ALTER TABLE `int_opciones` DISABLE KEYS */;
INSERT INTO `int_opciones` VALUES (1,5,'No me interesa'),(2,3,'Es de mis favoritas'),(3,1,'La quiero ver'),(4,4,'Ya la vi'),(5,2,'No la conozco');
/*!40000 ALTER TABLE `int_opciones` ENABLE KEYS */;
UNLOCK TABLES;

--
-- Table structure for table `links`
--

DROP TABLE IF EXISTS `links`;
/*!40101 SET @saved_cs_client     = @@character_set_client */;
/*!50503 SET character_set_client = utf8mb4 */;
CREATE TABLE `links` (
  `id` int(10) unsigned NOT NULL AUTO_INCREMENT,
  `pelicula_id` int(10) unsigned DEFAULT NULL,
  `coleccion_id` int(10) unsigned DEFAULT NULL,
  `capitulo_id` int(10) unsigned DEFAULT NULL,
  `url` varchar(100) NOT NULL,
  `prov_id` tinyint(3) unsigned NOT NULL,
  `calidad` smallint(6) NOT NULL,
  `castellano` tinyint(1) NOT NULL,
  `subtit_castellano` tinyint(1) DEFAULT NULL,
  `gratuito` tinyint(1) NOT NULL,
  `tipo_id` tinyint(3) unsigned NOT NULL,
  `completo` tinyint(1) DEFAULT 1,
  `parte` varchar(3) NOT NULL,
  `creado_por_id` int(10) unsigned NOT NULL,
  `creado_en` datetime DEFAULT utc_timestamp(),
  `alta_analizada_por_id` int(10) unsigned DEFAULT NULL,
  `alta_analizada_en` datetime DEFAULT NULL,
  `lead_time_creacion` decimal(4,2) unsigned DEFAULT NULL,
  `editado_por_id` int(10) unsigned DEFAULT NULL,
  `editado_en` datetime DEFAULT NULL,
  `edic_analizada_por_id` int(10) unsigned DEFAULT NULL,
  `edic_analizada_en` datetime DEFAULT NULL,
  `lead_time_edicion` decimal(4,2) unsigned DEFAULT NULL,
  `vigencia_revisada_en` datetime DEFAULT NULL,
  `status_registro_id` tinyint(3) unsigned DEFAULT 1,
  `perenne` tinyint(1) DEFAULT NULL,
  `motivo_id` tinyint(3) unsigned DEFAULT NULL,
  `sugerido_por_id` int(10) unsigned DEFAULT NULL,
  `sugerido_en` datetime DEFAULT NULL,
  PRIMARY KEY (`id`),
  UNIQUE KEY `url` (`url`),
  KEY `pelicula_id` (`pelicula_id`),
  KEY `coleccion_id` (`coleccion_id`),
  KEY `capitulo_id` (`capitulo_id`),
  KEY `tipo_id` (`tipo_id`),
  KEY `prov_id` (`prov_id`),
  KEY `creado_por_id` (`creado_por_id`),
  KEY `alta_analizada_por_id` (`alta_analizada_por_id`),
  KEY `editado_por_id` (`editado_por_id`),
  KEY `edic_analizada_por_id` (`edic_analizada_por_id`),
  KEY `status_registro_id` (`status_registro_id`),
  KEY `sugerido_por_id` (`sugerido_por_id`),
  KEY `motivo_id` (`motivo_id`),
  CONSTRAINT `links_ibfk_1` FOREIGN KEY (`pelicula_id`) REFERENCES `prod_1peliculas` (`id`),
  CONSTRAINT `links_ibfk_10` FOREIGN KEY (`status_registro_id`) REFERENCES `aux_status_registro` (`id`),
  CONSTRAINT `links_ibfk_11` FOREIGN KEY (`sugerido_por_id`) REFERENCES `usuarios` (`id`),
  CONSTRAINT `links_ibfk_12` FOREIGN KEY (`motivo_id`) REFERENCES `altas_motivos_rech` (`id`),
  CONSTRAINT `links_ibfk_2` FOREIGN KEY (`coleccion_id`) REFERENCES `prod_2colecciones` (`id`),
  CONSTRAINT `links_ibfk_3` FOREIGN KEY (`capitulo_id`) REFERENCES `prod_3capitulos` (`id`),
  CONSTRAINT `links_ibfk_4` FOREIGN KEY (`tipo_id`) REFERENCES `links_tipos` (`id`),
  CONSTRAINT `links_ibfk_5` FOREIGN KEY (`prov_id`) REFERENCES `links_provs` (`id`),
  CONSTRAINT `links_ibfk_6` FOREIGN KEY (`creado_por_id`) REFERENCES `usuarios` (`id`),
  CONSTRAINT `links_ibfk_7` FOREIGN KEY (`alta_analizada_por_id`) REFERENCES `usuarios` (`id`),
  CONSTRAINT `links_ibfk_8` FOREIGN KEY (`editado_por_id`) REFERENCES `usuarios` (`id`),
  CONSTRAINT `links_ibfk_9` FOREIGN KEY (`edic_analizada_por_id`) REFERENCES `usuarios` (`id`)
) ENGINE=InnoDB AUTO_INCREMENT=19 DEFAULT CHARSET=utf8mb4;
/*!40101 SET character_set_client = @saved_cs_client */;

--
-- Dumping data for table `links`
--

LOCK TABLES `links` WRITE;
/*!40000 ALTER TABLE `links` DISABLE KEYS */;
INSERT INTO `links` VALUES (1,NULL,NULL,1,'youtube.com/watch?v=g1vC9TXMkXk',11,360,1,0,1,2,1,'-',2,'2022-03-16 23:25:21',NULL,NULL,NULL,NULL,NULL,NULL,NULL,NULL,NULL,1,0,NULL,NULL,NULL),(2,NULL,NULL,1,'youtube.com/watch?v=0DcobZTPl0U',11,480,1,0,1,2,0,'1',2,'2022-03-16 23:25:22',NULL,NULL,NULL,NULL,NULL,NULL,NULL,NULL,NULL,3,0,NULL,NULL,NULL),(3,NULL,NULL,1,'youtube.com/watch?v=Ug31Sdb6GU4',11,480,1,0,1,2,0,'2',2,'2022-03-16 23:25:23',NULL,NULL,NULL,NULL,NULL,NULL,NULL,NULL,NULL,4,0,22,10,'2022-06-16 23:25:26'),(4,NULL,NULL,1,'youtube.com/watch?v=vnLERiCT96M',11,480,1,0,1,2,0,'3',2,'2022-03-16 23:25:24',NULL,NULL,NULL,NULL,NULL,NULL,NULL,NULL,NULL,5,0,22,10,'2022-06-16 23:25:26'),(5,NULL,NULL,1,'youtube.com/watch?v=dc4bkUqC9no',11,480,1,0,1,2,0,'4',2,'2022-03-16 23:25:25',NULL,NULL,NULL,NULL,NULL,NULL,NULL,NULL,NULL,6,0,22,10,'2022-06-16 23:25:26'),(6,NULL,NULL,1,'youtube.com/watch?v=4o-V9Cfk4to',11,360,1,0,1,2,1,'-',2,'2022-03-16 23:25:26',NULL,NULL,NULL,NULL,NULL,NULL,NULL,NULL,NULL,1,0,NULL,NULL,NULL),(7,5,NULL,NULL,'youtube.com/watch?v=fkDBa-DSMn4',11,360,1,0,1,2,1,'-',2,'2022-05-13 21:17:20',NULL,NULL,NULL,NULL,NULL,NULL,NULL,NULL,NULL,1,0,NULL,NULL,NULL),(8,5,NULL,NULL,'ver.formed.lat/don-bosco',11,144,1,0,1,1,1,'-',2,'2022-05-13 22:21:45',NULL,NULL,NULL,NULL,NULL,NULL,NULL,NULL,NULL,1,0,NULL,NULL,NULL),(9,6,NULL,NULL,'youtube.com/watch?v=AweoZYsiCu4',11,480,0,0,1,2,1,'-',10,'2022-12-21 12:58:47',NULL,NULL,NULL,NULL,NULL,NULL,NULL,NULL,NULL,1,0,NULL,NULL,NULL),(11,7,NULL,NULL,'youtube.com/watch?v=rKPTgq0eip0',11,480,1,NULL,1,2,1,'-',10,'2022-12-21 16:20:05',NULL,NULL,NULL,NULL,NULL,NULL,NULL,NULL,NULL,1,0,NULL,NULL,NULL),(12,7,NULL,NULL,'youtube.com/watch?v=cW_0odiVdIQ',11,480,1,NULL,1,2,1,'-',10,'2022-12-21 16:23:22',NULL,NULL,NULL,NULL,NULL,NULL,NULL,NULL,NULL,1,0,NULL,NULL,NULL),(14,12,NULL,NULL,'youtube.com/watch?v=DMXICDshxcs',11,480,1,NULL,1,1,1,'-',10,'2022-12-23 23:30:37',NULL,NULL,NULL,NULL,NULL,NULL,NULL,NULL,NULL,1,0,NULL,NULL,NULL),(15,13,NULL,NULL,'youtube.com/watch?v=-k7r5pdVxCA',11,1080,0,1,0,2,1,'-',10,'2022-12-29 20:39:30',NULL,NULL,NULL,NULL,NULL,NULL,NULL,NULL,NULL,1,0,NULL,NULL,NULL),(16,15,NULL,NULL,'youtube.com/watch?v=qcEmMgjSElA',11,480,1,NULL,1,2,1,'-',10,'2023-01-01 21:04:49',NULL,NULL,NULL,NULL,NULL,NULL,NULL,NULL,NULL,1,0,NULL,NULL,NULL),(17,22,NULL,NULL,'youtube.com/watch?v=jfqG2-y3MPE',11,480,1,NULL,1,1,1,'-',10,'2023-01-05 19:01:49',NULL,NULL,NULL,NULL,NULL,NULL,NULL,NULL,NULL,1,0,NULL,NULL,NULL),(18,23,NULL,NULL,'youtube.com/watch?v=6AKdCbgI-qo',11,480,0,0,1,2,1,'-',10,'2023-01-05 20:11:00',NULL,NULL,NULL,NULL,NULL,NULL,NULL,NULL,NULL,1,0,NULL,NULL,NULL);
/*!40000 ALTER TABLE `links` ENABLE KEYS */;
UNLOCK TABLES;

--
-- Table structure for table `links_edicion`
--

DROP TABLE IF EXISTS `links_edicion`;
/*!40101 SET @saved_cs_client     = @@character_set_client */;
/*!50503 SET character_set_client = utf8mb4 */;
CREATE TABLE `links_edicion` (
  `id` int(10) unsigned NOT NULL AUTO_INCREMENT,
  `link_id` int(10) unsigned NOT NULL,
  `pelicula_id` int(10) unsigned DEFAULT NULL,
  `coleccion_id` int(10) unsigned DEFAULT NULL,
  `capitulo_id` int(10) unsigned DEFAULT NULL,
  `calidad` smallint(6) DEFAULT NULL,
  `castellano` tinyint(1) DEFAULT NULL,
  `subtit_castellano` tinyint(1) DEFAULT NULL,
  `gratuito` tinyint(1) DEFAULT NULL,
  `tipo_id` tinyint(3) unsigned DEFAULT NULL,
  `completo` tinyint(1) DEFAULT NULL,
  `parte` varchar(3) DEFAULT NULL,
  `editado_por_id` int(10) unsigned NOT NULL,
  `editado_en` datetime DEFAULT utc_timestamp(),
  PRIMARY KEY (`id`),
  KEY `link_id` (`link_id`),
  KEY `pelicula_id` (`pelicula_id`),
  KEY `coleccion_id` (`coleccion_id`),
  KEY `capitulo_id` (`capitulo_id`),
  KEY `tipo_id` (`tipo_id`),
  KEY `editado_por_id` (`editado_por_id`),
  CONSTRAINT `links_edicion_ibfk_1` FOREIGN KEY (`link_id`) REFERENCES `links` (`id`),
  CONSTRAINT `links_edicion_ibfk_2` FOREIGN KEY (`pelicula_id`) REFERENCES `prod_1peliculas` (`id`),
  CONSTRAINT `links_edicion_ibfk_3` FOREIGN KEY (`coleccion_id`) REFERENCES `prod_2colecciones` (`id`),
  CONSTRAINT `links_edicion_ibfk_4` FOREIGN KEY (`capitulo_id`) REFERENCES `prod_3capitulos` (`id`),
  CONSTRAINT `links_edicion_ibfk_5` FOREIGN KEY (`tipo_id`) REFERENCES `links_tipos` (`id`),
  CONSTRAINT `links_edicion_ibfk_6` FOREIGN KEY (`editado_por_id`) REFERENCES `usuarios` (`id`)
) ENGINE=InnoDB AUTO_INCREMENT=5 DEFAULT CHARSET=utf8mb4;
/*!40101 SET character_set_client = @saved_cs_client */;

--
-- Dumping data for table `links_edicion`
--

LOCK TABLES `links_edicion` WRITE;
/*!40000 ALTER TABLE `links_edicion` DISABLE KEYS */;
INSERT INTO `links_edicion` VALUES (4,2,NULL,NULL,1,NULL,NULL,NULL,NULL,NULL,NULL,'3',10,'2022-12-28 18:50:17');
/*!40000 ALTER TABLE `links_edicion` ENABLE KEYS */;
UNLOCK TABLES;

--
-- Table structure for table `links_provs`
--

DROP TABLE IF EXISTS `links_provs`;
/*!40101 SET @saved_cs_client     = @@character_set_client */;
/*!50503 SET character_set_client = utf8mb4 */;
CREATE TABLE `links_provs` (
  `id` tinyint(3) unsigned NOT NULL AUTO_INCREMENT,
  `orden` tinyint(3) unsigned NOT NULL,
  `nombre` varchar(20) NOT NULL,
  `avatar` varchar(20) DEFAULT NULL,
  `siempre_pago` tinyint(1) DEFAULT NULL,
  `siempre_gratuito` tinyint(1) DEFAULT NULL,
  `siempre_completa` tinyint(1) DEFAULT NULL,
  `calidad` smallint(6) DEFAULT NULL,
  `generico` tinyint(1) DEFAULT 0,
  `url_distintivo` varchar(20) NOT NULL,
  `buscador_automatico` tinyint(1) NOT NULL,
  `url_buscar_pre` varchar(25) DEFAULT '',
  `trailer` tinyint(1) NOT NULL,
  `url_buscar_post_tra` varchar(20) NOT NULL,
  `pelicula` tinyint(1) NOT NULL,
  `url_buscar_post_pel` varchar(20) NOT NULL,
  PRIMARY KEY (`id`),
  UNIQUE KEY `nombre` (`nombre`),
  UNIQUE KEY `url_distintivo` (`url_distintivo`)
) ENGINE=InnoDB AUTO_INCREMENT=19 DEFAULT CHARSET=utf8mb4;
/*!40101 SET character_set_client = @saved_cs_client */;

--
-- Dumping data for table `links_provs`
--

LOCK TABLES `links_provs` WRITE;
/*!40000 ALTER TABLE `links_provs` DISABLE KEYS */;
INSERT INTO `links_provs` VALUES (1,0,'Desconocido','PT-Desconocido.jpg',NULL,NULL,NULL,NULL,1,'',0,'',1,'',1,''),(11,1,'YouTube','PT-YouTube.jpg',NULL,NULL,NULL,NULL,0,'youtube.com',1,'/results?search_query=',1,'&sp=EgIYAQ%253D%253D',1,'sp=EgIYAg%253D%253D'),(12,2,'Formed en Español','PT-Formed cast.jpg',NULL,1,1,1081,0,'ver.formed.lat',1,'/search?q=',0,'',1,''),(13,3,'Formed','PT-Formed.jpg',NULL,NULL,1,1081,0,'watch.formed.org',1,'/search?q=',0,'',1,''),(14,4,'Brochero','PT-Brochero.jpg',1,NULL,1,1081,0,'brochero.org',0,'',0,'',1,''),(15,5,'FamFlix','PT-FamFlix.jpg',1,NULL,1,1081,0,'famflix.mx',0,'',0,'',1,''),(16,6,'FamiPlay','PT-FamiPlay.jpg',1,NULL,1,1081,0,'famiplay.com',1,'/catalogo?s=',0,'',1,''),(17,7,'Goya Prod.','PT-Goya.jpg',1,NULL,1,1081,0,'goyaproducciones.com',1,'/?s=',1,'',1,''),(18,8,'IMDb','PT-IMDB.jpg',0,1,NULL,NULL,0,'imdb.com',0,'/find?q=',1,'',0,'');
/*!40000 ALTER TABLE `links_provs` ENABLE KEYS */;
UNLOCK TABLES;

--
-- Table structure for table `links_tipos`
--

DROP TABLE IF EXISTS `links_tipos`;
/*!40101 SET @saved_cs_client     = @@character_set_client */;
/*!50503 SET character_set_client = utf8mb4 */;
CREATE TABLE `links_tipos` (
  `id` tinyint(3) unsigned NOT NULL AUTO_INCREMENT,
  `nombre` varchar(10) NOT NULL,
  `pelicula` tinyint(1) DEFAULT 0,
  `trailer` tinyint(1) DEFAULT 0,
  PRIMARY KEY (`id`)
) ENGINE=InnoDB AUTO_INCREMENT=3 DEFAULT CHARSET=utf8mb4;
/*!40101 SET character_set_client = @saved_cs_client */;

--
-- Dumping data for table `links_tipos`
--

LOCK TABLES `links_tipos` WRITE;
/*!40000 ALTER TABLE `links_tipos` DISABLE KEYS */;
INSERT INTO `links_tipos` VALUES (1,'Trailer',0,1),(2,'Película',1,0);
/*!40000 ALTER TABLE `links_tipos` ENABLE KEYS */;
UNLOCK TABLES;

--
-- Table structure for table `prod_1peliculas`
--

DROP TABLE IF EXISTS `prod_1peliculas`;
/*!40101 SET @saved_cs_client     = @@character_set_client */;
/*!50503 SET character_set_client = utf8mb4 */;
CREATE TABLE `prod_1peliculas` (
  `id` int(10) unsigned NOT NULL AUTO_INCREMENT,
  `fuente` varchar(5) NOT NULL,
  `TMDB_id` varchar(10) DEFAULT NULL,
  `FA_id` varchar(10) DEFAULT NULL,
  `IMDB_id` varchar(10) DEFAULT NULL,
  `nombre_original` varchar(70) DEFAULT NULL,
  `nombre_castellano` varchar(70) DEFAULT NULL,
  `ano_estreno` smallint(5) unsigned DEFAULT NULL,
  `duracion` smallint(5) unsigned DEFAULT NULL,
  `paises_id` varchar(14) DEFAULT NULL,
  `idioma_original_id` varchar(2) DEFAULT NULL,
  `direccion` varchar(100) DEFAULT NULL,
  `guion` varchar(100) DEFAULT NULL,
  `musica` varchar(100) DEFAULT NULL,
  `actores` varchar(500) DEFAULT NULL,
  `produccion` varchar(100) DEFAULT NULL,
  `sinopsis` varchar(1004) DEFAULT NULL,
  `avatar` varchar(100) DEFAULT NULL,
  `cfc` tinyint(1) unsigned DEFAULT NULL,
  `ocurrio` tinyint(1) unsigned DEFAULT NULL,
  `musical` tinyint(1) unsigned DEFAULT NULL,
  `tipo_actuacion_id` tinyint(3) unsigned DEFAULT NULL,
  `publico_id` tinyint(3) unsigned DEFAULT NULL,
  `personaje_id` smallint(5) unsigned NOT NULL DEFAULT 1,
  `hecho_id` smallint(5) unsigned NOT NULL DEFAULT 1,
  `valor_id` smallint(5) unsigned NOT NULL DEFAULT 1,
  `fe_valores` tinyint(3) unsigned DEFAULT NULL,
  `entretiene` tinyint(3) unsigned DEFAULT NULL,
  `calidad_tecnica` tinyint(3) unsigned DEFAULT NULL,
  `calificacion` tinyint(3) unsigned DEFAULT NULL,
  `color` tinyint(1) unsigned DEFAULT NULL,
  `castellano` tinyint(1) unsigned DEFAULT NULL,
  `creado_por_id` int(10) unsigned NOT NULL,
  `creado_en` datetime NOT NULL DEFAULT utc_timestamp(),
  `alta_analizada_por_id` int(10) unsigned DEFAULT NULL,
  `alta_analizada_en` datetime DEFAULT NULL,
  `alta_terminada_en` datetime DEFAULT NULL,
  `lead_time_creacion` decimal(4,2) unsigned DEFAULT NULL,
  `editado_por_id` int(10) unsigned DEFAULT NULL,
  `editado_en` datetime DEFAULT NULL,
  `edic_analizada_por_id` int(10) unsigned DEFAULT NULL,
  `edic_analizada_en` datetime DEFAULT NULL,
  `lead_time_edicion` decimal(4,2) unsigned DEFAULT NULL,
  `status_registro_id` tinyint(3) unsigned NOT NULL DEFAULT 1,
  `perenne` tinyint(1) DEFAULT NULL,
  `motivo_id` tinyint(3) unsigned DEFAULT NULL,
  `sugerido_por_id` int(10) unsigned DEFAULT NULL,
  `sugerido_en` datetime DEFAULT NULL,
  `capturado_por_id` int(10) unsigned DEFAULT NULL,
  `capturado_en` datetime DEFAULT NULL,
  `captura_activa` tinyint(1) DEFAULT NULL,
  `links_gratis_en_bd_id` tinyint(3) unsigned NOT NULL DEFAULT 3,
  `links_gratis_en_web_id` tinyint(3) unsigned NOT NULL DEFAULT 2,
  PRIMARY KEY (`id`),
  UNIQUE KEY `TMDB_id` (`TMDB_id`),
  UNIQUE KEY `FA_id` (`FA_id`),
  UNIQUE KEY `IMDB_id` (`IMDB_id`),
  KEY `publico_sugerido_id` (`publico_id`),
  KEY `idioma_original_id` (`idioma_original_id`),
  KEY `personaje_id` (`personaje_id`),
  KEY `hecho_id` (`hecho_id`),
  KEY `valor_id` (`valor_id`),
  KEY `creado_por_id` (`creado_por_id`),
  KEY `alta_analizada_por_id` (`alta_analizada_por_id`),
  KEY `editado_por_id` (`editado_por_id`),
  KEY `edic_analizada_por_id` (`edic_analizada_por_id`),
  KEY `status_registro_id` (`status_registro_id`),
  KEY `sugerido_por_id` (`sugerido_por_id`),
  KEY `motivo_id` (`motivo_id`),
  KEY `capturado_por_id` (`capturado_por_id`),
  KEY `links_gratuitos_cargados_id` (`links_gratis_en_bd_id`),
  KEY `links_gratuitos_en_la_web_id` (`links_gratis_en_web_id`),
  KEY `prod_1peliculas_FK` (`tipo_actuacion_id`),
  CONSTRAINT `prod_1peliculas_FK` FOREIGN KEY (`tipo_actuacion_id`) REFERENCES `prod_tipos_actuacion` (`id`),
  CONSTRAINT `prod_1peliculas_ibfk_1` FOREIGN KEY (`publico_id`) REFERENCES `prod_publicos` (`id`),
  CONSTRAINT `prod_1peliculas_ibfk_10` FOREIGN KEY (`creado_por_id`) REFERENCES `usuarios` (`id`),
  CONSTRAINT `prod_1peliculas_ibfk_11` FOREIGN KEY (`alta_analizada_por_id`) REFERENCES `usuarios` (`id`),
  CONSTRAINT `prod_1peliculas_ibfk_12` FOREIGN KEY (`editado_por_id`) REFERENCES `usuarios` (`id`),
  CONSTRAINT `prod_1peliculas_ibfk_13` FOREIGN KEY (`edic_analizada_por_id`) REFERENCES `usuarios` (`id`),
  CONSTRAINT `prod_1peliculas_ibfk_14` FOREIGN KEY (`status_registro_id`) REFERENCES `aux_status_registro` (`id`),
  CONSTRAINT `prod_1peliculas_ibfk_15` FOREIGN KEY (`sugerido_por_id`) REFERENCES `usuarios` (`id`),
  CONSTRAINT `prod_1peliculas_ibfk_16` FOREIGN KEY (`motivo_id`) REFERENCES `altas_motivos_rech` (`id`),
  CONSTRAINT `prod_1peliculas_ibfk_17` FOREIGN KEY (`capturado_por_id`) REFERENCES `usuarios` (`id`),
  CONSTRAINT `prod_1peliculas_ibfk_18` FOREIGN KEY (`links_gratis_en_bd_id`) REFERENCES `prod_si_no_parcial` (`id`),
  CONSTRAINT `prod_1peliculas_ibfk_19` FOREIGN KEY (`links_gratis_en_web_id`) REFERENCES `prod_si_no_parcial` (`id`),
  CONSTRAINT `prod_1peliculas_ibfk_4` FOREIGN KEY (`idioma_original_id`) REFERENCES `aux_idiomas` (`id`),
  CONSTRAINT `prod_1peliculas_ibfk_7` FOREIGN KEY (`personaje_id`) REFERENCES `rclv_1personajes` (`id`),
  CONSTRAINT `prod_1peliculas_ibfk_8` FOREIGN KEY (`hecho_id`) REFERENCES `rclv_2hechos` (`id`),
  CONSTRAINT `prod_1peliculas_ibfk_9` FOREIGN KEY (`valor_id`) REFERENCES `rclv_3valores` (`id`)
) ENGINE=InnoDB AUTO_INCREMENT=44 DEFAULT CHARSET=utf8mb4;
/*!40101 SET character_set_client = @saved_cs_client */;

--
-- Dumping data for table `prod_1peliculas`
--

LOCK TABLES `prod_1peliculas` WRITE;
/*!40000 ALTER TABLE `prod_1peliculas` DISABLE KEYS */;
INSERT INTO `prod_1peliculas` VALUES (1,'TMDB','218275',NULL,'tt1445208','The Letters','Cartas de la Madre Teresa',2015,125,'US','en','William Riead','William Riead','Ciaran Hope','Rutger Hauer (Benjamin Praagh), Juliet Stevenson (Mother Teresa), Max von Sydow (Celeste van Exem), Priya Darshani (Shubashini Das), Kranti Redkar (Deepa Ambereesh), Mahabanoo Mody-Kotwal (Mother General), Tillotama Shome (Kavitha Singh), Vijay Maurya (Maharaj Singh), Vivek Gomber (Ashwani Sharma)','Cinema West Films, Big Screen Productions, Freestyle Releasing','\"The Letters\" narra de manera muy personal la historia de esta religiosa, quien encontró el valor para entrar en los paupérrimos barrios de Calcuta, India, con sólo cinco rupias en el bolsillo y enseñarle al mundo entero una de las lecciones de bondad más importantes de la historia. (Fuente: TMDB)','1645444885482.jpg',1,1,0,1,4,21,1,1,100,75,100,92,1,0,2,'2022-03-16 23:25:20',11,'2022-04-13 21:31:31',NULL,NULL,NULL,'2022-03-16 23:25:20',NULL,'2022-04-13 21:31:40',NULL,3,0,NULL,NULL,NULL,10,'2023-02-08 17:22:00',1,3,2),(2,'TMDB','109429',NULL,'tt0327086','Il Papa buono','El Santo Padre Juan XXIII',2003,180,'IT','en','Ricky Tognazzi','Fabrizio Bettelli, Simona Izzo, Marco Roncalli','Ennio Morricone','Bob Hoskins (Angelo Roncalli / Pope John XXIII), Carlo Cecchi (Cardinal Mattia Carcano), Roberto Citran (Monsignor Loris Capovilla), Fabrizio Vidale (Angelo Roncalli (young)), Sergio Bini Bustric (Guido Gusso), Francesco Venditti (Nicola Catania (young)), Rolando Ravello (Cannava), John Light (Mattia Carcano (young)), Francesco Carnelutti (Nicola Catania), Lena Lessing (Marta Von Papen), Joan Giammarco, Gianluca Ramazzotti, Monica Piseddu, Pietro Delle Piane','MediaTrade','Juan XXIII fue Papa sólo 4 años (1959-1963), pero promovió profundos cambios y lanzó al mundo un contundente mensaje de paz. Era la época de la Guerra Fría, y las relaciones internacionales eran muy tensas. Convocó el Concilio Vaticano II, que supuso una auténtica revolución en el seno de la Iglesia Católica, que tuvo que reconocer que se había ido alejando cada vez más del mensaje de Cristo y que era necesario reflexionar sobre las necesidades del hombre moderno. (Fuente: TMDB)','1645458510332.jpg',1,1,0,1,4,22,1,1,100,75,100,92,1,1,2,'2022-03-16 23:25:21',11,'2022-03-28 20:04:55',NULL,NULL,NULL,'2022-03-16 23:25:21',NULL,'2022-04-13 21:28:46',NULL,3,0,NULL,NULL,NULL,10,'2023-02-08 18:38:00',1,3,2),(3,'TMDB','108672',NULL,'tt0317009','Papa Giovanni - Ioannes XXIII','Juan XXIII: El Papa de la paz',2002,208,'IT','it','Giorgio Capitani','Francesco Scardamaglia, Massimo Cerofolini','Marco Frisina','Ed Asner (Angelo Roncalli), Massimo Ghini (Angelo Roncalli giovane), Claude Rich (Cardinal Ottaviani), Michael Mendl (Tardini), Franco Interlenghi (Radini Tedeschi), Sydne Rome (Rada Krusciova), Jacques Sernas (Cardinale Feltin), Leonardo Ruta (Remo Roncalli), Paolo Gasparini (Monsignor Loris Capovilla), Sergio Fiorentini (Don Rebuzzini), Roberto Accornero, Heinz Trixner (Von Papen), Ivan Bacchi, Bianca Guaccero, Emilio De Marchi, Guido Roncalli, Giorgia Bongianni, Enzo Marino Bellanich','Coproducción Italia-Alemania','En 1958, tras la muerte de Pío XII, el anciano Cardenal Angelo Roncalli, Patriarca de Venecia, viaja a Roma para participar en el cónclave que debe elegir al nuevo Papa, cónclave dominado por toda clase de maniobras políticas. En efecto, una vez en el Vaticano, Roncalli asiste atónito al enconado enfrentamiento entre las distintas facciones eclesiásticas. Durante el cónclave se van desvelando aspectos extraordinarios del pasado del cardenal: su apoyo espiritual y económico a un grupo de trabajadores en huelga, cuando todavía era un joven sacerdote; su ayuda a los cristianos ortodoxos de Bulgaria, cuando estuvo destinado en ese país; sus negociaciones con el embajador nazi de Estambul para salvar un tren de prisioneros judíos, cuando era diplomático del Vaticano en Turquía. (Fuente: TMDB)','1645458705918.jpg',1,1,0,1,4,22,1,1,100,100,100,100,1,1,2,'2022-03-16 23:25:22',11,'2022-04-13 19:21:09',NULL,NULL,NULL,'2022-03-16 23:25:23',NULL,'2022-04-13 21:28:57',NULL,3,0,NULL,NULL,NULL,NULL,NULL,NULL,3,2),(4,'TMDB','122977',NULL,'tt0416694','Don Bosco','Don Bosco',2004,146,'IT','it','Lodovico Gasparini','Carlo Mazzotta, Graziano Diana, Lodovico Gasparini, Saverio D\'Ercole, Lea Tafuri, F. Panzarella','Marco Frisina','Flavio Insinna (Don Bosco), Lina Sastri (Margherita Bosco), Charles Dance (Marchese Clementi), Daniel Tschirley (Michele Rua), Fabrizio Bucci (Bruno), Lewis Crutch (Domenico Savio), Brock Everitt-Elwick (Don Bosco as a child), Alessandra Martines (Marchesa Barolo)','RAI','El Piamonte (Italia), siglo XIX. En Turín, el sacerdote Don Bosco, un hombre procedente de una humilde familia campesina, se entregó total y apasionadamente a la tarea de recoger de las calles a los chicos marginados y cuidar de ellos. No sólo los sacó de la pobreza, de la ignorancia y del desamparo social, sino que consiguió que, por primera vez, se sintieran amados. Luchó con una fe y un tesón extraordinarios para vencer los obstáculos e insidias que, tanto las autoridades civiles como las eclesiásticas, pusieron en su camino para impedirle culminar su objetivo: la fundación de la Congregación de los salesianos, que garantizaría el futuro de sus chicos. (Fuente: TMDB)','1645459542226.jpg',1,1,0,1,4,23,1,1,100,100,100,100,1,1,2,'2022-03-16 23:25:23',11,'2022-04-13 19:21:15',NULL,NULL,NULL,'2022-03-16 23:25:24',NULL,'2022-04-13 21:29:05',NULL,3,0,NULL,NULL,NULL,NULL,NULL,NULL,3,2),(5,'TMDB','254489',NULL,'tt0095051','Don Bosco','Don Bosco',1988,150,'IT','it','Leandro Castellani','Ennio De Concini','Stelvio Cipriani','Ben Gazzara (Don Giovanni Bosco), Patsy Kensit (Lina), Karl Zinny (Giuseppe), Piera Degli Esposti (La madre di Lina), Philippe Leroy (Papa Leone XIII), Leopoldo Trieste (Don Borel), Raymond Pellegrin (Papa Pio IX), Laurent Therzieff (Monsignor Gastaldi), Edmund Purdom (Urbano Rattazzi), Rik Battaglia (Marchese Michele Cavour)','RAI, ELLE DI.CI., TIBER CINEMATOGRAFICA','Piamonte (Italia), siglo XIX. Don Bosco, un sacerdote piamontés de humilde origen campesino, se entregó apasionadamente a la tarea de recoger de las calles de Turín a los muchachos abandonados y carentes de toda protección social. Tuvo que vencer mil obstáculos e insidias para crear albergues, escuelas y talleres, donde pudieran recibir una educación cristiana y cívica. La culminación de su obra fue la fundación de la Congregación Salesiana. (Fuente: TMDB)','1645459996491.jpg',1,1,0,1,4,23,1,1,100,75,100,92,1,1,2,'2022-03-16 23:25:24',11,'2022-04-13 19:21:22',NULL,NULL,NULL,'2022-03-16 23:25:25',NULL,'2022-04-13 21:29:11',NULL,3,0,NULL,NULL,NULL,NULL,NULL,NULL,3,2),(6,'TMDB','21644',NULL,'tt0165196','Molokai: The Story of Father Damien','Molokai. La historia del padre Damián',1999,113,'AU BE NL','en','Paul Cox','John Briley, Hilde Eynikel','Paul Grabowsky','David Wenham (Damien), Jan Decleir (Bishop Kockerman), Kate Ceberano (Princess Liliuokalani), Sam Neill (Prime Minister Gibson), Derek Jacobi (Father Leonor Fousnel), Alice Krige (Mother Marianne), Kris Kristofferson (Rudolph Meyer), Leo McKern (Bishop Maigret), Peter O\'Toole (William Williamson), Tom Wilkinson (Brother Dutton), Aden Young (Dr. Kalewis), Chris Haywood (Clayton Strawn), George O\'Hanlon Jr. (Evans), Thom Hoffman (Dr. William Saxe), Michael Pas (Dr. Stottard)','Jos Stelling Filmprodukties BV, Era Films, Kinepolis Film Productions','Narra la historia del padre Damián, un sacerdote católico belga que, en 1873, llegó como voluntario a la isla de Molokai, en Hawái, donde consagró su vida al cuidado y consuelo de los leprosos allí confinados (Fuente: TMDB)','https://image.tmdb.org/t/p/original/fIjamNr5wMYZRjGmhAJ4ftOGJ1W.jpg',NULL,NULL,NULL,NULL,NULL,1,1,1,100,75,100,92,NULL,NULL,10,'2022-12-21 12:13:50',NULL,NULL,NULL,NULL,NULL,NULL,NULL,NULL,NULL,1,0,NULL,NULL,NULL,NULL,NULL,NULL,3,2),(7,'TMDB','199449',NULL,'tt0268477','El mártir del Calvario','El mártir del Calvario',1952,113,'MX','es','Miguel Morayta','Miguel Morayta, Gonzalo Elvira Sánchez de Aparicio','Gustavo César Carrión','Enrique Rambal (Jesús), Manolo Fábregas (Judas), Consuelo Frank (Virgen María), Miguel Ángel Ferriz Sr. (Pedro), Armando Sáenz (Juan), Felipe de Alba (Andrés), Alicia Palacios (María Magdalena), Carmen Molina (Martha), José Baviera (Poncio Pilatos), Tito Novaro (Malco), José María Linares Rivas (Caifás), Luis Beristáin (Jefe Sinagoga), Miguel Arenas (José de Arimatea), Lupe Llaca (Verónica), Alberto Mariscal (Anás el Joven), Alfonso Mejía (Marcos), Fernando Casanova (Centurión)','Oro Films, Estudios Cinematográficos del Tepeyac','Drama mexicano que retrata con todo lujo de detalles la vida de Jesús. Es considerada por muchos como el mayor ejemplo de cine religioso de México (Fuente: TMDB)','https://image.tmdb.org/t/p/original/oHX1x3mbCES6IdGjWiiCY7zxJsu.jpg',NULL,NULL,NULL,NULL,NULL,1,1,1,75,75,50,70,NULL,NULL,10,'2022-12-21 16:16:12',NULL,NULL,NULL,NULL,NULL,NULL,NULL,NULL,NULL,1,0,NULL,NULL,NULL,NULL,NULL,NULL,2,2),(8,'TMDB','2428',NULL,'tt0059245','The Greatest Story Ever Told','La historia más grande jamás contada',1965,199,'US','en','David Lean, George Stevens, Jean Negulesco','George Stevens, James Lee Barrett, Fulton Oursler','Alfred Newman, Charles E. Wallace','Max von Sydow (Jesus), Michael Anderson Jr. (James the Younger), Carroll Baker (Veronica), Ina Balin (Martha of Bethany), Victor Buono (Sorak), Richard Conte (Barabbas), Joanna Dunham (Mary Magdalene), José Ferrer (Herod Antipas), Van Heflin (Bar Amand), Charlton Heston (John the Baptist), Martin Landau (Caiaphas), Angela Lansbury (Claudia), Pat Boone (Angel at the Tomb), Janet Margolin (Mary of Bethany), David McCallum (Judas Iskarioth), Roddy McDowall (Matthew)','George Stevens Productions','Superproducción sobre la vida de Jesús de Nazaret que contó con un extenso y conocido reparto en el que destaca Max von Sydow como Jesucristo. A partir de los Evangelios narra la vida de Jesús en la Palestina ocupada por Roma: su nacimiento en Belén, su infancia en Nazaret, los tres años de vida pública, la Última Cena, la traición de su discípulo Judas, su juicio, crucifixión y posterior resurrección. (Fuente: TMDB)','https://image.tmdb.org/t/p/original/zMZ3iFiWS60FlyrsHGVrtWsGeph.jpg',NULL,NULL,NULL,NULL,NULL,1,1,1,75,75,100,80,NULL,NULL,10,'2022-12-22 01:33:49',NULL,NULL,NULL,NULL,NULL,NULL,NULL,NULL,NULL,1,0,NULL,NULL,NULL,NULL,NULL,NULL,3,2),(9,'TMDB','36362',NULL,'tt0055047','King of Kings','Rey de reyes',1961,168,'US','en','Nicholas Ray, José López Rodero, Sumner Williams, José María Ochoa, Noel Howard, Carlo Lastricati','Philip Yordan','Basil Fenton-Smith, Miklós Rózsa, Franklin Milton','Jeffrey Hunter (Jesus), Siobhán McKenna (Mary), Hurd Hatfield (Pontius Pilate), Ron Randell (Lucius), Viveca Lindfors (Claudia), Rita Gam (Herodias), Carmen Sevilla (Mary Magdalene), Brigid Bazlen (Salome), Harry Guardino (Barabbas), Rip Torn (Judas), Frank Thring (Herod Antipas), Guy Rolfe (Caiaphas), Royal Dano (Peter), Robert Ryan (John the Baptist), Edric Connor (Balthazar), Maurice Marsac (Nicodemus), Grégoire Aslan (Herod), George Coulouris (Camel Driver)','Metro-Goldwyn-Mayer, Samuel Bronston Productions','Cuando las legiones de Roma conquistan Palestina, en un establo de un pueblo llamado Belén nace un niño que es adorado por pastores y por tres magos de Oriente que acuden a él guiados por una estrella. Ante el rumor de que ha nacido el Mesías, el rey Herodes ordena asesinar a todos los recién nacidos... (Fuente: TMDB)','https://image.tmdb.org/t/p/original/A9NtJy2DyKg2pH7Z46pPVz8WkkU.jpg',NULL,NULL,NULL,NULL,NULL,1,1,1,75,75,100,80,NULL,NULL,10,'2022-12-22 01:47:30',NULL,NULL,NULL,NULL,NULL,NULL,NULL,NULL,NULL,1,0,NULL,NULL,NULL,NULL,NULL,NULL,3,2),(10,'TMDB','117900',NULL,'tt0046769','El beso de Judas','El beso de Judas',1954,90,'ES','es','Rafael Gil, Pedro L. Ramírez','Rafael Gil, Vicente Escrivá, Ramón D. Faraldo','Cristóbal Halfter, Antonio Alonso','Rafael Rivelles (Judas), Gérard Tichy (Poncio Pilato), Fernando Sancho (Padre del condenado), Francisco Rabal (Quinto Licinio), José Nieto (Eliazim), Manuel Monroy (Pedro), Félix Dafauce (Misael), Francisco Arenzana (Dimas), Gabriel Alcover (Jesús), Pedro Anzola (Juan), Luis Hurtado (Caifás), Mercedes Albert (Verónica), Jacinto San Emeterio (Hombre frente a la cruz), Santiago Rivero (Hombre frente a la cruz), Tony Hernández (Saúl), Ricardo Turia (Juan Bautista), Manuel Kayser (Rabino de Caná)','Aspa','El gran misterio de la religión cristiana sigue siendo aún hoy la traición de Judas Iscariote, a su maestro, Jesucristo. A esta incógnita se enfrentó Rafael Gil, y todo un equipo de producción entre los que se encontraba, Rafael Rivelles, quien encarna la figura de Judas. El actor se mueve como pez en el agua, ante personaje de tan magna envergadura, y reinterpretando un episodio de la historia del Nuevo Testamento que convulsionó de tal forma la Humanidad entera. (Fuente: TMDB)','https://image.tmdb.org/t/p/original/5DuG1uTZts038XIrcxpIbnDbcBW.jpg',NULL,NULL,NULL,NULL,NULL,1,1,1,50,50,50,50,NULL,NULL,10,'2022-12-22 02:29:26',NULL,NULL,NULL,NULL,NULL,NULL,NULL,NULL,NULL,1,0,NULL,NULL,NULL,NULL,NULL,NULL,3,2),(11,'TMDB','22954',NULL,'tt1057500','Invictus','Invictus',2009,134,'US','en','Clint Eastwood, Mable Lawson-McCrary, Donald Murphy','Anthony Peckham, John Carlin','Kyle Eastwood, Michael Stevens, Gregg Rudloff','Morgan Freeman (Nelson Mandela), Matt Damon (Francois Pienaar), Tony Kgoroge (Jason Tshabalala), Patrick Mofokeng (Linga Moonsamy), Matt Stern (Hendrick Booyens), Julian Lewis Jones (Etienne Feyder), Adjoa Andoh (Brenda Mazibuko), Marguerite Wheatley (Nerine), Leleti Khumalo (Mary), Patrick Lyster (Mr. Pienaar), Penny Downie (Mrs. Pienaar), Sibongile Nojila (Eunice), Bonnie Mbuli (Zindzi), Shakes Myeko (Minister of Sport), Louis Minnaar (Springbok Coach), Danny Keogh (Rugby President)','Spyglass Entertainment, Malpaso Productions, Warner Bros. Pictures, Revelations Entertainment','Película basada en el libro de John Carlin \"El factor humano\" (Playing the enemy: Nelson Mandela and the Game That Changed the World) y ambientada después de que Nelson Mandela saliera de la cárcel y se convirtiera en presidente de Sudáfrica. Poco después, en 1995, el país celebró el campeonato del mundo de rugby, tras años de ser excluidos de las competiciones debido al apartheid. Evento que Mandela (Morgan Freeman) impulsó y utilizó, con la ayuda de la estrella de rugby Francois Pienaar, como vía para acabar con el odio y la desconfianza existente durante décadas entre la población blanca y negra del país. (Fuente: TMDB)','https://image.tmdb.org/t/p/original/gWW20yeF5t6ZHn3gCjidLuWtQMU.jpg',NULL,NULL,NULL,NULL,NULL,1,1,1,75,100,100,88,NULL,NULL,10,'2022-12-23 23:24:07',NULL,NULL,NULL,NULL,NULL,NULL,NULL,NULL,NULL,1,0,NULL,NULL,NULL,NULL,NULL,NULL,3,2),(12,'TMDB','9443',NULL,'tt0082158','Chariots of Fire','Carros de fuego',1981,123,'GB','en','Jonathan Benson, Hugh Hudson','Colin Welland','Vangelis','Ben Cross (Harold Abrahams), Ian Charleson (Eric Liddell), Cheryl Campbell (Jennie Liddell), Alice Krige (Sybil Gordon), Nigel Havers (Lord Andrew Lindsay), Ian Holm (Sam Mussabini), Nicholas Farrell (Aubrey Montague), Daniel Gerroll (Henry Stallard), John Gielgud (Master of Trinity), Lindsay Anderson (Master of Caius), Nigel Davenport (Lord Birkenhead), Dennis Christopher (Charles Paddock), Brad Davis (Jackson Scholz), Patrick Magee (Lord Cadogan), Peter Egan (Duke of Sutherland)','Warner Bros. Pictures, Enigma Productions, The Ladd Company, Allied Stars, Ltd.','En Gran Bretaña, 1920. Harold Abrahams y Eric Lidell estaban hechos para correr. No sólo una razón les llevaba a correr más rápido que ningún otro hombre, sus motivos eran tan diferentes como sus pasados. Cada uno tenía su propio Dios, sus propias creencias y su propio empuje hacia el triunfo. Dos jóvenes corredores de diferentes clases sociales que se entrenan con un mismo objetivo: competir en las Olimpiadas de París de 1924. (Fuente: TMDB)','https://image.tmdb.org/t/p/original/pXgqJhGWRJJCzVfnsSRCDTvxyjL.jpg',NULL,NULL,NULL,NULL,NULL,1,1,1,100,75,100,92,NULL,NULL,10,'2022-12-23 23:28:34',NULL,NULL,NULL,NULL,NULL,NULL,NULL,NULL,NULL,1,0,NULL,NULL,NULL,NULL,NULL,NULL,3,2),(13,'TMDB','2587',NULL,'tt0069824','Fratello sole, sorella luna','Hermano sol, hermana luna',1972,121,'IT GB','it','Franco Zeffirelli','Franco Zeffirelli, Suso Cecchi d\'Amico, Kenneth Ross, Lina Wertmüller','Donovan','Graham Faulkner (Franz von Assisi), Judi Bowker (Klara von Assisi), Leigh Lawson (Bernardo), Kenneth Cranham (Paolo), Lee Montague (Pietro Di Bernardone), Valentina Cortese (Pica Di Bernardone), Alec Guinness (Papst Innozenz III.), Michael Feast (Silvestro), Nicholas Willatt (Giacondo), John Sharp (Bischof Guido), Adolfo Celi (Konsul), Francesco Guerrieri (Deodato), Carlo Pisacane (Priester von San Damiano), Peter Firth, Guido Lollobrigida, Franca Sciutto, Franca Mazzoni, Carlo Hintermann','Paramount, Euro International Film, Vic Films Productions','A pesar de ser hijo de unos ricos mercaderes, Francisco de Asís renuncia a todas sus posesiones y a su acomodada vida para dedicarla al servicio de Dios y de los más pobres. (Fuente: TMDB)','https://image.tmdb.org/t/p/original/kteftRorBlWPs9AdvXnRPQ3cwqE.jpg',NULL,NULL,NULL,NULL,NULL,1,1,1,75,75,100,80,NULL,NULL,10,'2022-12-29 20:37:05',NULL,NULL,NULL,NULL,NULL,NULL,NULL,NULL,NULL,1,0,NULL,NULL,NULL,NULL,NULL,NULL,3,2),(14,'TMDB','811162',NULL,NULL,'El Gran Acontecimiento','El Gran Acontecimiento',1982,35,'MX','es','Fernando Ruiz','','','Marina Isolda (Virgen de Guadalupe (Voice)), Luis Cristian Ortega Aguirre (Narrator)','Antonio Roqueñi y Hector Gallo',NULL,'https://image.tmdb.org/t/p/original/mDqsSAgWR6CdjzIIByA7xa2PfQN.jpg',NULL,NULL,NULL,NULL,NULL,1,1,1,100,75,50,82,NULL,NULL,10,'2022-12-31 13:18:00',NULL,NULL,NULL,NULL,NULL,NULL,NULL,NULL,NULL,1,0,NULL,NULL,NULL,NULL,NULL,NULL,3,2),(15,'TMDB','979418',NULL,NULL,'Jesús de Nazareth','Jesús de Nazareth',2019,120,NULL,'en',NULL,NULL,NULL,NULL,'Beverly Hills Entertainment',NULL,'https://image.tmdb.org/t/p/original/4UoHVFRvp79ccBDm2dEy8Saq9zU.jpg',NULL,NULL,NULL,NULL,NULL,1,1,1,75,75,100,80,NULL,NULL,10,'2023-01-01 21:03:25',NULL,NULL,NULL,NULL,NULL,NULL,NULL,NULL,NULL,1,0,NULL,NULL,NULL,NULL,NULL,NULL,3,2),(16,'TMDB','80517',NULL,'tt0286739','Judas','Judas',2004,120,NULL,'en','Charles Robert Carner','','','Johnathon Schaech (Judas Iscariot), Jonathan Scarfe (Jesus Christ), Tim Matheson (Pontius Pilate), Rory Kinnear (Andrew), Fiona Glascott (Claudia Procles), Owen Teale (Flavius), Paul Haigh (Matthew)',NULL,NULL,'https://image.tmdb.org/t/p/original/pVlsUQSRMHMnfmuLZhvzbqHQjjg.jpg',NULL,NULL,NULL,NULL,NULL,1,1,1,50,50,100,60,NULL,NULL,10,'2023-01-01 21:22:38',NULL,NULL,NULL,NULL,NULL,NULL,NULL,NULL,NULL,1,0,NULL,NULL,NULL,NULL,NULL,NULL,3,2),(17,'TMDB','407439',NULL,'tt5360996','Mary Magdalene','María Magdalena',2018,120,'US AU GB','en','Edoardo Petti, Garth Davis, Phil Jones, Guy Strachan, Grant Butler','Philippa Goslett, Helen Edmundson','Glenn Newnham, Jóhann Jóhannsson, Chris Goodes, Hildur Guonadóttir, Orin Beaton, Cecile Tournesac','Rooney Mara (Mary Magdalene), Joaquin Phoenix (Jesus), Chiwetel Ejiofor (Peter), Ariane Labed (Rachel), Ryan Corr (Joseph), Tahar Rahim (Judas), Hadas Yaron (Sarah), Charles Babalola (Andrew), Shira Haas (Leah), Uri Gavriel (Philip), Theo Theodoridis (Lazarus), Michael Moshonov (Matthew), Tawfeek Barhom (James), Sarah-Sofie Boussnina (Martha), Lobna Azabal (Susannah), Zohar Shtrauss (John), Lior Raz (Magdala Community Leader), Jacopo Olmo Antinori (Magdala Man), Roy Assaf (Temple Priest)','Porchlight Films, Film4 Productions, See-Saw Films','Película biográfica bíblica que cuenta la historia de María (Rooney Mara), una joven mujer en busca de una nueva forma de vida. Restringida por las jerarquías de la época; María desafía a su familia tradicional al unirse a un nuevo movimiento social dirigido por Jesús de Nazareth (Joaquin Phoenix). Pronto encuentra su lugar dentro del movimiento y en el corazón de un viaje que la conducirá a Jerusalén. (Fuente: TMDB)','https://image.tmdb.org/t/p/original/i2IqYxpXbVa0LcrIxCK9c0h5bYK.jpg',NULL,NULL,NULL,NULL,NULL,1,1,1,75,75,100,80,NULL,NULL,10,'2023-01-01 22:06:18',NULL,NULL,NULL,NULL,NULL,NULL,NULL,NULL,NULL,1,0,NULL,NULL,NULL,NULL,NULL,NULL,3,2),(18,'TMDB','432376',NULL,'tt0042971','María Magdalena, pecadora de Magdala','María Magdalena, pecadora de Magdala',1946,110,'MX','es','Miguel Contreras Torres','Miguel Contreras Torres, Francisco Marco Chillet, Medea de Novara','Miguel Bernal Jiménez','Medea de Novara (María Magdalena), Luis Alcoriza (Jesús Nazareno), Tito Junco (Judas Iscariote), José Baviera (Poncio Pilatos), Luana Alcañiz (La Virgen María), Carlos Villarías (Pedro), Rafael Banquells (Juan), Tito Novaro (Principe Ra-Ho-Tep), Arturo Soto Rangel (Joseph), Eduardo Arozamena (Caifás)','Hispano Continental Films','María Magdalena es una cortesana y pecadora que, arrepentida, se acerca a Jesús de Nazaret buscando el perdón. (Fuente: TMDB)','https://image.tmdb.org/t/p/original/bDAfbZTzg4SWDaV9qcSglWp5F6Q.jpg',NULL,NULL,NULL,NULL,NULL,1,1,1,50,50,50,50,NULL,NULL,10,'2023-01-01 22:13:10',NULL,NULL,NULL,NULL,NULL,NULL,NULL,NULL,NULL,1,0,NULL,NULL,NULL,NULL,NULL,NULL,3,2),(21,'TMDB','476968',NULL,'tt7388562','Paul, Apostle of Christ','Pablo, el apóstol de Cristo',2018,108,'US','en','Andrew Hyatt','Andrew Hyatt, Terence Berden','Jan A.P. Kaczmarek','Jim Caviezel (Luke), James Faulkner (Paul), Olivier Martinez (Mauritius), Joanne Whalley (Priscilla), John Lynch (Aquila), Antonia Campbell-Hughes (Irenica), Noah Huntley (Publius), Alexandra Vino (Octavia), Alessandro Sperduti (Cassius), Christopher Dingli (Roman Doctor), Husam Chadat (Gamaliel), Mario Opinato (Balbus), Yorgos Karamihos (Saul of Tarsus), Manuel Cauchi (Ananias), Anthony Edridge (Severus), Joe Azzopardi (Roman Thug), John-Paul Pace (Christian Man 2), Erica Muscat (Woman 2)','Affirm Films, Outside Da Box, ODB Films','Pablo sufre en soledad en una prisión romana, a la espera de su ejecución por orden del emperador Nerón. A Mauricio, el ambicioso prefecto de la prisión, le cuesta imaginar qué clase de peligro podría suponer este hombre destrozado. En otro tiempo, fue Saulo de Tarso, un brutal asesino de cristianos de alto rango. Ahora, su fe inquieta a Roma. Corriendo un gran riesgo, Lucas, el galeno, visita al anciano Pablo para confortarlo y atenderlo... así como para preguntarle, transcribir y sacar clandestinamente las cartas de Pablo a la creciente comunidad de creyentes. Pese a la inhumana persecución a la que los somete Nerón, estos hombres y mujeres difundirán el Evangelio de Jesucristo y cambiarán el mundo. (Fuente: TMDB)','https://image.tmdb.org/t/p/original/7ZrIkdRTbPNCB6LCk71CxWLVJMc.jpg',NULL,NULL,NULL,NULL,NULL,1,1,1,50,50,100,60,NULL,NULL,10,'2023-01-02 02:08:26',NULL,NULL,NULL,NULL,NULL,NULL,NULL,NULL,NULL,1,0,NULL,NULL,NULL,NULL,NULL,NULL,3,2),(22,'TMDB','642745',NULL,'tt1789876','Pablo de Tarso: El último viaje','Pablo de Tarso: El último viaje',2010,111,NULL,'es','Pablo Moreno, María Esparcia, Elbia Álvarez, Javier López Caballero','Pablo Moreno, Elbia Álvarez','Andrés Tejero','Jacobo Muñoz (Pablo de Tarso), Juan Rueda (Pedro), Denis Rafter (Gamaliel), Gladys Balaguer (Priscila), Pilar Borrego (Ariadne), César Diéguez (Yadid), Carlos Pinedo (Ananías de Jerusalen), Lauren Risueño (Sumo Sacerdote), Ana María Rodríguez (Drusila), Sergio Cardoso','Contracorriente Producciones SLU, San Pablo Multimedia','Desde una oscura celda dos ancianos esperan su muerte, han sido sentenciados por sus creencias y por su forma de vida. Saulo, un ciudadano romano, antiguo fariseo, de educación helénica y prosélito del \"camino nuevo\" nos revela, mediante una retrospectiva de su vida, cómo fueron los primeros momentos de los seguidores de Jesús, el hombre que ha cambiado el mundo. Pablo de Tarso descubrirá a sus compañeros de destino un mundo nuevo, otra forma de entender la existencia desde la fe, la esperanza y el amor. Una película en la que el apóstol de las gentes dibuja con sus recuerdos y palabras el horizonte cambiante donde la semilla del Evangelio ha comenzado a germinar. Este es el último viaje de un hombre que, incansable, recorrió el mundo hasta entonces conocido y que se convertirá en el mayor impulsor de la buena noticia. (Fuente: TMDB)','https://image.tmdb.org/t/p/original/9naiBJPXmSwHB0sNIOypDH4eneP.jpg',NULL,NULL,NULL,NULL,NULL,1,1,1,NULL,NULL,NULL,NULL,NULL,NULL,10,'2023-01-05 19:48:47',NULL,NULL,NULL,NULL,NULL,NULL,NULL,NULL,NULL,1,0,NULL,NULL,NULL,NULL,NULL,NULL,3,2),(23,'TMDB','636484',NULL,NULL,'Paulo de Tarso e A História do Cristianismo Primitivo','Paulo de Tarso y la historia del Cristianismo primitivo',2019,90,'BR','pt','André Marouco','','','Caio Blat',NULL,NULL,'https://image.tmdb.org/t/p/original/rO7r7zgi5NU6I0pXf4jCSPRvHyU.jpg',NULL,NULL,NULL,NULL,NULL,1,1,1,NULL,NULL,NULL,NULL,NULL,NULL,10,'2023-01-05 19:56:38',NULL,NULL,NULL,NULL,NULL,NULL,NULL,NULL,NULL,1,0,NULL,NULL,NULL,NULL,NULL,NULL,3,2),(25,'TMDB','547967',NULL,'tt10160730','Moses','Moses',2016,130,'US','en','Josh Enck','Jeff Bender, Josh Enck','Don Harper','Rodney Coe (Aaron), Jay Poff (Moses)','Virgil Films, Virgil Films & Entertainment, Sight & Sound Theatres',NULL,'https://image.tmdb.org/t/p/original/fMhG0Phj3wnbc0mA45dEaPRKwLw.jpg',NULL,NULL,NULL,NULL,NULL,1,1,1,NULL,NULL,NULL,NULL,NULL,NULL,10,'2023-01-06 03:33:05',NULL,NULL,NULL,NULL,NULL,NULL,NULL,NULL,NULL,1,0,NULL,NULL,NULL,NULL,NULL,NULL,3,2),(26,'TMDB','118365',NULL,NULL,'Moses, Prince of Egypt','Moisés, el príncipe de Egipto',2000,49,NULL,'en','Ryszard Slapczynski','','',NULL,NULL,'Nada más nacer, Moisés, un bebé hebreo, es abandonado en el Nilo por su madre. La esposa del faraón encuentra al pequeño y decide criarlo como a su propio hijo. Moisés crece junto a su hermano egipcio, Ramsés, entre juegos y travesuras. Cuando Moisés se hace hombre descubre la verdad de su nacimiento y, confuso, huye al desierto. Allí se une a un grupo de nómadas hebreos y se hace pastor. Un día, Dios se le aparece en forma de arbusto en llamas y le encomienda la misión de liberar a los esclavos hebreos que retiene el Faraón. Moisés vuelve a Egipto para exigir la liberación de su pueblo y encuentra que Ramsés se ha convertido en el nuevo Faraón. (Fuente: TMDB)','https://image.tmdb.org/t/p/original/xxmK9K0F66YPLddliEk2jNecdAg.jpg',NULL,NULL,NULL,NULL,NULL,1,1,1,NULL,NULL,NULL,NULL,NULL,NULL,10,'2023-01-06 03:43:55',NULL,NULL,NULL,NULL,NULL,NULL,NULL,NULL,NULL,1,0,NULL,NULL,NULL,NULL,NULL,NULL,3,2),(27,'TMDB','372519',NULL,'tt5431016','Os Dez Mandamentos: O Filme','Moisés y los diez mandamientos: La película',2016,121,'BR MA','pt','Alexandre Avancini','Joaquim Assis, Vivian de Oliveira','','Guilherme Winter (Moisés), Camila Rodrigues (Nefertari), Sergio Marone (Ramsés), Paulo Gorgulho (Anrao), Giselle Itié (Zípora), Vera Zimmermann (Henutmire), Denise Del Vecchio (Joquebede), Zé Carlos Machado (Seti I), Larissa Maciel (Miria), Sidney Sampaio (Oseias/Josué), Petronio Gontijo (Arao), Luciano Szafir, Marco Antonio Gimenez (Nadabe), Bernardo Velasco (Eleazar), José Victor Pires (Amenhotep)','Downtown Filmes, Paris Filmes, Record TV, Record Filmes','Espectacular superproducción de la época que narra la historia bíblica de Moisés, favorito de la familia del faraón, que decide renunciar a su vida de privilegios para conducir a su pueblo elegido hacia la libertad. Versión largometraje de la exitosa serie de TV, pero con escenas inéditas y un final diferente. (Fuente: TMDB)','https://image.tmdb.org/t/p/original/wEssXteZnvUfkVEfJi7zVZtHg28.jpg',NULL,NULL,NULL,NULL,NULL,1,1,1,NULL,NULL,NULL,NULL,NULL,NULL,10,'2023-01-06 03:50:09',NULL,NULL,NULL,NULL,NULL,NULL,NULL,NULL,NULL,1,0,NULL,NULL,NULL,NULL,NULL,NULL,3,2),(28,'TMDB','229354',NULL,'tt0216922','Moses: Egypt\'s Great Prince','Moses: Egypt\'s Great Prince',1998,52,'US','en','Horseman Cao','Bill Schwartz','','Gregory Abbey, Philip Anthony, Lisa DeSimone, Greg Abbey','Schwartz & Company, UAV Entertainment',NULL,'https://image.tmdb.org/t/p/original/nMiQsZv4aofta8NXzTpewugua0k.jpg',NULL,NULL,NULL,NULL,NULL,1,1,1,NULL,NULL,NULL,NULL,NULL,NULL,10,'2023-01-06 03:56:46',NULL,NULL,NULL,NULL,NULL,NULL,NULL,NULL,NULL,1,0,NULL,NULL,NULL,NULL,NULL,NULL,3,2),(29,'TMDB','2526',NULL,'tt0072547','Moses the Lawgiver','El rey de Israel',1974,90,'GB IT US','en','Gianfranco De Bosio','Anthony Burgess, Vittorio Bonicelli, Gianfranco De Bosio','Ennio Morricone','Burt Lancaster (Moses), Anthony Quayle (Aaron), Ingrid Thulin (Miriam), Irene Papas (Zippora), Aharon Ipalé (Josua), Marina Berti (Eliseba), Yosef Shiloach (Dathan), Shmuel Rodensky (Jitro), Mariangela Melato (Prinzessin Bithia), Laurent Terzieff (Pharao Mernefta), Bill Lancaster (Der junge Moses), Jacques Herlin (Magier), Mario Ferrari (Pharao Ramses II.), Simonetta Stefanelli (Cotbi), Melba Englander (Merneftas Frau), Michele Placido (Kaleb), John Bartha (Agypter), Antonio Piovanelli (Korah)',NULL,'Egipto, año 1300 A.C. Bajo el reinado del Faraón Ramsés II se ordenó la muerte de todos los recién nacidos varones de raza judía. Pero uno de ellos sobrevivió al ser recogido de las aguas del Nilo por una princesa egipcia, que le puso de nombre Moisés, que significa \"salvado de las aguas\". Cuando alcanzó la edad adulta, Moisés abandonó el palacio del Faraón y se convirtió en emisario de Dios. Su misión será la de guiar al pueblo de Israel hacia la Tierra Prometida. (Fuente: TMDB)','https://image.tmdb.org/t/p/original/9OiPiglQpdn8AbcKFok7xD9kpu8.jpg',NULL,NULL,NULL,NULL,NULL,1,1,1,NULL,NULL,NULL,NULL,NULL,NULL,10,'2023-01-06 03:58:45',NULL,NULL,NULL,NULL,NULL,NULL,NULL,NULL,NULL,1,0,NULL,NULL,NULL,NULL,NULL,NULL,3,2),(30,'TMDB','154904',NULL,'tt0237611','Prince of the Nile: The Story of Moses','Prince of the Nile: The Story of Moses',2001,NULL,NULL,'en','','','',NULL,NULL,NULL,'https://image.tmdb.org/t/p/original/m59rooiLHTDoFsVnCLBupssZWLT.jpg',NULL,NULL,NULL,NULL,NULL,1,1,1,NULL,NULL,NULL,NULL,NULL,NULL,10,'2023-01-06 04:04:12',NULL,NULL,NULL,NULL,NULL,NULL,NULL,NULL,NULL,1,0,NULL,NULL,NULL,NULL,NULL,NULL,3,2),(31,'TMDB','300109',NULL,'tt7383502','Old Testament III, Prince of Egypt','Old Testament III, Prince of Egypt',2014,NULL,NULL,'en','Bong-Kyung An','Luciano Scaffa','',NULL,NULL,NULL,'https://image.tmdb.org/t/p/original/c4V4E68ddwf8B2KTgPgRghyl42x.jpg',NULL,NULL,NULL,NULL,NULL,1,1,1,NULL,NULL,NULL,NULL,NULL,NULL,10,'2023-01-06 04:18:25',NULL,NULL,NULL,NULL,NULL,NULL,NULL,NULL,NULL,1,0,NULL,NULL,NULL,NULL,NULL,NULL,3,2),(32,'TMDB','6844',NULL,'tt0049833','The Ten Commandments','Los Diez Mandamientos',1956,220,'US','en','Michael D. Moore, Cecil B. DeMille, Arthur Rosson, Daniel McCauley, Francisco Day, Edward Salven','Jesse Lasky Jr., J.H. Ingraham, A.E. Southon, Dorothy Clarke Wilson, Aeneas MacKenzie, Jack Gariss','Elmer Bernstein, Harry Lindgren, Gene Garvin, Louis Mesenkop, Loren L. Ryder, George Dutton','Charlton Heston (Moses), Yul Brynner (Rameses), Anne Baxter (Nefretiri), Edward G. Robinson (Dathan), Yvonne De Carlo (Sephora), Debra Paget (Lilia), John Derek (Joshua), Cedric Hardwicke (Sethi), Nina Foch (Bithiah), Martha Scott (Yochabel), Judith Anderson (Memnet), Vincent Price (Baka), John Carradine (Aaron), Olive Deering (Miriam), Douglass Dumbrille (Jannes), Frank De Kova (Abiram), Henry Wilcoxon (Pentaur), Eduard Franz (Jethro), Donald Curtis (Mered), Lawrence Dobkin (Hur Ben Caleb)','Paramount, Motion Picture Associates','Drama bíblico ambientado en el Antiguo Egipto que narra la historia de Moisés, favorito de la familia del faraón, que decide renunciar a su vida de privilegios para conducir a su pueblo, los hebreos esclavizados en Egipto, hacia la libertad. (Fuente: TMDB)','https://image.tmdb.org/t/p/original/gFoGJj2UpoLqIGsLwcRxWnyTymR.jpg',NULL,NULL,NULL,NULL,NULL,1,1,1,NULL,NULL,NULL,NULL,NULL,NULL,10,'2023-01-06 04:36:25',NULL,NULL,NULL,NULL,NULL,NULL,NULL,NULL,NULL,1,0,NULL,NULL,NULL,NULL,NULL,NULL,3,2),(33,'TMDB','22331',NULL,'tt0955411','The Ten Commandments','Los diez mandamientos',2007,88,'US','en','John Stronach, Bill Boyce','Ed Naha','Reg Powell','Alfred Molina (Ramses (voice)), Ben Kingsley (Narrator (voice)), Elliott Gould (God (voice)), Christian Slater (Moses (voice))','Promenade Pictures, Ten Chimneys Entertainment','Él es un hombre común, un humilde pastor que, a pesar de un pasado turbulento, ha encontrado la paz en una vida sencilla y un amante de la familia. Pero el día en que su pacífica vida es confrontada por la impresionante y repentina aparición de Dios, que tiene una misión de Moisés. Es una misión que empuja a Moisés en la historia de la etapa y de convertir lo ordinario en extraordinario, un poderoso profeta y líder de su pueblo. (Fuente: TMDB)','https://image.tmdb.org/t/p/original/yeake9TDNiyIFtqDjIAPMSJhO1u.jpg',NULL,NULL,NULL,NULL,NULL,1,1,1,NULL,NULL,NULL,NULL,NULL,NULL,10,'2023-01-06 04:50:04',NULL,NULL,NULL,NULL,NULL,NULL,NULL,NULL,NULL,1,0,NULL,NULL,NULL,NULL,NULL,NULL,3,2),(34,'TMDB','901271',NULL,'tt0217087','The Ten Commandments','The Ten Commandments',1996,NULL,'US','en','Michael Sporn','Craig J. Nevius','','Lexine Bondoc (Gershom (voice)), Joel Briel (Moses (voice)), Rusty Hammond (Pharaoh (voice)), Jennifer Kyff (Slave Woman (voice)), Jason McDonald (Egyptians (voice)), Ken Prymus (Whistler (voice)), Peter Samuel (Ramses (voice))','GoodTimes Entertainment, Cayre Brothers, Bert Stratford Productions.',NULL,'https://image.tmdb.org/t/p/original/hcHz1edjzsvTKWsF9m8smjdqzL5.jpg',NULL,NULL,NULL,NULL,NULL,1,1,1,NULL,NULL,NULL,NULL,NULL,NULL,10,'2023-01-06 04:55:41',NULL,NULL,NULL,NULL,NULL,NULL,NULL,NULL,NULL,1,0,NULL,NULL,NULL,NULL,NULL,NULL,3,2),(35,'TMDB','595871',NULL,'tt10233050','Jesús de Nazaret: El Hijo de Dios','Jesús de Nazaret: El Hijo de Dios',2019,NULL,'ES','es','Rafa Lara','Edui Tuerina Chapa','','Julián Gil, Gaby Espino, Sergio Marone, Carlos de la Mota, Fernando Allende, Débora Nascimento',NULL,NULL,'https://image.tmdb.org/t/p/original/ecz83StK0eK8Rnio8TCmhbtVU98.jpg',NULL,NULL,NULL,NULL,NULL,1,1,1,NULL,NULL,NULL,NULL,NULL,NULL,10,'2023-01-06 12:46:26',NULL,NULL,NULL,NULL,NULL,NULL,NULL,NULL,NULL,1,0,NULL,NULL,NULL,NULL,NULL,NULL,3,2),(36,'TMDB','998783',NULL,'tt21956982','Reste un peu','Reste un peu',2022,93,'FR','fr','Gad Elmaleh','Gad Elmaleh, Benjamin Charbit','','Gad Elmaleh (Gad), Régine Elmaleh (Régine), David Elmaleh (David), Judith Elmaleh (Judith), Delphine Horvilleur, Olivia Jubin, Nicolas Port (Pretre), Roschdy Zem, Jeremie Dethelot','KS2 Productions, Vito Films',NULL,'https://image.tmdb.org/t/p/original/4iTGw83EOSYNWgVFAOUeRvce5mQ.jpg',NULL,NULL,NULL,NULL,NULL,1,1,1,NULL,NULL,NULL,NULL,NULL,NULL,10,'2023-01-08 00:23:32',NULL,NULL,NULL,NULL,NULL,NULL,NULL,NULL,NULL,1,0,NULL,NULL,NULL,NULL,NULL,NULL,3,2),(37,'TMDB','21643',NULL,'tt0053075','Molokai: la isla maldita','Molokai: la isla maldita',1959,101,'ES','es','Luis Lucia, José Luis Monter','Jaime García Herranz, Francisco Roig Espert','Salvador Ruiz de Luna, Elder Barber, Jaime Torrens, Gabriel Basagaña','Javier Escrivá (Damián de Veuster), Roberto Camardiel, Gérard Tichy, Marcela Yurfa, Nani Fernández, Francisco Camoiras, Carlos Casaravilla, Ángel Aranda, María Arellano, Héctor Bianciotti, Luis Morris, Pedro Rodríguez de Quevedo, Francisco Sánchez, Tony Hernández, Ángel Menéndez, Enrique Rincón, Antonio Taño, Emiliano Lizares, Ángel Jordán, José Manuel Martín, Nela Conjiu, Antonio Moreno, Joaquín Burgos, Manuel Rojas, Enrique Ávila, José M. Blanco, Miguel Barreto, Felipe Ebel','Eurofilms','Reino de Hawai, 1866. Temiendo que la lepra se extienda por todo el archipiélago, el rey destierra a los enfermos a la isla de Molokai. En 1873, el misionero católico belga Damián de Veuster llega a la isla para ayudar a mejorar la vida de sus desventurados habitantes. (Fuente: TMDB)','https://image.tmdb.org/t/p/original/fPOEHalnb7P7xualkLYKuD7qNnr.jpg',NULL,NULL,NULL,NULL,NULL,1,1,1,NULL,NULL,NULL,NULL,NULL,NULL,10,'2023-01-13 12:32:29',NULL,NULL,NULL,NULL,NULL,NULL,NULL,NULL,NULL,1,0,NULL,NULL,NULL,NULL,NULL,NULL,3,2),(40,'TMDB','24192',NULL,'tt0058715','Il vangelo secondo Matteo','El Evangelio Según San Mateo',1965,137,'IT FR','it','Pier Paolo Pasolini, Vincenzo Cerami, Maurizio Lucidi, Elsa Morante, Lina D\'Amico, Paolo Schneider','Pier Paolo Pasolini','Luis Bacalov, Fausto Ancillai, Mario Del Pezzo','Enrique Irazoqui (Cristo), Margherita Caruso (Maria (Giovane)), Susanna Pasolini (Maria (Vecchia)), Marcello Morante (Giuseppe), Mario Socrate (Giovanni Battista), Settimio Di Porto (Pietro), Alfonso Gatto (Andrea), Luigi Barbini (Giacomo), Giacomo Morante (Giovanni), Giorgio Agamben (Filippo), Guido Cerretani (Bartolomeo), Guido Cerretani (Bartolomeo), Rosario Migale (Tommaso), Ferruccio Nuzzo (Matteo), Marcello Galdini (Giacomo Figlio di Alfeo), Elio Spaziani (Taddeo), Enzo Siciliano (Simone)','Arco Film, Lux Compagnie Cinématographique de France','En clave neorrealista, pero sin apartarse del texto bíblico, el polémico Pasolini realiza un cercano retrato de Jesús de Nazaret. (Fuente: TMDB)','https://image.tmdb.org/t/p/original/6hcxPxaAMfp0EMScEnj4OVrAYrk.jpg',NULL,NULL,NULL,NULL,NULL,1,1,1,NULL,NULL,NULL,NULL,NULL,NULL,10,'2023-01-13 15:56:27',NULL,NULL,NULL,NULL,NULL,NULL,NULL,NULL,NULL,1,0,NULL,NULL,NULL,NULL,NULL,NULL,3,2),(43,'TMDB','669370',NULL,'tt0486747','Alberto: ¿Quién sabe cuánto cuesta hacer un ojal?','Alberto: ¿Quién sabe cuánto cuesta hacer un ojal?',2005,108,'CL','es','Ricardo Larraín','Ricardo Larraín, Andrés Kalawski','Andreas Bodenhofer','Iván Álvarez de Araya (Alberto), Maria Olga Matte (Mother), Cristián Campos (Father), Alejandro Trejo (Gajardo), Aline Küppenheim (Aunt), Luis Gnecco (Uncle), Alejandro Goic (Vives), Carmen Disa Gutiérrez (Marta), Hugo Medina (Damián Symon), Sergio Madrid (Thesis Professor), Vilma Verdejo (Eyelets Lady), Arnaldo Berríos (Real estate agent), Andrés Kalawski (Merchant), Marcial Edwards (Theater Friend), Mireya Moreno (Ernestina), Clara María Escobar (Herminda), Jimena Sáez (Bella)','Cine XXI','Esta es la historia de la infancia y juventud de Alberto Hurtado (1901-1952). Él es un estudiante de derecho joven y esforzado, único sostén de su madre viuda. Debe luchar por concretar su máximo sueño: seguir el llamado de su vocación sacerdotal. La historia muestra sus afectos e ideales. Su compromiso con los desamparados, por los que no tienen quién los represente y defienda. Su testimonio y la radicalidad de sus convicciones nos interpelan. También muestra su lucha interior que se desemboca en su \"sí\" para ingresar al seminario, incluyendo su prácticas para dominar su temperamento y progresar en su anhelo de santidad. (Fuente: TMDB)','https://image.tmdb.org/t/p/original/dYs4hc5EL7kNpnXJF0VQPiCeKCh.jpg',NULL,NULL,NULL,NULL,NULL,1,1,1,NULL,NULL,NULL,NULL,NULL,NULL,10,'2023-01-26 13:51:18',NULL,NULL,NULL,NULL,NULL,NULL,NULL,NULL,NULL,1,0,NULL,NULL,NULL,NULL,NULL,NULL,3,2);
/*!40000 ALTER TABLE `prod_1peliculas` ENABLE KEYS */;
UNLOCK TABLES;

--
-- Table structure for table `prod_2colecciones`
--

DROP TABLE IF EXISTS `prod_2colecciones`;
/*!40101 SET @saved_cs_client     = @@character_set_client */;
/*!50503 SET character_set_client = utf8mb4 */;
CREATE TABLE `prod_2colecciones` (
  `id` int(10) unsigned NOT NULL AUTO_INCREMENT,
  `fuente` varchar(5) NOT NULL,
  `TMDB_id` varchar(10) DEFAULT NULL,
  `FA_id` varchar(10) DEFAULT NULL,
  `TMDB_entidad` varchar(10) DEFAULT NULL,
  `nombre_original` varchar(70) DEFAULT NULL,
  `nombre_castellano` varchar(70) DEFAULT NULL,
  `ano_estreno` smallint(5) unsigned DEFAULT NULL,
  `ano_fin` smallint(5) unsigned DEFAULT NULL,
  `paises_id` varchar(14) DEFAULT NULL,
  `idioma_original_id` varchar(2) DEFAULT NULL,
  `cant_temporadas` tinyint(3) unsigned DEFAULT NULL,
  `direccion` varchar(100) DEFAULT NULL,
  `guion` varchar(100) DEFAULT NULL,
  `musica` varchar(100) DEFAULT NULL,
  `actores` varchar(500) DEFAULT NULL,
  `produccion` varchar(50) DEFAULT NULL,
  `sinopsis` varchar(1004) DEFAULT NULL,
  `avatar` varchar(100) DEFAULT NULL,
  `cfc` tinyint(1) unsigned DEFAULT NULL,
  `ocurrio` tinyint(1) unsigned DEFAULT NULL,
  `musical` tinyint(1) unsigned DEFAULT NULL,
  `tipo_actuacion_id` tinyint(3) unsigned DEFAULT NULL,
  `publico_id` tinyint(3) unsigned DEFAULT NULL,
  `personaje_id` smallint(5) unsigned NOT NULL DEFAULT 1,
  `hecho_id` smallint(5) unsigned NOT NULL DEFAULT 1,
  `valor_id` smallint(5) unsigned NOT NULL DEFAULT 1,
  `fe_valores` tinyint(3) unsigned DEFAULT NULL,
  `entretiene` tinyint(3) unsigned DEFAULT NULL,
  `calidad_tecnica` tinyint(3) unsigned DEFAULT NULL,
  `calificacion` tinyint(3) unsigned DEFAULT NULL,
  `color` tinyint(1) unsigned DEFAULT NULL,
  `castellano` tinyint(1) unsigned DEFAULT NULL,
  `creado_por_id` int(10) unsigned NOT NULL,
  `creado_en` datetime NOT NULL DEFAULT utc_timestamp(),
  `alta_analizada_por_id` int(10) unsigned DEFAULT NULL,
  `alta_analizada_en` datetime DEFAULT NULL,
  `alta_terminada_en` datetime DEFAULT NULL,
  `lead_time_creacion` decimal(4,2) unsigned DEFAULT NULL,
  `editado_por_id` int(10) unsigned DEFAULT NULL,
  `editado_en` datetime DEFAULT NULL,
  `edic_analizada_por_id` int(10) unsigned DEFAULT NULL,
  `edic_analizada_en` datetime DEFAULT NULL,
  `lead_time_edicion` decimal(4,2) unsigned DEFAULT NULL,
  `status_registro_id` tinyint(3) unsigned NOT NULL DEFAULT 1,
  `perenne` tinyint(1) DEFAULT NULL,
  `motivo_id` tinyint(3) unsigned DEFAULT NULL,
  `sugerido_por_id` int(10) unsigned DEFAULT NULL,
  `sugerido_en` datetime DEFAULT NULL,
  `capturado_por_id` int(10) unsigned DEFAULT NULL,
  `capturado_en` datetime DEFAULT NULL,
  `captura_activa` tinyint(1) DEFAULT NULL,
  `links_gratis_en_bd_id` tinyint(3) unsigned NOT NULL DEFAULT 3,
  `links_gratis_en_web_id` tinyint(3) unsigned NOT NULL DEFAULT 2,
  PRIMARY KEY (`id`),
  UNIQUE KEY `TMDB_id` (`TMDB_id`),
  UNIQUE KEY `FA_id` (`FA_id`),
  KEY `publico_sugerido_id` (`publico_id`),
  KEY `personaje_id` (`personaje_id`),
  KEY `hecho_id` (`hecho_id`),
  KEY `valor_id` (`valor_id`),
  KEY `creado_por_id` (`creado_por_id`),
  KEY `alta_analizada_por_id` (`alta_analizada_por_id`),
  KEY `editado_por_id` (`editado_por_id`),
  KEY `edic_analizada_por_id` (`edic_analizada_por_id`),
  KEY `status_registro_id` (`status_registro_id`),
  KEY `sugerido_por_id` (`sugerido_por_id`),
  KEY `motivo_id` (`motivo_id`),
  KEY `capturado_por_id` (`capturado_por_id`),
  KEY `links_gratuitos_cargados_id` (`links_gratis_en_bd_id`),
  KEY `links_gratuitos_en_la_web_id` (`links_gratis_en_web_id`),
  KEY `prod_2colecciones_FK` (`tipo_actuacion_id`),
  CONSTRAINT `prod_2colecciones_FK` FOREIGN KEY (`tipo_actuacion_id`) REFERENCES `prod_tipos_actuacion` (`id`),
  CONSTRAINT `prod_2colecciones_ibfk_1` FOREIGN KEY (`publico_id`) REFERENCES `prod_publicos` (`id`),
  CONSTRAINT `prod_2colecciones_ibfk_10` FOREIGN KEY (`alta_analizada_por_id`) REFERENCES `usuarios` (`id`),
  CONSTRAINT `prod_2colecciones_ibfk_11` FOREIGN KEY (`editado_por_id`) REFERENCES `usuarios` (`id`),
  CONSTRAINT `prod_2colecciones_ibfk_12` FOREIGN KEY (`edic_analizada_por_id`) REFERENCES `usuarios` (`id`),
  CONSTRAINT `prod_2colecciones_ibfk_13` FOREIGN KEY (`status_registro_id`) REFERENCES `aux_status_registro` (`id`),
  CONSTRAINT `prod_2colecciones_ibfk_14` FOREIGN KEY (`sugerido_por_id`) REFERENCES `usuarios` (`id`),
  CONSTRAINT `prod_2colecciones_ibfk_15` FOREIGN KEY (`motivo_id`) REFERENCES `altas_motivos_rech` (`id`),
  CONSTRAINT `prod_2colecciones_ibfk_16` FOREIGN KEY (`capturado_por_id`) REFERENCES `usuarios` (`id`),
  CONSTRAINT `prod_2colecciones_ibfk_17` FOREIGN KEY (`links_gratis_en_bd_id`) REFERENCES `prod_si_no_parcial` (`id`),
  CONSTRAINT `prod_2colecciones_ibfk_18` FOREIGN KEY (`links_gratis_en_web_id`) REFERENCES `prod_si_no_parcial` (`id`),
  CONSTRAINT `prod_2colecciones_ibfk_6` FOREIGN KEY (`personaje_id`) REFERENCES `rclv_1personajes` (`id`),
  CONSTRAINT `prod_2colecciones_ibfk_7` FOREIGN KEY (`hecho_id`) REFERENCES `rclv_2hechos` (`id`),
  CONSTRAINT `prod_2colecciones_ibfk_8` FOREIGN KEY (`valor_id`) REFERENCES `rclv_3valores` (`id`),
  CONSTRAINT `prod_2colecciones_ibfk_9` FOREIGN KEY (`creado_por_id`) REFERENCES `usuarios` (`id`)
) ENGINE=InnoDB AUTO_INCREMENT=17 DEFAULT CHARSET=utf8mb4;
/*!40101 SET character_set_client = @saved_cs_client */;

--
-- Dumping data for table `prod_2colecciones`
--

LOCK TABLES `prod_2colecciones` WRITE;
/*!40000 ALTER TABLE `prod_2colecciones` DISABLE KEYS */;
INSERT INTO `prod_2colecciones` VALUES (1,'TMDB','855456',NULL,'collection','Karol','Karol',2005,2006,'PL IT CA','es',1,'Giacomo Battiato','Giacomo Battiato, Gianmario Pagano, Monica Zapelli','Ennio Morricone','Piotr Adamczyk, Malgorzata Bela, Raoul Bova, Lech Mackiewicz, Dariusz Kwasnik','TAO Film','Es una colección de 2 películas, que narra la vida de Karol Wojtyla (Juan Pablo II). La primera película transcurre durante su vida anterior al papado: la II Guerra Mundial, el comunismo, su seminario en forma clandestino porque estaba prohibido por los nazis, su nombramiento como obispo y cardenal, su formación de la juventud de su pueblo, su intención de preservar la cultura polaca durante el sometimiento alemán y luego ruso. La segunda película muestra su vida durante el papado. El atentado contra su vida, sus viajes apostólicos, el reencuentro con sus seres queridos. (Fuente: TMDB)','1645481101308.jpg',1,1,0,NULL,5,24,1,1,75,75,100,80,1,1,2,'2022-03-16 23:25:19',11,'2022-05-09 17:10:31','2022-05-26 18:18:01',96.00,2,'2022-03-16 23:25:19',11,'2022-05-26 18:18:23',96.00,3,0,NULL,NULL,NULL,NULL,NULL,NULL,3,2),(2,'TMDB','97919',NULL,'collection','Love Comes Softly Collection','El amor llega suavemente',2003,2011,'US','en',1,'Michael Landon Jr., David S. Cass Sr., Dora Hopkins','Janette Oke, Michael Landon Jr.','Ken Thorne, Michael Wetherwax, William Ashford, Kevin Kiner, Stephen Graziano, Stephen McKeon, Brian','Dale Midkiff, Erin Cottrell','Larry Levinson Productions, RHI Entertainment','Secuela de la vida de las sucesivas descendientes femeninas de una familia. (Fuente: TMDB)','1646276771102.jpg',0,0,0,NULL,5,1,1,11,75,75,100,80,1,1,2,'2022-03-16 23:25:22',11,'2022-05-09 17:10:31','2022-05-26 18:18:01',96.00,10,'2022-03-16 23:25:22',11,'2022-12-21 01:13:36',0.00,2,0,NULL,NULL,NULL,NULL,NULL,NULL,3,2),(3,'TMDB','19649',NULL,'tv','Jesus of Nazareth','Jesús de Nazaret',1977,1977,'GB IT','en',1,'Piero Amati, Pippo Pisciotto, Mohamed Abbazi','','Peter Maxwell, Lionel Strutt, Gerry Humphreys, Maurice Jarre','Robert Powell (Jesus), Olivia Hussey (Virgin Mary), Yorgo Voyagis (Joseph), Anne Bancroft (Mary Magdalene), Christopher Plummer (Herod Antipas), Anthony Quinn (Caiaphas), Ian McShane (Judas Iscariot), Ernest Borgnine (The Centurion), James Farentino (Simon Peter), Michael York (John the Baptist), James Earl Jones (Balthazar), Peter Ustinov (Herod the Great), Ian Holm (Zerah), Valentina Cortese (Herodias), Rod Steiger (Pontius Pilate), Claudia Cardinale (The Adulteress)','ITC Entertainment, RAI, ITC Films','Jesús de Nazaret es una miniserie de televisión italo-británica producida en el año 1977. Co-escrita y dirigida por Franco Zeffirelli, narra la vida de Jesús de Nazaret desde su nacimiento hasta su crucifixión y resurrección, pasando por la peregrinación durante su juventud, su bautismo y sus milagros. (Fuente: TMDB)','https://image.tmdb.org/t/p/original/jyR9lZNJtKzjhBasj1lnfC1lwut.jpg',NULL,NULL,NULL,NULL,NULL,1,1,1,100,75,100,92,NULL,NULL,10,'2022-12-22 02:46:44',NULL,NULL,NULL,NULL,NULL,NULL,NULL,NULL,NULL,1,0,NULL,NULL,NULL,NULL,NULL,NULL,3,2),(4,'TMDB','96464',NULL,'tv','Paolo VI - Il Papa nella tempesta','Pablo VI - El papa en la tempestad',2008,2008,'IT','it',1,'Fabrizio Costa','Gianmario Pagano, Francesco Arlanch, Maura Nuccetelli','Marco Frisina','Fabrizio Gifuni (Paolo VI), Mauro Marino (don Pasquale Macchi), Antonio Catania (Padre Giulio Bevilacqua), Luca Lionello (Don Leone), Sergio Tardioli (Don Primo Mazzolari), Claudio Botosso (Roberto Poloni), Licia Maglietta (Maria Colpani), Fabrizio Bucci (Matteo Poloni), Mariano Rigillo (Card. Eugene Tisserant), Giovanni Visentin (Card. Francesco Marchetti Selvaggiani), Sergio Fiorentini (Card. Pietro Gasparri), Luciano Virgilio (Card. Ugo Poletti), Pietro Biondi (Card. Jean-Marie Villot)','RAI','Se centra en la figura de Pablo VI desde que era sacerdote con 27 años, hasta los meses más cercanos a su muerte en marzo de 1978. Desde la perspectiva de Pablo VI, la película recoge momentos históricos como el fascismo en Italia, los Nazis, la II Guerra Mundial y el Concilio Vaticano II en el que Pablo VI tuvo un papel relevante o incluso la guerra de Vietnam. (Fuente: TMDB)','https://image.tmdb.org/t/p/original/6JVLSBRQkogCj6nt5SQJ59vGR4f.jpg',NULL,NULL,NULL,NULL,NULL,1,1,1,75,75,100,80,NULL,NULL,10,'2022-12-22 03:38:09',NULL,NULL,NULL,NULL,NULL,NULL,NULL,NULL,NULL,1,0,NULL,NULL,NULL,NULL,NULL,NULL,3,2),(6,'TMDB','1068661',NULL,'collection','Close to Jesus','Amigos de Jesús',2000,2014,'IT','es',1,'Elisabetta Marchetti, Raffaele Mertes','Gareth Jones, Gianmario Pagano','Marco Frisina','Matt Patresi (Barabba), Manfred Zapatka (Venturius), Mathias Herrmann (Longinus), Hannes Jaenicke (Joseph von Arimathaa), Mehmet Günsür (Giovanni), Danny Quinn (Jesus)','Epsilon TV Production, Lux Vide','Contemporáneos de Jesús (Fuente: TMDB)','https://image.tmdb.org/t/p/original/mF2VUXJZi3Pp4LNxbEvZ2QIyngL.jpg',NULL,NULL,NULL,NULL,NULL,1,1,1,75,75,100,80,NULL,NULL,10,'2023-01-02 01:34:33',NULL,NULL,NULL,NULL,NULL,NULL,NULL,NULL,NULL,1,0,NULL,NULL,NULL,NULL,NULL,NULL,3,2),(7,'TMDB','212879',NULL,'tv','Animated Stories from the New Testament','Animated Stories from the New Testament',1987,2005,'US','en',2,NULL,NULL,NULL,NULL,'united states of america',NULL,'https://image.tmdb.org/t/p/original/xZZnnYh4qobqamFSUGsQyA724Jl.jpg',NULL,NULL,NULL,NULL,NULL,1,1,1,100,75,100,92,NULL,NULL,10,'2023-01-05 19:40:26',NULL,NULL,NULL,NULL,NULL,NULL,NULL,NULL,NULL,1,0,NULL,NULL,NULL,NULL,NULL,NULL,3,2),(8,'TMDB','63109',NULL,'tv','Os Dez Mandamentos','Moisés y los Diez Mandamientos',2015,2016,'BR','pt',2,'Vivian de Oliveira, Arme Manente, Rogério Passos, Anderson Souza, Hamsa Hood, Vivianne Jundi','','','Bianka Fernandes (Abigail), Daniel Siwek (Abiú (Adult)), Kaik Brum (Abiú (Child)), Camila Santanioni (Ada), Marina Moschen (Amália (Young)), Lisandra Souto (Amália (Adult)), Roger Gobeth (Anrao (Young)), Tammy Di Calafiori (Ana), Paulo Gorgulho (Anrao (Adult)), Guilherme Winter (Moses), Rayana Carvalho (Adira), Sandro Rocha (Abirao), Carlos Bonow (Ahmós), Thierry Figueira (Anibal), Luciano Szafir, Nicole Orsini (Filha de Menarem)','Record TV, Casablanca','La historia comienza en la ciudad de Pi-Ramsés, en Egipto, aproximadamente en el año 1.300 antes de Cristo, cuando el poderoso faraón Seti manda a matar a todos los recién nacidos de sexo masculino a causa del odio que tenía por el pueblo Judío. En medio del horror por el infanticidio masivo, una valiente familia hebrea desafía la orden del Faraón y esconde a su hijo en un canasto que flotaba por el río Nilo, confiando en que Dios lo llevaría a un lugar seguro. (Fuente: TMDB)','https://image.tmdb.org/t/p/original/9Ee66ptQdWADkeNwUG7gNYv3jao.jpg',NULL,NULL,NULL,NULL,NULL,1,1,1,NULL,NULL,NULL,NULL,NULL,NULL,10,'2023-01-06 02:54:35',NULL,NULL,NULL,NULL,NULL,NULL,NULL,NULL,NULL,1,0,NULL,NULL,NULL,NULL,NULL,NULL,3,2),(9,'TMDB','47177',NULL,'tv','Moses','Moisés',1996,1996,'US','en',1,NULL,NULL,NULL,NULL,NULL,NULL,'https://image.tmdb.org/t/p/original/ibIlaNZsdu1SadoW8oToGH4HdAd.jpg',NULL,NULL,NULL,NULL,NULL,1,1,1,NULL,NULL,NULL,NULL,NULL,NULL,10,'2023-01-06 04:32:55',NULL,NULL,NULL,NULL,NULL,NULL,NULL,NULL,NULL,1,0,NULL,NULL,NULL,NULL,NULL,NULL,3,2),(10,'TMDB','9199',NULL,'tv','The Ten Commandments','Los diez mandamientos',2006,2006,'US','en',1,'Robert Dornhelm','Ron Hutchinson','Randy Edelman','Dougray Scott (Moses), Linus Roache (Aaron), Naveen Andrews (Menerith), Mía Maestro (Zipporah), Padma Lakshmi (Princess Bithia), Omar Sharif (Jethro), Paul Rhys (Ramses), Claire Bloom (Rani), Ashley Artus (Sichem), Silas Carson (Jered), Simon De Selva (Overseer 1), Susan Lynch (Miriam), Ben Hammersley (Young Moses), Hanane Ibrahimi (Tribes Woman 2), Khanssa Machkkour (Young Miriam), Firlid Othminni (Young Gershom), Sally Patrick (Tribes Woman 1), Richard O\'Brien (Anander)',NULL,'Egipto, año 1300 a.C. El faraón Ramsés II ordena la muerte de todos los recién nacidos varones hijos de esclavos hebreos. Pero, milagrosamente, uno de ellos sobrevive, al ser recogido de las aguas del Nilo por la hija del Faraón, que le dio el nombre de Moisés, que significa \"salvado de las aguas\". Cuando Moisés creció, Dios le encomendó la misión de guiar al pueblo de Israel a la Tierra Prometida. (FILMAFFINITY)','https://image.tmdb.org/t/p/original/oZw9pMEHNtBzXMkWtsmnTEnrrVv.jpg',NULL,NULL,NULL,NULL,NULL,1,1,1,NULL,NULL,NULL,NULL,NULL,NULL,10,'2023-01-06 04:45:49',NULL,NULL,NULL,NULL,NULL,NULL,NULL,NULL,NULL,1,0,NULL,NULL,NULL,NULL,NULL,NULL,3,2),(12,'TMDB','1070399',NULL,'collection','The Bible Collection','Colección La Biblia',1993,2000,'IT US','es',1,'Roger Young','Lionel Chetwynd','Ennio Morricone, Marco Frisina','Ben Kingsley (Potifar), Paul Mercurio (Josef), Dominique Sanda (Lea), Lesley Ann Warren (Potifars Frau), Martin Landau (Jakob), Alice Krige (Rahel), Warren Clarke (Ednan), Monica Bellucci (Pharaos Frau), Stefano Dionisi (Pharao), Valéria Cavalli (Asenat), Kelly Miracco (Tamar), Gloria Carlin (Bilha), Michael Angelis (Ruben), Vincenzo Nicoli (Simeon), Colin Bruce (Levi), Michael Attwell (Juda), Davide Cincis (Dan), Rodolfo Corsato (Naftali), Pete Lee-Wilson (Gad), Selva Rasalingam (Ascher)','Beta Film, Lux Vide','Historias de la Biblia (Fuente: TMDB)','https://image.tmdb.org/t/p/original/lug8SC0acLYmSMJazoO5yjYot2a.jpg',NULL,NULL,NULL,NULL,NULL,1,1,1,NULL,NULL,NULL,NULL,NULL,NULL,10,'2023-01-06 18:46:15',NULL,NULL,NULL,NULL,NULL,NULL,NULL,NULL,NULL,1,0,NULL,NULL,NULL,NULL,NULL,NULL,3,2),(13,'TMDB','43899',NULL,'tv','The Bible','La Biblia',2013,2013,'US','en',1,'Crispin Reece, Christopher Spencer, Tony Mitchell','Richard Bedser','','Diogo Morgado (Jesus Christ), Keith David (Narrator), Roma Downey (Mother Mary), Sebastian Knapp (John), Adrian Schiller (Caiaphas), Paul Brightwell (Malchus), Greg Hicks (Pontius Pilate), Amber Rose Revah (Mary Magdalene), Louise Delamere (Claudia), Darwin Shaw (Peter), William Houston (Moses), Paul Marc Davis (Simon), Con O\'Neill (Paul), Francis Magee (Saul), Mohamen Mehdi Ouazanni (Satan), Andrew Scarborough (Joshua), Paul Freeman, Joe Wredden (Judas)',NULL,'La historia de la creación de la Tierra de Dios y los acontecimientos históricos que condujeron a la crucifixión de Jesucristo. (Fuente: TMDB)','https://image.tmdb.org/t/p/original/nEG1GxdE8ct4Zp3cQuhw20daKgi.jpg',NULL,NULL,NULL,NULL,NULL,1,1,1,NULL,NULL,NULL,NULL,NULL,NULL,10,'2023-01-06 19:32:57',NULL,NULL,NULL,NULL,NULL,NULL,NULL,NULL,NULL,1,0,NULL,NULL,NULL,NULL,NULL,NULL,3,2),(14,'TMDB','579870',NULL,'collection','Qu\'est-ce qu\'on a fait au Bon Dieu ? - Saga','Dios mío, ¿pero qué te hemos hecho? - Colección',2014,2022,'FR','fr',1,'Philippe de Chauveron, Luc Bricault, Coline Perruchon, Moritz Parisius, Bruce Amic, Leonard Gaultier','Philippe de Chauveron, Guy Laurent','Marc Chouarain','Christian Clavier (Claude Verneuil), Chantal Lauby (Marie Verneuil), Ary Abittan (David Benichou), Medi Sadoun (Rachid Benassem), Frédéric Chau (Chao Ling), Noom Diawara (Charles Koffi), Pascal N\'Zonzi (André Koffi), Salimata Kamate (Madeleine Koffi), Tatiana Rojo (Viviane Koffi)','UGC','Las peripecias de la familia Verneuil y de sus 4 hijas (Fuente: TMDB)','https://image.tmdb.org/t/p/original/a1oGssBOLfQQwoTMhmoXWtgD8NR.jpg',NULL,NULL,NULL,NULL,NULL,1,1,1,50,100,100,75,NULL,NULL,10,'2023-01-08 00:30:14',NULL,NULL,NULL,NULL,NULL,NULL,NULL,NULL,NULL,1,0,NULL,NULL,NULL,NULL,NULL,NULL,3,2),(16,'TMDB','5402',NULL,'tv','Il était une fois... les découvreurs','Érase una vez... los inventores',1994,1995,'FR','fr',1,'','','Michel Legrand, Lisbeth Gillan','Roger Carel (Narrateur), Albert Augier (Voice), Olivier Destrez (Voice), Michel Paulin (Voice), Patrick Préjean (Voice), Sady Rebbot (Voice), Gilles Tamiz (Voice)','Procidis','Érase una vez... los inventores (en francés: Il était une fois... les Découvreurs) fue una serie de televisión animada francesa de 26 episodios con una duración de unos 25 minutos. Fue creada por Albert Barillé en los estudios Procidis y difundida por Canal+ a partir de enero de 1994. También participaron en la realización de esta serie Bélgica, Canadá, España, Italia, Japón, Noruega, Países Bajos, Suecia y Suiza.\n\nOfrece el fascinante mundo de los inventos y sus protagonistas. Una obra educativa y muy entretenida, una colección imprescindible que viaja a través del tiempo para adentrarse en el apasionante universo del saber y los grandes descubrimientos históricos. (Fuente: TMDB)','https://image.tmdb.org/t/p/original/nnVFenlHCAzTa81mJNqV6a4PxlH.jpg',NULL,NULL,NULL,NULL,NULL,1,1,1,NULL,NULL,NULL,NULL,NULL,NULL,10,'2023-01-14 19:22:50',NULL,NULL,NULL,NULL,NULL,NULL,NULL,NULL,NULL,1,0,NULL,NULL,NULL,NULL,NULL,NULL,3,2);
/*!40000 ALTER TABLE `prod_2colecciones` ENABLE KEYS */;
UNLOCK TABLES;

--
-- Table structure for table `prod_3capitulos`
--

DROP TABLE IF EXISTS `prod_3capitulos`;
/*!40101 SET @saved_cs_client     = @@character_set_client */;
/*!50503 SET character_set_client = utf8mb4 */;
CREATE TABLE `prod_3capitulos` (
  `id` int(10) unsigned NOT NULL AUTO_INCREMENT,
  `coleccion_id` int(10) unsigned NOT NULL,
  `temporada` tinyint(3) unsigned NOT NULL,
  `capitulo` tinyint(3) unsigned NOT NULL,
  `fuente` varchar(10) NOT NULL,
  `TMDB_id` varchar(10) DEFAULT NULL,
  `FA_id` varchar(10) DEFAULT NULL,
  `IMDB_id` varchar(10) DEFAULT NULL,
  `nombre_original` varchar(70) DEFAULT NULL,
  `nombre_castellano` varchar(70) DEFAULT NULL,
  `ano_estreno` smallint(5) unsigned DEFAULT NULL,
  `duracion` tinyint(3) unsigned DEFAULT NULL,
  `paises_id` varchar(14) DEFAULT NULL,
  `idioma_original_id` varchar(2) DEFAULT NULL,
  `direccion` varchar(100) DEFAULT NULL,
  `guion` varchar(100) DEFAULT NULL,
  `musica` varchar(100) DEFAULT NULL,
  `actores` varchar(500) DEFAULT NULL,
  `produccion` varchar(100) DEFAULT NULL,
  `sinopsis` varchar(1004) DEFAULT NULL,
  `avatar` varchar(100) DEFAULT NULL,
  `cfc` tinyint(1) unsigned DEFAULT NULL,
  `ocurrio` tinyint(1) unsigned DEFAULT NULL,
  `musical` tinyint(1) unsigned DEFAULT NULL,
  `tipo_actuacion_id` tinyint(3) unsigned DEFAULT NULL,
  `publico_id` tinyint(3) unsigned DEFAULT NULL,
  `personaje_id` smallint(5) unsigned NOT NULL DEFAULT 1,
  `hecho_id` smallint(5) unsigned NOT NULL DEFAULT 1,
  `valor_id` smallint(5) unsigned NOT NULL DEFAULT 1,
  `fe_valores` tinyint(3) unsigned DEFAULT NULL,
  `entretiene` tinyint(3) unsigned DEFAULT NULL,
  `calidad_tecnica` tinyint(3) unsigned DEFAULT NULL,
  `calificacion` tinyint(3) unsigned DEFAULT NULL,
  `color` tinyint(1) unsigned DEFAULT NULL,
  `castellano` tinyint(1) unsigned DEFAULT NULL,
  `creado_por_id` int(10) unsigned NOT NULL,
  `creado_en` datetime NOT NULL DEFAULT utc_timestamp(),
  `alta_analizada_por_id` int(10) unsigned DEFAULT NULL,
  `alta_analizada_en` datetime DEFAULT NULL,
  `alta_terminada_en` datetime DEFAULT NULL,
  `lead_time_creacion` decimal(4,2) unsigned DEFAULT NULL,
  `editado_por_id` int(10) unsigned DEFAULT NULL,
  `editado_en` datetime DEFAULT NULL,
  `edic_analizada_por_id` int(10) unsigned DEFAULT NULL,
  `edic_analizada_en` datetime DEFAULT NULL,
  `lead_time_edicion` decimal(4,2) unsigned DEFAULT NULL,
  `status_registro_id` tinyint(3) unsigned NOT NULL DEFAULT 1,
  `perenne` tinyint(1) DEFAULT NULL,
  `motivo_id` tinyint(3) unsigned DEFAULT NULL,
  `sugerido_por_id` int(10) unsigned DEFAULT NULL,
  `sugerido_en` datetime DEFAULT NULL,
  `capturado_por_id` int(10) unsigned DEFAULT NULL,
  `capturado_en` datetime DEFAULT NULL,
  `captura_activa` tinyint(1) DEFAULT NULL,
  `links_gratis_en_bd_id` tinyint(3) unsigned NOT NULL DEFAULT 3,
  `links_gratis_en_web_id` tinyint(3) unsigned NOT NULL DEFAULT 2,
  PRIMARY KEY (`id`),
  UNIQUE KEY `TMDB_id` (`TMDB_id`),
  UNIQUE KEY `FA_id` (`FA_id`),
  UNIQUE KEY `IMDB_id` (`IMDB_id`),
  KEY `coleccion_id` (`coleccion_id`),
  KEY `idioma_original_id` (`idioma_original_id`),
  KEY `publico_sugerido_id` (`publico_id`),
  KEY `personaje_id` (`personaje_id`),
  KEY `hecho_id` (`hecho_id`),
  KEY `valor_id` (`valor_id`),
  KEY `creado_por_id` (`creado_por_id`),
  KEY `alta_analizada_por_id` (`alta_analizada_por_id`),
  KEY `editado_por_id` (`editado_por_id`),
  KEY `edic_analizada_por_id` (`edic_analizada_por_id`),
  KEY `status_registro_id` (`status_registro_id`),
  KEY `sugerido_por_id` (`sugerido_por_id`),
  KEY `motivo_id` (`motivo_id`),
  KEY `capturado_por_id` (`capturado_por_id`),
  KEY `links_gratuitos_cargados_id` (`links_gratis_en_bd_id`),
  KEY `links_gratuitos_en_la_web_id` (`links_gratis_en_web_id`),
  KEY `prod_3capitulos_FK` (`tipo_actuacion_id`),
  CONSTRAINT `prod_3capitulos_FK` FOREIGN KEY (`tipo_actuacion_id`) REFERENCES `prod_tipos_actuacion` (`id`),
  CONSTRAINT `prod_3capitulos_ibfk_1` FOREIGN KEY (`coleccion_id`) REFERENCES `prod_2colecciones` (`id`),
  CONSTRAINT `prod_3capitulos_ibfk_10` FOREIGN KEY (`valor_id`) REFERENCES `rclv_3valores` (`id`),
  CONSTRAINT `prod_3capitulos_ibfk_11` FOREIGN KEY (`creado_por_id`) REFERENCES `usuarios` (`id`),
  CONSTRAINT `prod_3capitulos_ibfk_12` FOREIGN KEY (`alta_analizada_por_id`) REFERENCES `usuarios` (`id`),
  CONSTRAINT `prod_3capitulos_ibfk_13` FOREIGN KEY (`editado_por_id`) REFERENCES `usuarios` (`id`),
  CONSTRAINT `prod_3capitulos_ibfk_14` FOREIGN KEY (`edic_analizada_por_id`) REFERENCES `usuarios` (`id`),
  CONSTRAINT `prod_3capitulos_ibfk_15` FOREIGN KEY (`status_registro_id`) REFERENCES `aux_status_registro` (`id`),
  CONSTRAINT `prod_3capitulos_ibfk_16` FOREIGN KEY (`sugerido_por_id`) REFERENCES `usuarios` (`id`),
  CONSTRAINT `prod_3capitulos_ibfk_17` FOREIGN KEY (`motivo_id`) REFERENCES `altas_motivos_rech` (`id`),
  CONSTRAINT `prod_3capitulos_ibfk_18` FOREIGN KEY (`capturado_por_id`) REFERENCES `usuarios` (`id`),
  CONSTRAINT `prod_3capitulos_ibfk_19` FOREIGN KEY (`links_gratis_en_bd_id`) REFERENCES `prod_si_no_parcial` (`id`),
  CONSTRAINT `prod_3capitulos_ibfk_20` FOREIGN KEY (`links_gratis_en_web_id`) REFERENCES `prod_si_no_parcial` (`id`),
  CONSTRAINT `prod_3capitulos_ibfk_4` FOREIGN KEY (`idioma_original_id`) REFERENCES `aux_idiomas` (`id`),
  CONSTRAINT `prod_3capitulos_ibfk_7` FOREIGN KEY (`publico_id`) REFERENCES `prod_publicos` (`id`),
  CONSTRAINT `prod_3capitulos_ibfk_8` FOREIGN KEY (`personaje_id`) REFERENCES `rclv_1personajes` (`id`),
  CONSTRAINT `prod_3capitulos_ibfk_9` FOREIGN KEY (`hecho_id`) REFERENCES `rclv_2hechos` (`id`)
) ENGINE=InnoDB AUTO_INCREMENT=384 DEFAULT CHARSET=utf8mb4;
/*!40101 SET character_set_client = @saved_cs_client */;

--
-- Dumping data for table `prod_3capitulos`
--

LOCK TABLES `prod_3capitulos` WRITE;
/*!40000 ALTER TABLE `prod_3capitulos` DISABLE KEYS */;
INSERT INTO `prod_3capitulos` VALUES (1,1,1,1,'TMDB','38516',NULL,'tt0435100','Karol - Un uomo diventato Papa','Karol, el hombre que llegó a ser Papa',2005,195,'PL IT','it','Giacomo Battiato','Giacomo Battiato','Ennio Morricone','Piotr Adamczyk (Karol Wojtyla), Malgorzata Bela (Hanna Tuszynska), Ken Duken (Adam Zielinski), Hristo Shopov (Julian Kordek), Ennio Fantastichini (Maciej Nowak), Violante Placido (Maria Pomorska), Matt Craven (Hans Frank), Raoul Bova (padre Tomasz Zaleski), Lech Mackiewicz (card. Stefan Wyszynski), Patrycja Soliman (Wislawa), Olgierd Lukaszewicz (Karol Wojtyla padre), Szymon Bobrowski (capitano Macke), Kenneth Welsh (professor Wójcik), Mateusz Damiecki (Wiktor), Adrian Ochalik (Jerzy Kluger)','TAO Film','Miniserie biográfica sobre Juan Pablo II. En su juventud, en Polonia bajo la ocupación nazi, Karol Wojtyla trabajó en una cantera de caliza para poder sobrevivir. La represión nazi causó numerosas víctimas no sólo entre los judíos, sino también entre los católicos. Es entonces cuando Karol decide responder a la llamada divina. (Fuente: TMDB)','https://image.tmdb.org/t/p/original/xVqMG4KcTXhkhL65yohBpjbkY65.jpg',1,1,0,NULL,5,24,1,1,NULL,NULL,NULL,NULL,1,NULL,2,'2022-03-16 23:25:20',2,'2022-05-26 18:18:01','2022-05-26 18:18:01',96.00,2,'2022-03-16 23:25:19',11,'2022-05-26 18:18:23',96.00,3,0,NULL,NULL,NULL,NULL,NULL,NULL,3,2),(2,1,1,2,'TMDB','75470',NULL,'tt0495039','Karol, un Papa rimasto uomo','Karol, el Papa que siguió siendo hombre',2006,184,'IT PL CA','it','Giacomo Battiato','Gianmario Pagano, Giacomo Battiato, Monica Zapelli','Ennio Morricone','Piotr Adamczyk (John Paul II), Dariusz Kwasnik (Dr. Renato Buzzonetti), Michele Placido (Dr. Renato Buzzonetti), Dariusz Kwasnik (Stanislaw Dziwisz), Alberto Cracco (Agostino Casaroli), Adriana Asti (Madre Teresa di Calcutta), Raoul Bova (Padre Thomas), Leslie Hope (Julia Ritter), Alkis Zanis (Ali Agca), Carlos Kaniowsky (Oscar Arnulfo Romero Goldamez), Fabrice Scott (Jerzy Popieluszko), Paolo Maria Scalondro (Wojciech Jaruzelski), Daniela Giordano (Tobiana Sobótka)','TAO Film','Es la continuación de la miniserie Karol, el hombre que se convirtió en Papa. Narra la historia, desde 1978 en adelante, del primer hombre de un país del este elegido Papa y el papel que tomó en el final del Comunismo, a pesar de sufrir un intento de asesinato que trató de hacerlo callar. La historia narra cómo continuó su pontificado con valor a pesar de la enfermedad que poco a poco iba minando su vida. Él nunca ocultó su sufrimiento físico, pero luchó hasta el final contra la guerra y la violencia. (Fuente: TMDB)','https://image.tmdb.org/t/p/original/pTZZSSjJvKohXJmBdAT5CO5lXnK.jpg',1,1,0,NULL,5,24,1,1,NULL,NULL,NULL,NULL,1,NULL,2,'2022-03-16 23:25:20',2,'2022-05-26 18:18:01','2022-05-26 18:18:01',96.00,2,'2022-03-16 23:25:19',11,'2022-05-26 18:18:23',96.00,3,0,NULL,NULL,NULL,NULL,NULL,NULL,3,2),(3,2,1,1,'TMDB','16250',NULL,'tt0345591','Love Comes Softly','El amor llega suavemente',2003,84,'US','en','Michael Landon Jr.','Michael Landon Jr., Janette Oke, Cindy Kelley','Ken Thorne, Michael Wetherwax, William Ashford','Katherine Heigl (Marty Claridge), Dale Midkiff (Clark Davis), Skye McCole Bartusiak (Missie Davis), Corbin Bernsen (Ben Graham), Theresa Russell (Sarah Graham), Oliver Macready (Aaron Claridge), Tiffany Amber Knight (Laura Graham), Nick Scoggin (Reverend Johnson), Rutanya Alda (Wanda Marshall), Jaimz Woolvett (Wagon Train Scout), Janet Rotblatt (Woman in Wagon), Adam Loeffler (Clint Graham), David Fine (Jed Larsen (uncredited)), Dani Goldman (Young Marty (uncredited))','Larry Levinson Productions, Hallmark Entertainment, Alpine Medien Productions','Estando de ruta hacia su nuevo hogar en las grandes llanuras del oeste, una joven se queda repentinamente viuda en medio del largo viaje en carreta. Con una dura temporada invernal acechando y sin recursos para regresar, la joven acepta el trato que le ofrece un granjero: casarse con él para ocuparse de su hija, a cambio de cobijo y de un pasaje de vuelta en primavera. (Fuente: TMDB)','https://image.tmdb.org/t/p/original/eDxmL7CCHWCcFpbdS6yVnspOjV1.jpg',0,0,0,NULL,4,1,1,1,NULL,NULL,NULL,NULL,1,NULL,2,'2022-12-20 22:50:33',NULL,NULL,NULL,NULL,NULL,NULL,NULL,NULL,NULL,1,0,NULL,NULL,NULL,NULL,NULL,NULL,3,2),(4,2,1,2,'TMDB','20641',NULL,'tt0402348','Love\'s Enduring Promise','El amor lo puede todo',2004,95,'US','en','Michael Landon Jr.','Michael Landon Jr., Janette Oke, Cindy Kelley','','January Jones (Missie Davis), Logan Bartholomew (Willie / Nate), Dale Midkiff (Clark Davis), Katherine Heigl (Marty Claridge), Kesun Loder (Aaron Davis), Logan Arens (Arnie Davis), Mackenzie Astin (Grant Thomas), Cliff DeYoung (Zeke), Matthew Peters (Brian Murphy), Michael Bartel (Willie at 15), Dominic Scott Kay (Mattie), Blaine Pate (Sam), Cara DeLizia (Annie Walker), Robert F. Lyons (Doc Watkins), Douglas Fisher (Edward Trumball), E.J. Callahan (Asa), Katia Coe (Clara), Gary Sievers (Ranxher)',NULL,'Una familia de granjeros del Oeste, cuya subsistencia depende de sus cosechas, ve cómo un accidente del cabeza de familia, que se verá obligado a guardar cama, pone en grave peligro su situación económica. Su hija, una maestra de escuela, se ve obligada a realizar las duras labores de la granja, hasta que un forastero se ofrece a ayudarles y a curar al herido... (Fuente: TMDB)','https://image.tmdb.org/t/p/original/lwbeyOtRpn1izaRnVVhDSJGwHRu.jpg',0,0,0,NULL,4,1,1,1,NULL,NULL,NULL,NULL,1,NULL,2,'2022-12-20 22:50:33',NULL,NULL,NULL,NULL,NULL,NULL,NULL,NULL,NULL,1,0,NULL,NULL,NULL,NULL,NULL,NULL,3,2),(5,2,1,3,'TMDB','22488',NULL,'tt0785025','Love\'s Abiding Joy','El largo camino del amor',2006,88,'US','en','Michael Landon Jr.','Michael Landon Jr., Janette Oke, Douglas Lloyd McIntosh, Bridget Terry','','Erin Cottrell (Missie), Logan Bartholomew (Willie), William Morgan Sheppard (Scottie), James Tupper (Henry), Irene Bedard (Miriam Red Hawk McClain), Dale Midkiff (Clark Davis), Frank McRae (Cookie), Drew Tyler Bell (Jeff LaHaye), Brett Coker (Mattie LaHaye), Mae Whitman (Colette Doros), John Laughlin (Smuel Doros), Kevin Gage (John Abel), Brianna Brown (Melinda Klein), Stephen Bridgewater (Frank Taylorson), Blake Gibbons (Joe Paxson), Madison Leisle (Annie), Thomas Stanley (Mark)',NULL,'Tras un peligroso viaje al Oeste, Missie (Erin Cottrell) y su marido (Logan Bartholomew) se establecen en unas tierras con la intención de formar una familia. (Fuente: TMDB)','https://image.tmdb.org/t/p/original/rNQCuECnv6ubGJzHqqdFB2O1bV7.jpg',0,0,0,NULL,4,1,1,1,NULL,NULL,NULL,NULL,1,NULL,2,'2022-12-20 22:50:33',NULL,NULL,NULL,NULL,NULL,NULL,NULL,NULL,NULL,1,0,NULL,NULL,NULL,NULL,NULL,NULL,3,2),(6,2,1,4,'TMDB','20583',NULL,'tt0486420','Love\'s Long Journey','El amor dura eternamente',2005,87,'US','en','Michael Landon Jr.','','','Erin Cottrell (Missie LaHaye), Dale Midkiff (Clark Davis), Logan Bartholomew (Willie LaHaye), Frank McRae (Cookie), Drew Tyler Bell (Jeff LaHaye), William Morgan Sheppard (Scottie), Richard Lee Jackson (Sonny Huff)',NULL,'Adaptación televisiva de la novela de Janette Oke sobre una joven pareja, Missie (Erin Cottrell) y Willie (Logan Bartholomew), que abandonan sus hogares para comenzar una nueva vida en el Oeste. Durante el camino, su amor y su Fe en Dios serán puestos a prueba por la adversidades del trayecto. Willie y Missie La Haye emprenden una nueva vida como colonos en el Oeste americano. Adquieren un rancho y un buen número de cabezas de ganado y, una vez instalados, Missie confiesa a su marido que espera un hijo. Su padre, desde la distancia, le recuerda que sus corazones están unidos por el amor, y que pronto se reencontrarán. Mientras tanto, Missie trabaja como maestra ganándose el afecto de la comunidad india. (Fuente: TMDB)','https://image.tmdb.org/t/p/original/eIrxGoq68iH16NWFF1XKCKXRmaE.jpg',0,0,0,NULL,4,1,1,1,NULL,NULL,NULL,NULL,1,NULL,2,'2022-12-20 22:50:33',NULL,NULL,NULL,NULL,NULL,NULL,NULL,NULL,NULL,1,0,NULL,NULL,NULL,NULL,NULL,NULL,3,2),(7,2,1,5,'TMDB','30975',NULL,'tt0929864','Love\'s Unending Legacy','El legado de un amor infinito',2007,84,'US','en','Mark Griffiths','Janette Oke, Pamela Wallace','Kevin Kiner','Erin Cottrell (Missie LaHaye), Holliston Coleman (Belinda Marshall-LaHaye), Victor Browne (Sherrif Zack Tyler), Hank Stratton (Pastor Joe), Braeden Lemasters (Jacob Marshall-LaHaye), Dave Florek (Hank Pettis), Stephanie Nash (Mrs. Pettis), Bret Loehr (Calvin), Dale Midkiff (Clark Davis)',NULL,'Tres años después de la muerte de su marido, Missie decide regresar junto a su hijo a casa de sus padres. Allí recupera su trabajo como maestra y adopta a Belinda, una huérfana algo rebelde que oculta un secreto: tiene un hermano menor que está siendo maltratado por sus nuevos padres adoptivos. (Fuente: TMDB)','https://image.tmdb.org/t/p/original/xi57bQTg33RpduDphkvtdWkEI7b.jpg',0,0,0,NULL,4,1,1,1,NULL,NULL,NULL,NULL,1,NULL,2,'2022-12-20 22:50:33',NULL,NULL,NULL,NULL,NULL,NULL,NULL,NULL,NULL,1,0,NULL,NULL,NULL,NULL,NULL,NULL,3,2),(8,2,1,6,'TMDB','49857',NULL,'tt0960143','Love\'s Unfolding Dream','La doble cara del amor',2007,87,'US','en','Harvey Frost','','','Erin Cottrell (Missy Tyler), Scout Taylor-Compton (Belinda Tyler), Dale Midkiff (Clark Davis), Robert Pine (Dr. Micah Jackson), Victor Browne (Sheriff Zach Taylor), Samantha Smith (Mart Davis), Patrick Levis (Drew Simpson), Nancy Linehan Charles (Virginia Stafford-Smith)','Larry Levinson Productions, RHI Entertainment, Alpine Medien Productions','Belinda quiere ser doctora, pero vive en una época en la que su condición de mujer pone muchas trabas a su camino. Se debate entre su vocación y el amor por un abogado de costumbres tradicionales. (FILMAFFINITY)','https://image.tmdb.org/t/p/original/7OCcCfioaoUS1q5nemO8uSciKRj.jpg',0,0,0,NULL,4,1,1,1,NULL,NULL,NULL,NULL,1,NULL,2,'2022-12-20 22:50:33',NULL,NULL,NULL,NULL,NULL,NULL,NULL,NULL,NULL,1,0,NULL,NULL,NULL,NULL,NULL,NULL,3,2),(9,2,1,7,'TMDB','21636',NULL,'tt1269560','Love Takes Wing','Y el amor volvió a nosotros',2009,88,'US','en','Lou Diamond Phillips','Rachel Stuhler','','Sarah Jones (Belinda Simpson), Haylie Duff (Annie Nelson), Jordan Bridges (Lee Owens), Patrick Duffy (Mayor Evans), Cloris Leachman (Hattie Clarence), John Bishop (John Pine), Lou Diamond Phillips (Ray Russell), Erin Cottrell (Missy), Annalise Basso (Lillian), Time Winters (Gus), Bonnie Root (Mrs. Pine), Craig K. Bodkin (Sheriff), Dave Rodgers (Stage Coach Driver)',NULL,'Tras la muerte de su marido, la doctora Belinda Simpson llega a la ciudad de Sikeston. Pronto descubre que su población está enfermando y muriendo de cólera, brote que proviene de un orfanato cercano. (Fuente: TMDB)','https://image.tmdb.org/t/p/original/b6bM8dmSbEHDv9hHIJCZjbgIkbV.jpg',0,0,0,NULL,4,1,1,1,NULL,NULL,NULL,NULL,1,NULL,2,'2022-12-20 22:50:33',NULL,NULL,NULL,NULL,NULL,NULL,NULL,NULL,NULL,1,0,NULL,NULL,NULL,NULL,NULL,NULL,3,2),(10,2,1,8,'TMDB','25182',NULL,'tt1307064','Love Finds A Home','Y el amor llegó al hogar',2009,88,'US','en','David S. Cass Sr.','Janette Oke, Donald Davenport','Stephen Graziano','Sarah Jones (Belinda Simpson), Haylie Duff (Annie), Jordan Bridges (Lee Owens), Patty Duke (Mary), Courtney Halverson (Lillian), Michael Trevino (Joshua), Jeffrey Muller (Peter), Dahlia Salem (Mabel McQueen), Thomas Kopache (Reverend Davis), Chad W. Smathers (Danny Travis), Daniel Beer (Lloyd McQueen), Jeff Clarke (Mr. Travis), Jennifer M. Gentile (Mrs. Travis), Matthew Florida (Young Cowboy), Michelle Josette (Young Mother), Time Winters (Gus), Grace Levinson (Grace), Shannon Levinson (Shannon)','RHI Entertainment, Larry Levinson Productions, LG Films, Faith & Family Entertainment','La doctora Annie Watson va a casa de su mejor amiga, la también facultativa Belinda Owens. Allí, la chica tendrá que convivir con Mary, una mujer a la que le gustan los remedios naturales, y con un matrimonio en crisis, por la imposibilidad de Belinda por quedarse embarazada. (FILMAFFINITY)','https://image.tmdb.org/t/p/original/zgFi7OtOeMmvH3stWJSpazJGaSJ.jpg',0,0,0,NULL,4,1,1,1,NULL,NULL,NULL,NULL,1,NULL,2,'2022-12-20 22:50:33',NULL,NULL,NULL,NULL,NULL,NULL,NULL,NULL,NULL,1,0,NULL,NULL,NULL,NULL,NULL,NULL,3,2),(11,2,1,9,'TMDB','81450',NULL,'tt1684907','Love Begins','Cuando nace el amor',2011,0,'US, IE','en','David S. Cass Sr., Dora Hopkins','Janette Oke, Michael Moran','Stephen McKeon','Wes Brown (Clark Davis), Julie Mond (Ellen Louise Barlow), Abigail Mavity (Cassandra Mae \'Cassie\' Barlow), Jere Burns (Sheriff Holden), Nancy McKeon (Millie), David Tom (Daniel Whittaker), Steffani Brass (Rose), Daniel Buran (Samuel)','RHI Entertainment, Faith & Family Entertainment, MNG Films, Larry Levinson Productions','Tras una pelea en una cafetería, Clark Davis es condenado a ir a la cárcel. Gracias a un acuerdo entre el sheriff y la propietaria del local, se le conmuta la pena. Entonces tendrá que trabajar como peón para las hermanas Ellen y Cassie Barlow. (FILMAFFINITY)','https://image.tmdb.org/t/p/original/b0JiPlWEZ8cnhhgVOWo0rnbGuvh.jpg',0,0,0,NULL,4,1,1,1,NULL,NULL,NULL,NULL,1,NULL,2,'2022-12-20 22:50:33',NULL,NULL,NULL,NULL,NULL,NULL,NULL,NULL,NULL,1,0,NULL,NULL,NULL,NULL,NULL,NULL,3,2),(12,2,1,10,'TMDB','87311',NULL,'tt1672621','Love\'s Everlasting Courage','Love\'s Everlasting Courage',2011,89,'US','en','Bradford May, Dora Hopkins','Kevin Bocarde','Brian Byrne','Wes Brown (Clark), Julie Mond (Ellen), Bruce Boxleitner (Lloyd), Cheryl Ladd (Irene), Morgan Lily (Missy), Willow Geer (Sarah), Tyler Jacob Moore (Ben), Kirk B.R. Woller (Bruce), James Eckhouse (Mr. Harris), Courtney Marmo (Laura)','RHI Entertainment, Faith & Family Entertainment, MNG Films, Larry Levinson Productions','Una familia joven lucha por una frontera en el oeste que permita a la mujer trabajar en un taller de costura. Cuando la situación económica mejora, la esposa enferma y muere. Con la ayuda de sus padres, el joven viudo tendrá que aprender a lidiar con la trágica pérdida. (Fuente: TMDB)','https://image.tmdb.org/t/p/original/aIZoXDvpmwF70KsY8lByku5SwgF.jpg',0,0,0,NULL,4,1,1,1,NULL,NULL,NULL,NULL,1,NULL,2,'2022-12-20 22:50:33',NULL,NULL,NULL,NULL,NULL,NULL,NULL,NULL,NULL,1,0,NULL,NULL,NULL,NULL,NULL,NULL,3,2),(13,2,1,11,'TMDB','87313',NULL,'tt2078672','Love\'s Christmas Journey','Y el amor llegó en Navidad',2011,172,'US','en','David S. Cass Sr., Dora Hopkins','Janette Oke, George Tierne','','Natalie Hall (Ellie Davis), JoBeth Williams (Beatrice), Greg Vaughan (Aaron Davis), Dylan Bruce (Michael), Ernest Borgnine (Nicholas), Teddy Vincent (Mrs. Price), Annika Noelle (Suzanna), Bobby Campo (Erik Johnson), Charles Shaughnessy (Alex Weaver), Sean Astin (Mayor Wayne), Ryan Wynott (Christopher), Jada Facer (Annabelle), Amanda Foreman (Adrienne), Dannika Liddell (Jessica), Brian Thompson (Cass), Richard Tyson (Charley)',NULL,'Tras la muerte de su marido y su hija, Eli decide pasar la temporada de Navidad con su hermano, el sheriff de una pequeña ciudad respetado por todos. (Fuente: TMDB)','https://image.tmdb.org/t/p/original/jYqWZG3f5FRy8oUwZYOn77h9I59.jpg',0,0,0,NULL,4,1,1,1,NULL,NULL,NULL,NULL,1,NULL,2,'2022-12-20 22:50:33',NULL,NULL,NULL,NULL,NULL,NULL,NULL,NULL,NULL,1,0,NULL,NULL,NULL,NULL,NULL,NULL,3,2),(14,3,1,1,'TMDB','576368',NULL,NULL,NULL,'Episodio 1',1977,97,NULL,'en','Franco Zeffirelli','Franco Zeffirelli, Suso Cecchi d\'Amico, Anthony Burgess, David Butler','','Robert Powell (Jesus), Olivia Hussey (Virgin Mary), Yorgo Voyagis (Joseph), Anne Bancroft (Mary Magdalene), Christopher Plummer (Herod Antipas), Anthony Quinn (Caiaphas), Ian McShane (Judas Iscariot), Ernest Borgnine (The Centurion), James Farentino (Simon Peter), Michael York (John the Baptist), James Earl Jones (Balthazar), Peter Ustinov (Herod the Great), Ian Holm (Zerah), Valentina Cortese (Herodias), Rod Steiger (Pontius Pilate), Claudia Cardinale (The Adulteress)','ITC Entertainment, RAI, ITC Films','Crónica de la vida de Cristo se desarrolla en esta producción de TV, biografía dirigida por Franco Zeffirelli, impregnada de drama, pero a la vez,con sensibilidad y respeto. .','https://image.tmdb.org/t/p/original/4ujCVZ1f7YKGHVoXlFHaNbjHueV.jpg',1,1,0,NULL,4,1,1,1,NULL,NULL,NULL,NULL,1,NULL,2,'2022-12-21 17:46:45',NULL,NULL,NULL,NULL,NULL,NULL,NULL,NULL,NULL,1,0,NULL,NULL,NULL,NULL,NULL,NULL,3,2),(15,3,1,2,'TMDB','576369',NULL,NULL,NULL,'Episodio 2',1977,97,NULL,'en','Franco Zeffirelli','Franco Zeffirelli, Suso Cecchi d\'Amico, Anthony Burgess, David Butler','','Robert Powell (Jesus), Olivia Hussey (Virgin Mary), Yorgo Voyagis (Joseph), Anne Bancroft (Mary Magdalene), Christopher Plummer (Herod Antipas), Anthony Quinn (Caiaphas), Ian McShane (Judas Iscariot), Ernest Borgnine (The Centurion), James Farentino (Simon Peter), Michael York (John the Baptist), James Earl Jones (Balthazar), Peter Ustinov (Herod the Great), Ian Holm (Zerah), Valentina Cortese (Herodias), Rod Steiger (Pontius Pilate), Claudia Cardinale (The Adulteress)','ITC Entertainment, RAI, ITC Films','Las enseñanzas y milagros de Jesús le traerán nuevos seguidores. Juan Bautista es encarcelado por Herodes Antipas.','https://image.tmdb.org/t/p/original/cMJ8ZupIh7AlT3ZadqiIpDBkwal.jpg',1,1,0,NULL,4,1,1,1,NULL,NULL,NULL,NULL,1,NULL,2,'2022-12-21 17:46:45',NULL,NULL,NULL,NULL,NULL,NULL,NULL,NULL,NULL,1,0,NULL,NULL,NULL,NULL,NULL,NULL,3,2),(16,3,1,3,'TMDB','576371',NULL,NULL,NULL,'Episodio 3',1977,97,NULL,'en','Franco Zeffirelli','Franco Zeffirelli, Suso Cecchi d\'Amico, Anthony Burgess, David Butler','','Robert Powell (Jesus), Olivia Hussey (Virgin Mary), Yorgo Voyagis (Joseph), Anne Bancroft (Mary Magdalene), Christopher Plummer (Herod Antipas), Anthony Quinn (Caiaphas), Ian McShane (Judas Iscariot), Ernest Borgnine (The Centurion), James Farentino (Simon Peter), Michael York (John the Baptist), James Earl Jones (Balthazar), Peter Ustinov (Herod the Great), Ian Holm (Zerah), Valentina Cortese (Herodias), Rod Steiger (Pontius Pilate), Claudia Cardinale (The Adulteress)','ITC Entertainment, RAI, ITC Films','Zerah  le pide a Judas que le informe del paradero de Jesús para presentarlo ante el Sanedrín de Jerusalén, donde será entreagado.','https://image.tmdb.org/t/p/original/gTiHcDV2F2NwN6j7cCA50zVCAC9.jpg',1,1,0,NULL,4,1,1,1,NULL,NULL,NULL,NULL,1,NULL,2,'2022-12-21 17:46:45',NULL,NULL,NULL,NULL,NULL,NULL,NULL,NULL,NULL,1,0,NULL,NULL,NULL,NULL,NULL,NULL,3,2),(17,3,1,4,'TMDB','576370',NULL,NULL,NULL,'Episodio 4',1977,97,NULL,'en','Franco Zeffirelli','Franco Zeffirelli, Suso Cecchi d\'Amico, Anthony Burgess, David Butler','','Robert Powell (Jesus), Olivia Hussey (Virgin Mary), Yorgo Voyagis (Joseph), Anne Bancroft (Mary Magdalene), Christopher Plummer (Herod Antipas), Anthony Quinn (Caiaphas), Ian McShane (Judas Iscariot), Ernest Borgnine (The Centurion), James Farentino (Simon Peter), Michael York (John the Baptist), James Earl Jones (Balthazar), Peter Ustinov (Herod the Great), Ian Holm (Zerah), Valentina Cortese (Herodias), Rod Steiger (Pontius Pilate), Claudia Cardinale (The Adulteress)','ITC Entertainment, RAI, ITC Films','El drama concluye con poderosas escenas de la condena de Cristo, su agonía en la cruz y la resurrección.','https://image.tmdb.org/t/p/original/o2i9qUhUYqfqaYMpmgL3fb0l4Qz.jpg',1,1,0,NULL,4,1,1,1,NULL,NULL,NULL,NULL,1,NULL,2,'2022-12-21 17:46:45',NULL,NULL,NULL,NULL,NULL,NULL,NULL,NULL,NULL,1,0,NULL,NULL,NULL,NULL,NULL,NULL,3,2),(18,4,1,1,'TMDB','2015795',NULL,NULL,NULL,'Episodio 1',2008,200,NULL,'it','Fabrizio Costa','Gianmario Pagano, Francesco Arlanch, Maura Nuccetelli','Marco Frisina','Fabrizio Gifuni (Paolo VI), Mauro Marino (don Pasquale Macchi), Antonio Catania (Padre Giulio Bevilacqua), Luca Lionello (Don Leone), Sergio Tardioli (Don Primo Mazzolari), Claudio Botosso (Roberto Poloni), Licia Maglietta (Maria Colpani), Fabrizio Bucci (Matteo Poloni), Mariano Rigillo (Card. Eugène Tisserant), Giovanni Visentin (Card. Francesco Marchetti Selvaggiani), Sergio Fiorentini (Card. Pietro Gasparri), Luciano Virgilio (Card. Ugo Poletti), Pietro Biondi (Card. Jean-Marie Villot)','RAI',NULL,NULL,1,1,0,NULL,4,1,1,1,NULL,NULL,NULL,NULL,1,NULL,2,'2022-12-22 03:38:10',NULL,NULL,NULL,NULL,NULL,NULL,NULL,NULL,NULL,1,0,NULL,NULL,NULL,NULL,NULL,NULL,3,2),(19,4,1,2,'TMDB','2015808',NULL,NULL,NULL,'Episodio 2',2008,200,NULL,'it','Fabrizio Costa','Gianmario Pagano, Francesco Arlanch, Maura Nuccetelli','Marco Frisina','Fabrizio Gifuni (Paolo VI), Mauro Marino (don Pasquale Macchi), Antonio Catania (Padre Giulio Bevilacqua), Luca Lionello (Don Leone), Sergio Tardioli (Don Primo Mazzolari), Claudio Botosso (Roberto Poloni), Licia Maglietta (Maria Colpani), Fabrizio Bucci (Matteo Poloni), Mariano Rigillo (Card. Eugène Tisserant), Giovanni Visentin (Card. Francesco Marchetti Selvaggiani), Sergio Fiorentini (Card. Pietro Gasparri), Luciano Virgilio (Card. Ugo Poletti), Pietro Biondi (Card. Jean-Marie Villot)','RAI',NULL,NULL,1,1,0,NULL,4,1,1,1,NULL,NULL,NULL,NULL,1,NULL,2,'2022-12-22 03:38:10',NULL,NULL,NULL,NULL,NULL,NULL,NULL,NULL,NULL,1,0,NULL,NULL,NULL,NULL,NULL,NULL,3,2),(22,6,1,1,'TMDB','58441',NULL,'tt0229412','Joseph of Nazareth','Amigos de Jesús: José de Nazaret',2000,90,'IT','en','Raffaele Mertes, Elisabetta Marchetti','Gianmario Pagano, Gareth Jones','Marco Frisina','Tobias Moretti (Joseph), Stefania Rivi (Maria), Ennio Fantastichini (Herodes), Francesco Dominedo (Simon), Ida Di Benedetto (Elizabeth), Imma Piro, Franco Interlenghi, Omar Lahlou (Judas), Andrea Prodan (Herodes Antipas), Paolo De Crescenzo (Quirinus), Massimo Reale, Mattia Sbragia, Giovanni Micoli, Renato Scarpa, Gabriele Tozzi, Ahmed Saguia, Housseine Deuiti, Naima Lovadni, Leila El Hayani, Omar Chenbod, Azalarrabe Karrat, Rafik Abubakar, M\'Barek El Hammoudi, Mohamed Khachla, Mohamed Karrat',NULL,'Las gentes de Jerusalén sufren bajo el reinado de Herodes, y esperan ser liberados de los invasores romanos por el mesías, cuya llegada se rumorea tendrá lugar pronto. (Fuente: TMDB)','https://image.tmdb.org/t/p/original/38NlR79EbI3FxYTZaCQSMbYYEU2.jpg',1,1,0,NULL,5,1,1,1,NULL,NULL,NULL,NULL,1,NULL,2,'2023-01-02 01:34:36',NULL,NULL,NULL,NULL,NULL,NULL,NULL,NULL,NULL,1,0,NULL,NULL,NULL,NULL,NULL,NULL,3,2),(23,6,1,2,'TMDB','58440',NULL,'tt0276572','Thomas','Amigos de Jesús: Tomás',2001,96,'IT','en','Raffaele Mertes, Elisabetta Marchetti','Gareth Jones','Marco Frisina','Ricky Tognazzi (Thomas), Maria Grazia Cucinotta (Maria Magdalena), Roberta Armani (Johanna), Mathieu Carriere (Pilatus), Enrica Maria Modugno (Maria), Danny Quinn (Jesus), Mehmet Günsür (Giovanni), Hannes Jaenicke (Joseph von Arimathaa), Mathias Herrmann (Longinus), Manfred Zapatka (Venturius), Matt Patresi (Barabba)',NULL,'La película muestra el impacto de Jesucristo a través de otra mirada en la que comprobamos el miedo de los apóstoles, sus conflictos y luchas bajo el yugo de la ocupación romana y sus vidas después de la ida del Mesías. La revelación del nacimiento de Cristo, y el milagro de su resurrección marcó el principio de una nueva era, pero son los discípulos de Jesucristo, los que extienden su mensaje a todos los confines del mundo. (FILMAFFINITY)','https://image.tmdb.org/t/p/original/r32jYzhOYfVo64qfotHeHEYF03b.jpg',1,1,0,NULL,5,1,1,1,NULL,NULL,NULL,NULL,1,NULL,2,'2023-01-02 01:34:35',NULL,NULL,NULL,NULL,NULL,NULL,NULL,NULL,NULL,1,0,NULL,NULL,NULL,NULL,NULL,NULL,3,2),(24,6,1,3,'TMDB','58438',NULL,'tt0253101','Gli amici di Gesu - Giuda','Amigos de Jesús: Judas',2001,91,'IT','it','Raffaele Mertes, Elisabetta Marchetti','Franco Bernini, Gareth Jones','Marco Frisina','Enrico Lo Verso (Judas), Aglaia Szyszkowitz (Sara), Mathieu Carriere (Pontius Pilatus), Hannes Jaenicke (Joseph von Arimathaa), Danny Quinn (Jesus), Manfred Zapatka (Venturius), Mathias Herrmann (Longinus), Francesco Pannofino (Pietro), Pierfrancesco Favino (Simone), Mehmet Günsür (Giovanni), Shel Shapiro (Otoniel), Todd Carter (Caifa), Matt Patresi (Barabba), Giovanni Micoli (Gesta), Omar Lahlou (Disma), Cyrus Elias (Padre di Giuda), Athina Cenci (Madre di Giuda), Paolo Montevecchi (Lucio)','Lux Vide, Epsilon TV Production','Habiendo renunciado a los bienes materiales de su familia para seguir a Jesús, Judas se entusiasma con la idea de volver a Jerusalén, donde espera que Cristo sea glorificado como Rey de los Judíos. Pero, cuando ve que Jesús no tiene ningún interés por el poder, Judas empieza a tener dudas. (FILMAFFINITY)','https://image.tmdb.org/t/p/original/iKbSQu65qJMs15LrJWFhBdEBPCA.jpg',1,1,0,NULL,5,1,1,1,NULL,NULL,NULL,NULL,1,NULL,2,'2023-01-02 01:34:35',NULL,NULL,NULL,NULL,NULL,NULL,NULL,NULL,NULL,1,0,NULL,NULL,NULL,NULL,NULL,NULL,3,2),(27,6,1,4,'TMDB','58437',NULL,'tt0244647','Gli amici di Gesu - Maria Maddalena','Amigos de Jesús - María Magdalena (TV)',2000,98,'DE IT','it','Raffaele Mertes, Elisabetta Marchetti','Gianmario Pagano, Gareth Jones','Marco Frisina','Maria Grazia Cucinotta (Maria Maddalena), Giuliana De Sio (Erodiade), Massimo Ghini (Vitellio), Nathalie Caldonazzo (Susanna), Ambra Angiolini (Salome), Gottfried John (Erode Antipa), Roberta Armani (Giovanna), Benjamin Sadler (Giovanni il Battista), Thure Riefenstein (Silvano), Vittorio Amandola (Simone il fariseo), Danny Quinn (Gesu), Imanol Arias (Amos), Ichrak Berraoui, Ismail Ben Ibrahim, Alain Aswani, Abdelghafar Essalfi, Hicham Bahloul, Abdelahk Lazali, Hanane Zouhdi, Jasmine Elhar','Lux Vide, Epsilon TV Production','Expulsada e ignorada por su marido, tratada con brutalidad por los soldados romanos y buscando el amor y la redención, María Magdalena constituye uno de los mayores enigmas cristianos. Esta emocionante película destaca muchas caras de una de las figuras más polémicas entre el séquito de Cristo, la seductora, prostituta, curandera y política que ha sido una fijación como personaje desde la llegada del cine. (Fuente: TMDB)','https://image.tmdb.org/t/p/original/taBa3PHNFVP8QrBzOA4sx2dfa6w.jpg',1,1,0,NULL,5,1,1,1,NULL,NULL,NULL,NULL,1,NULL,2,'2023-01-02 01:34:35',NULL,NULL,NULL,NULL,NULL,NULL,NULL,NULL,NULL,1,0,NULL,NULL,NULL,NULL,NULL,NULL,3,2),(28,7,2,1,'TMDB','4019260',NULL,NULL,NULL,'Episodio 1',1995,NULL,NULL,'en','Richard Rich','Orson Scott Card, Brian Nissen','Desconocido',NULL,'united states of america',NULL,'https://image.tmdb.org/t/p/original/6EULJrqWxH5B0H5MoAiySgL89lY.jpg',1,1,0,NULL,2,1,1,1,NULL,NULL,NULL,NULL,1,NULL,2,'2023-01-05 19:40:27',NULL,NULL,NULL,NULL,NULL,NULL,NULL,NULL,NULL,1,0,NULL,NULL,NULL,NULL,NULL,NULL,3,2),(29,7,1,1,'TMDB','4017595',NULL,NULL,NULL,'Episodio 1',1987,NULL,NULL,'en','Richard Rich','Orson Scott Card, Brian Nissen','Desconocido',NULL,'united states of america',NULL,'https://image.tmdb.org/t/p/original/qrubFfVnrVFpw4mnPUtq5UYwHjF.jpg',1,1,0,NULL,2,1,1,1,NULL,NULL,NULL,NULL,1,NULL,2,'2023-01-05 19:40:27',NULL,NULL,NULL,NULL,NULL,NULL,NULL,NULL,NULL,1,0,NULL,NULL,NULL,NULL,NULL,NULL,3,2),(30,7,2,2,'TMDB','4019262',NULL,NULL,NULL,'Episodio 2',1996,NULL,NULL,'en','Richard Rich','Orson Scott Card, Brian Nissen','Desconocido',NULL,'united states of america',NULL,'https://image.tmdb.org/t/p/original/vHTL0JIMGmtAq9p1U4HdmkdsZoC.jpg',1,1,0,NULL,2,1,1,1,NULL,NULL,NULL,NULL,1,NULL,2,'2023-01-05 19:40:27',NULL,NULL,NULL,NULL,NULL,NULL,NULL,NULL,NULL,1,0,NULL,NULL,NULL,NULL,NULL,NULL,3,2),(31,7,1,2,'TMDB','4019242',NULL,NULL,NULL,'Episodio 2',1988,NULL,NULL,'en','Richard Rich','Orson Scott Card, Brian Nissen','Desconocido',NULL,'united states of america',NULL,'https://image.tmdb.org/t/p/original/87IPWoC1cnWRQezhi9Z8gCLfCg1.jpg',1,1,0,NULL,2,1,1,1,NULL,NULL,NULL,NULL,1,NULL,2,'2023-01-05 19:40:27',NULL,NULL,NULL,NULL,NULL,NULL,NULL,NULL,NULL,1,0,NULL,NULL,NULL,NULL,NULL,NULL,3,2),(32,7,2,3,'TMDB','4019263',NULL,NULL,NULL,'Episodio 3',1997,NULL,NULL,'en','Richard Rich','Orson Scott Card, Brian Nissen','Desconocido',NULL,'united states of america',NULL,'https://image.tmdb.org/t/p/original/be1ascPQaBFR6oQMWYzdPUpjWEu.jpg',1,1,0,NULL,2,1,1,1,NULL,NULL,NULL,NULL,1,NULL,2,'2023-01-05 19:40:27',NULL,NULL,NULL,NULL,NULL,NULL,NULL,NULL,NULL,1,0,NULL,NULL,NULL,NULL,NULL,NULL,3,2),(33,7,1,3,'TMDB','4019243',NULL,NULL,NULL,'Episodio 3',1998,NULL,NULL,'en','Richard Rich','Orson Scott Card, Brian Nissen','Desconocido',NULL,'united states of america',NULL,'https://image.tmdb.org/t/p/original/sWEsoPXI7Faqasux3mNZq5GCW3P.jpg',1,1,0,NULL,2,1,1,1,NULL,NULL,NULL,NULL,1,NULL,2,'2023-01-05 19:40:27',NULL,NULL,NULL,NULL,NULL,NULL,NULL,NULL,NULL,1,0,NULL,NULL,NULL,NULL,NULL,NULL,3,2),(34,7,2,4,'TMDB','4019264',NULL,NULL,NULL,'Episodio 4',1999,NULL,NULL,'en','Richard Rich','Orson Scott Card, Brian Nissen','Desconocido',NULL,'united states of america',NULL,'https://image.tmdb.org/t/p/original/yBLoafYFNdEA0IqCVeLwYALGYwG.jpg',1,1,0,NULL,2,1,1,1,NULL,NULL,NULL,NULL,1,NULL,2,'2023-01-05 19:40:27',NULL,NULL,NULL,NULL,NULL,NULL,NULL,NULL,NULL,1,0,NULL,NULL,NULL,NULL,NULL,NULL,3,2),(35,7,1,4,'TMDB','4019244',NULL,NULL,NULL,'Episodio 4',1989,NULL,NULL,'en','Richard Rich','Orson Scott Card, Brian Nissen','Desconocido',NULL,'united states of america',NULL,'https://image.tmdb.org/t/p/original/xIuRX0WAr8eptsAkR20wImSDBhT.jpg',1,1,0,NULL,2,1,1,1,NULL,NULL,NULL,NULL,1,NULL,2,'2023-01-05 19:40:27',NULL,NULL,NULL,NULL,NULL,NULL,NULL,NULL,NULL,1,0,NULL,NULL,NULL,NULL,NULL,NULL,3,2),(36,7,2,5,'TMDB','4019266',NULL,NULL,NULL,'Episodio 5',2000,NULL,NULL,'en','Richard Rich','Orson Scott Card, Brian Nissen','Desconocido',NULL,'united states of america',NULL,'https://image.tmdb.org/t/p/original/zj8olkg2azJ8EQpxwX37yJUyJFO.jpg',1,1,0,NULL,2,1,1,1,NULL,NULL,NULL,NULL,1,NULL,2,'2023-01-05 19:40:27',NULL,NULL,NULL,NULL,NULL,NULL,NULL,NULL,NULL,1,0,NULL,NULL,NULL,NULL,NULL,NULL,3,2),(37,7,1,5,'TMDB','4019245',NULL,NULL,NULL,'Episodio 5',1989,NULL,NULL,'en','Richard Rich','Orson Scott Card, Brian Nissen','Desconocido',NULL,'united states of america',NULL,'https://image.tmdb.org/t/p/original/4BhwXxyEAiRqZ2922GYbsWNJ36r.jpg',1,1,0,NULL,2,1,1,1,NULL,NULL,NULL,NULL,1,NULL,2,'2023-01-05 19:40:27',NULL,NULL,NULL,NULL,NULL,NULL,NULL,NULL,NULL,1,0,NULL,NULL,NULL,NULL,NULL,NULL,3,2),(38,7,2,6,'TMDB','4019267',NULL,NULL,NULL,'Episodio 6',2001,NULL,NULL,'en','Richard Rich','Orson Scott Card, Brian Nissen','Desconocido',NULL,'united states of america',NULL,'https://image.tmdb.org/t/p/original/dWkKMLjF54oaZHziVFZdH1JaWYi.jpg',1,1,0,NULL,2,1,1,1,NULL,NULL,NULL,NULL,1,NULL,2,'2023-01-05 19:40:27',NULL,NULL,NULL,NULL,NULL,NULL,NULL,NULL,NULL,1,0,NULL,NULL,NULL,NULL,NULL,NULL,3,2),(39,7,1,6,'TMDB','4019246',NULL,NULL,NULL,'Episodio 6',1990,NULL,NULL,'en','Richard Rich','Orson Scott Card, Brian Nissen','Desconocido',NULL,'united states of america',NULL,'https://image.tmdb.org/t/p/original/cmgPJ2e7fv8eVWYceMzMzcJ25fH.jpg',1,1,0,NULL,2,1,1,1,NULL,NULL,NULL,NULL,1,NULL,2,'2023-01-05 19:40:27',NULL,NULL,NULL,NULL,NULL,NULL,NULL,NULL,NULL,1,0,NULL,NULL,NULL,NULL,NULL,NULL,3,2),(40,7,2,7,'TMDB','4019268',NULL,NULL,NULL,'Episodio 7',2001,NULL,NULL,'en','Richard Rich','Orson Scott Card, Brian Nissen','Desconocido',NULL,'united states of america',NULL,'https://image.tmdb.org/t/p/original/e19cVuwEhs1bB6JESQK8H773Cvg.jpg',1,1,0,NULL,2,1,1,1,NULL,NULL,NULL,NULL,1,NULL,2,'2023-01-05 19:40:27',NULL,NULL,NULL,NULL,NULL,NULL,NULL,NULL,NULL,1,0,NULL,NULL,NULL,NULL,NULL,NULL,3,2),(41,7,1,7,'TMDB','4019247',NULL,NULL,NULL,'Episodio 7',1990,NULL,NULL,'en','Richard Rich','Orson Scott Card, Brian Nissen','Desconocido',NULL,'united states of america',NULL,'https://image.tmdb.org/t/p/original/8Nrz7uh2dmfi3TyHHVeyYBwRxF.jpg',1,1,0,NULL,2,1,1,1,NULL,NULL,NULL,NULL,1,NULL,2,'2023-01-05 19:40:27',NULL,NULL,NULL,NULL,NULL,NULL,NULL,NULL,NULL,1,0,NULL,NULL,NULL,NULL,NULL,NULL,3,2),(42,7,2,8,'TMDB','4019269',NULL,NULL,NULL,'Episodio 8',2004,NULL,NULL,'en','Richard Rich','Orson Scott Card, Brian Nissen','Desconocido',NULL,'united states of america',NULL,'https://image.tmdb.org/t/p/original/5A9t35FlGEDa6rBftIEWoVBCws6.jpg',1,1,0,NULL,2,1,1,1,NULL,NULL,NULL,NULL,1,NULL,2,'2023-01-05 19:40:27',NULL,NULL,NULL,NULL,NULL,NULL,NULL,NULL,NULL,1,0,NULL,NULL,NULL,NULL,NULL,NULL,3,2),(43,7,1,8,'TMDB','4019248',NULL,NULL,NULL,'Episodio 8',1990,NULL,NULL,'en','Richard Rich','Orson Scott Card, Brian Nissen','Desconocido',NULL,'united states of america',NULL,'https://image.tmdb.org/t/p/original/wW8QcAXv0jRCYRPJ8GfjQS8Wa8L.jpg',1,1,0,NULL,2,1,1,1,NULL,NULL,NULL,NULL,1,NULL,2,'2023-01-05 19:40:27',NULL,NULL,NULL,NULL,NULL,NULL,NULL,NULL,NULL,1,0,NULL,NULL,NULL,NULL,NULL,NULL,3,2),(44,7,2,9,'TMDB','4019270',NULL,NULL,NULL,'Episodio 9',2004,NULL,NULL,'en','Richard Rich','Orson Scott Card, Brian Nissen','Desconocido',NULL,'united states of america',NULL,'https://image.tmdb.org/t/p/original/kggMj2VOAA0BXwew8Rtejs718UO.jpg',1,1,0,NULL,2,1,1,1,NULL,NULL,NULL,NULL,1,NULL,2,'2023-01-05 19:40:27',NULL,NULL,NULL,NULL,NULL,NULL,NULL,NULL,NULL,1,0,NULL,NULL,NULL,NULL,NULL,NULL,3,2),(45,7,1,9,'TMDB','4019249',NULL,NULL,NULL,'Episodio 9',1991,NULL,NULL,'en','Richard Rich','Orson Scott Card, Brian Nissen','Desconocido',NULL,'united states of america',NULL,'https://image.tmdb.org/t/p/original/2OBXJ5j6ZWHh7KzY8R55JbPCBav.jpg',1,1,0,NULL,2,1,1,1,NULL,NULL,NULL,NULL,1,NULL,2,'2023-01-05 19:40:27',NULL,NULL,NULL,NULL,NULL,NULL,NULL,NULL,NULL,1,0,NULL,NULL,NULL,NULL,NULL,NULL,3,2),(46,7,2,10,'TMDB','4019271',NULL,NULL,NULL,'Episodio 10',2004,NULL,NULL,'en','Richard Rich','Orson Scott Card, Brian Nissen','Desconocido',NULL,'united states of america',NULL,'https://image.tmdb.org/t/p/original/wWu2Zmq9kWnipHtqrMHlmZeHDna.jpg',1,1,0,NULL,2,1,1,1,NULL,NULL,NULL,NULL,1,NULL,2,'2023-01-05 19:40:27',NULL,NULL,NULL,NULL,NULL,NULL,NULL,NULL,NULL,1,0,NULL,NULL,NULL,NULL,NULL,NULL,3,2),(47,7,1,10,'TMDB','4019250',NULL,NULL,NULL,'Episodio 10',1991,NULL,NULL,'en','Richard Rich','Orson Scott Card, Brian Nissen','Desconocido',NULL,'united states of america',NULL,'https://image.tmdb.org/t/p/original/1BApyLbpMGNcVTZ2xTuuxNNo7ot.jpg',1,1,0,NULL,2,1,1,1,NULL,NULL,NULL,NULL,1,NULL,2,'2023-01-05 19:40:27',NULL,NULL,NULL,NULL,NULL,NULL,NULL,NULL,NULL,1,0,NULL,NULL,NULL,NULL,NULL,NULL,3,2),(48,7,2,11,'TMDB','4019273',NULL,NULL,NULL,'Episodio 11',2004,NULL,NULL,'en','Richard Rich','Orson Scott Card, Brian Nissen','Desconocido',NULL,'united states of america',NULL,'https://image.tmdb.org/t/p/original/tpvtsslqv0LCOzyEcrBtJBMjnqZ.jpg',1,1,0,NULL,2,1,1,1,NULL,NULL,NULL,NULL,1,NULL,2,'2023-01-05 19:40:27',NULL,NULL,NULL,NULL,NULL,NULL,NULL,NULL,NULL,1,0,NULL,NULL,NULL,NULL,NULL,NULL,3,2),(49,7,1,11,'TMDB','4019251',NULL,NULL,NULL,'Episodio 11',1991,NULL,NULL,'en','Richard Rich','Orson Scott Card, Brian Nissen','Desconocido',NULL,'united states of america',NULL,'https://image.tmdb.org/t/p/original/oVBQohuA5DOmq82uyw6wasE1CoU.jpg',1,1,0,NULL,2,1,1,1,NULL,NULL,NULL,NULL,1,NULL,2,'2023-01-05 19:40:27',NULL,NULL,NULL,NULL,NULL,NULL,NULL,NULL,NULL,1,0,NULL,NULL,NULL,NULL,NULL,NULL,3,2),(50,7,2,12,'TMDB','4019274',NULL,NULL,NULL,'Episodio 12',2005,NULL,NULL,'en','Richard Rich','Orson Scott Card, Brian Nissen','Desconocido',NULL,'united states of america',NULL,'https://image.tmdb.org/t/p/original/3mYNBvnO5JS68ZfZslZHSujqX9m.jpg',1,1,0,NULL,2,1,1,1,NULL,NULL,NULL,NULL,1,NULL,2,'2023-01-05 19:40:27',NULL,NULL,NULL,NULL,NULL,NULL,NULL,NULL,NULL,1,0,NULL,NULL,NULL,NULL,NULL,NULL,3,2),(51,7,1,12,'TMDB','4019252',NULL,NULL,NULL,'Episodio 12',1991,NULL,NULL,'en','Richard Rich','Orson Scott Card, Brian Nissen','Desconocido',NULL,'united states of america',NULL,'https://image.tmdb.org/t/p/original/10PDb2tN629GdMx9CJRyD3GWPZd.jpg',1,1,0,NULL,2,1,1,1,NULL,NULL,NULL,NULL,1,NULL,2,'2023-01-05 19:40:27',NULL,NULL,NULL,NULL,NULL,NULL,NULL,NULL,NULL,1,0,NULL,NULL,NULL,NULL,NULL,NULL,3,2),(53,8,2,1,'TMDB','1185117',NULL,NULL,NULL,'Episodio 1',2016,60,NULL,'pt','Vivian de Oliveira, Arme Manente, Rogério Passos, Anderson Souza, Hamsa Hood, Vivianne Jundi','','','Bianka Fernandes (Abigail), Daniel Siwek (Abiú (Adult)), Kaik Brum (Abiú (Child)), Camila Santanioni (Ada), Marina Moschen (Amália (Young)), Lisandra Souto (Amália (Adult)), Roger Gobeth (Anrão (Young)), Tammy Di Calafiori (Ana), Paulo Gorgulho (Anrão (Adult)), Guilherme Winter (Moses), Rayana Carvalho (Adira), Sandro Rocha (Abirão), Carlos Bonow (Ahmós), Thierry Figueira (Anibal), Luciano Szafir, Nicole Orsini (Filha de Menarem)','Record TV, Casablanca',NULL,'https://image.tmdb.org/t/p/original/pWLGciftAJ2ayGC08Sptw1MqWHU.jpg',1,1,0,NULL,4,1,1,1,NULL,NULL,NULL,NULL,1,NULL,2,'2023-01-06 02:54:36',NULL,NULL,NULL,NULL,NULL,NULL,NULL,NULL,NULL,1,0,NULL,NULL,NULL,NULL,NULL,NULL,3,2),(54,8,1,1,'TMDB','1083261',NULL,NULL,NULL,'La cruel condena a los Hebreos',2015,60,NULL,'pt','Vivian de Oliveira, Arme Manente, Rogério Passos, Anderson Souza, Hamsa Hood, Vivianne Jundi','','','Bianka Fernandes (Abigail), Daniel Siwek (Abiú (Adult)), Kaik Brum (Abiú (Child)), Guilherme Winter (Moses), Rayana Carvalho (Adira), Sandro Rocha (Abirão)','Record TV, Casablanca',NULL,'https://image.tmdb.org/t/p/original/pcSpFdEUFywBA0HyXubzP8FZAHD.jpg',1,1,0,NULL,4,1,1,1,NULL,NULL,NULL,NULL,1,NULL,2,'2023-01-06 02:54:36',NULL,NULL,NULL,NULL,NULL,NULL,NULL,NULL,NULL,1,0,NULL,NULL,NULL,NULL,NULL,NULL,3,2),(55,8,1,2,'TMDB','1215382',NULL,NULL,NULL,'Te llamarás Moises',2015,60,NULL,'pt','Vivian de Oliveira, Arme Manente, Rogério Passos, Anderson Souza, Hamsa Hood, Vivianne Jundi','','','Bianka Fernandes (Abigail), Daniel Siwek (Abiú (Adult)), Kaik Brum (Abiú (Child)), Guilherme Winter (Moses), Rayana Carvalho (Adira), Sandro Rocha (Abirão)','Record TV, Casablanca',NULL,'https://image.tmdb.org/t/p/original/gOv6jbM0IEcLFbmCzckU03GtZQw.jpg',1,1,0,NULL,4,1,1,1,NULL,NULL,NULL,NULL,1,NULL,2,'2023-01-06 02:54:36',NULL,NULL,NULL,NULL,NULL,NULL,NULL,NULL,NULL,1,0,NULL,NULL,NULL,NULL,NULL,NULL,3,2),(56,8,2,2,'TMDB','1185118',NULL,NULL,NULL,'Episodio 2',2016,60,NULL,'pt','Vivian de Oliveira, Arme Manente, Rogério Passos, Anderson Souza, Hamsa Hood, Vivianne Jundi','','','Bianka Fernandes (Abigail), Daniel Siwek (Abiú (Adult)), Kaik Brum (Abiú (Child)), Camila Santanioni (Ada), Marina Moschen (Amália (Young)), Lisandra Souto (Amália (Adult)), Roger Gobeth (Anrão (Young)), Tammy Di Calafiori (Ana), Paulo Gorgulho (Anrão (Adult)), Guilherme Winter (Moses), Rayana Carvalho (Adira), Sandro Rocha (Abirão), Carlos Bonow (Ahmós), Thierry Figueira (Anibal), Luciano Szafir, Nicole Orsini (Filha de Menarem)','Record TV, Casablanca',NULL,'https://image.tmdb.org/t/p/original/nubE0hsabeDp8bls6w4QLEOUS0B.jpg',1,1,0,NULL,4,1,1,1,NULL,NULL,NULL,NULL,1,NULL,2,'2023-01-06 02:54:36',NULL,NULL,NULL,NULL,NULL,NULL,NULL,NULL,NULL,1,0,NULL,NULL,NULL,NULL,NULL,NULL,3,2),(57,8,1,3,'TMDB','1215383',NULL,NULL,NULL,'La maldición de Henutmire',2015,60,NULL,'pt','Vivian de Oliveira, Arme Manente, Rogério Passos, Anderson Souza, Hamsa Hood, Vivianne Jundi','','','Bianka Fernandes (Abigail), Daniel Siwek (Abiú (Adult)), Kaik Brum (Abiú (Child)), Guilherme Winter (Moses), Rayana Carvalho (Adira), Sandro Rocha (Abirão)','Record TV, Casablanca',NULL,'https://image.tmdb.org/t/p/original/5fkW43KaQK7kxrb8FEPz2Gk67vI.jpg',1,1,0,NULL,4,1,1,1,NULL,NULL,NULL,NULL,1,NULL,2,'2023-01-06 02:54:36',NULL,NULL,NULL,NULL,NULL,NULL,NULL,NULL,NULL,1,0,NULL,NULL,NULL,NULL,NULL,NULL,3,2),(58,8,2,3,'TMDB','1185119',NULL,NULL,NULL,'Episodio 3',2016,60,NULL,'pt','Vivian de Oliveira, Arme Manente, Rogério Passos, Anderson Souza, Hamsa Hood, Vivianne Jundi','','','Bianka Fernandes (Abigail), Daniel Siwek (Abiú (Adult)), Kaik Brum (Abiú (Child)), Camila Santanioni (Ada), Marina Moschen (Amália (Young)), Lisandra Souto (Amália (Adult)), Roger Gobeth (Anrão (Young)), Tammy Di Calafiori (Ana), Paulo Gorgulho (Anrão (Adult)), Guilherme Winter (Moses), Rayana Carvalho (Adira), Sandro Rocha (Abirão), Carlos Bonow (Ahmós), Thierry Figueira (Anibal), Luciano Szafir, Nicole Orsini (Filha de Menarem)','Record TV, Casablanca',NULL,'https://image.tmdb.org/t/p/original/8kMGDayRcmZdHKm4EzWIxpiW8Ic.jpg',1,1,0,NULL,4,1,1,1,NULL,NULL,NULL,NULL,1,NULL,2,'2023-01-06 02:54:36',NULL,NULL,NULL,NULL,NULL,NULL,NULL,NULL,NULL,1,0,NULL,NULL,NULL,NULL,NULL,NULL,3,2),(59,8,1,4,'TMDB','1215384',NULL,NULL,NULL,'Moisés llega al Palacio',2015,60,NULL,'pt','Vivian de Oliveira, Arme Manente, Rogério Passos, Anderson Souza, Hamsa Hood, Vivianne Jundi','','','Bianka Fernandes (Abigail), Daniel Siwek (Abiú (Adult)), Kaik Brum (Abiú (Child)), Guilherme Winter (Moses), Rayana Carvalho (Adira), Sandro Rocha (Abirão)','Record TV, Casablanca',NULL,'https://image.tmdb.org/t/p/original/o7rDD1ihG2fLknxRXOcL6ApxZTJ.jpg',1,1,0,NULL,4,1,1,1,NULL,NULL,NULL,NULL,1,NULL,2,'2023-01-06 02:54:36',NULL,NULL,NULL,NULL,NULL,NULL,NULL,NULL,NULL,1,0,NULL,NULL,NULL,NULL,NULL,NULL,3,2),(60,8,2,4,'TMDB','1185120',NULL,NULL,NULL,'Episodio 4',2016,60,NULL,'pt','Vivian de Oliveira, Arme Manente, Rogério Passos, Anderson Souza, Hamsa Hood, Vivianne Jundi','','','Bianka Fernandes (Abigail), Daniel Siwek (Abiú (Adult)), Kaik Brum (Abiú (Child)), Camila Santanioni (Ada), Marina Moschen (Amália (Young)), Lisandra Souto (Amália (Adult)), Roger Gobeth (Anrão (Young)), Tammy Di Calafiori (Ana), Paulo Gorgulho (Anrão (Adult)), Guilherme Winter (Moses), Rayana Carvalho (Adira), Sandro Rocha (Abirão), Carlos Bonow (Ahmós), Thierry Figueira (Anibal), Luciano Szafir, Nicole Orsini (Filha de Menarem)','Record TV, Casablanca',NULL,'https://image.tmdb.org/t/p/original/vqp7F2ir0XdHSJVRYbhh6BQvQgl.jpg',1,1,0,NULL,4,1,1,1,NULL,NULL,NULL,NULL,1,NULL,2,'2023-01-06 02:54:36',NULL,NULL,NULL,NULL,NULL,NULL,NULL,NULL,NULL,1,0,NULL,NULL,NULL,NULL,NULL,NULL,3,2),(61,8,1,5,'TMDB','1215385',NULL,NULL,NULL,'Las dudas de Moises',2015,60,NULL,'pt','Vivian de Oliveira, Arme Manente, Rogério Passos, Anderson Souza, Hamsa Hood, Vivianne Jundi','','','Bianka Fernandes (Abigail), Daniel Siwek (Abiú (Adult)), Kaik Brum (Abiú (Child)), Guilherme Winter (Moses), Rayana Carvalho (Adira), Sandro Rocha (Abirão)','Record TV, Casablanca',NULL,'https://image.tmdb.org/t/p/original/xEA4ktAmAGr3OEJFth6aYLyVSuE.jpg',1,1,0,NULL,4,1,1,1,NULL,NULL,NULL,NULL,1,NULL,2,'2023-01-06 02:54:36',NULL,NULL,NULL,NULL,NULL,NULL,NULL,NULL,NULL,1,0,NULL,NULL,NULL,NULL,NULL,NULL,3,2),(62,8,2,5,'TMDB','1185121',NULL,NULL,NULL,'Episodio 5',2016,60,NULL,'pt','Vivian de Oliveira, Arme Manente, Rogério Passos, Anderson Souza, Hamsa Hood, Vivianne Jundi','','','Bianka Fernandes (Abigail), Daniel Siwek (Abiú (Adult)), Kaik Brum (Abiú (Child)), Camila Santanioni (Ada), Marina Moschen (Amália (Young)), Lisandra Souto (Amália (Adult)), Roger Gobeth (Anrão (Young)), Tammy Di Calafiori (Ana), Paulo Gorgulho (Anrão (Adult)), Guilherme Winter (Moses), Rayana Carvalho (Adira), Sandro Rocha (Abirão), Carlos Bonow (Ahmós), Thierry Figueira (Anibal), Luciano Szafir, Nicole Orsini (Filha de Menarem)','Record TV, Casablanca',NULL,'https://image.tmdb.org/t/p/original/qApqP6rZZS8vtziOcmpNDAwJ4ep.jpg',1,1,0,NULL,4,1,1,1,NULL,NULL,NULL,NULL,1,NULL,2,'2023-01-06 02:54:36',NULL,NULL,NULL,NULL,NULL,NULL,NULL,NULL,NULL,1,0,NULL,NULL,NULL,NULL,NULL,NULL,3,2),(63,8,1,6,'TMDB','1215386',NULL,NULL,NULL,'Nefertari se declara a Moises',2015,60,NULL,'pt','Vivian de Oliveira, Arme Manente, Rogério Passos, Anderson Souza, Hamsa Hood, Vivianne Jundi','','','Bianka Fernandes (Abigail), Daniel Siwek (Abiú (Adult)), Kaik Brum (Abiú (Child)), Guilherme Winter (Moses), Rayana Carvalho (Adira), Sandro Rocha (Abirão)','Record TV, Casablanca',NULL,'https://image.tmdb.org/t/p/original/hmmvczdZdmzllqlYH5nnDy6ecQo.jpg',1,1,0,NULL,4,1,1,1,NULL,NULL,NULL,NULL,1,NULL,2,'2023-01-06 02:54:36',NULL,NULL,NULL,NULL,NULL,NULL,NULL,NULL,NULL,1,0,NULL,NULL,NULL,NULL,NULL,NULL,3,2),(64,8,2,6,'TMDB','1185122',NULL,NULL,NULL,'Episodio 6',2016,60,NULL,'pt','Vivian de Oliveira, Arme Manente, Rogério Passos, Anderson Souza, Hamsa Hood, Vivianne Jundi','','','Bianka Fernandes (Abigail), Daniel Siwek (Abiú (Adult)), Kaik Brum (Abiú (Child)), Camila Santanioni (Ada), Marina Moschen (Amália (Young)), Lisandra Souto (Amália (Adult)), Roger Gobeth (Anrão (Young)), Tammy Di Calafiori (Ana), Paulo Gorgulho (Anrão (Adult)), Guilherme Winter (Moses), Rayana Carvalho (Adira), Sandro Rocha (Abirão), Carlos Bonow (Ahmós), Thierry Figueira (Anibal), Luciano Szafir, Nicole Orsini (Filha de Menarem)','Record TV, Casablanca',NULL,'https://image.tmdb.org/t/p/original/1xjQ9LQYSACzOhs6ZPrvWJXP4ZU.jpg',1,1,0,NULL,4,1,1,1,NULL,NULL,NULL,NULL,1,NULL,2,'2023-01-06 02:54:36',NULL,NULL,NULL,NULL,NULL,NULL,NULL,NULL,NULL,1,0,NULL,NULL,NULL,NULL,NULL,NULL,3,2),(65,8,1,7,'TMDB','1215387',NULL,NULL,NULL,'Destinados a estar juntos',2015,60,NULL,'pt','Vivian de Oliveira, Arme Manente, Rogério Passos, Anderson Souza, Hamsa Hood, Vivianne Jundi','','','Bianka Fernandes (Abigail), Daniel Siwek (Abiú (Adult)), Kaik Brum (Abiú (Child)), Guilherme Winter (Moses), Rayana Carvalho (Adira), Sandro Rocha (Abirão)','Record TV, Casablanca',NULL,'https://image.tmdb.org/t/p/original/o5EehvDqi1IE4lCSG57FwAejzRz.jpg',1,1,0,NULL,4,1,1,1,NULL,NULL,NULL,NULL,1,NULL,2,'2023-01-06 02:54:36',NULL,NULL,NULL,NULL,NULL,NULL,NULL,NULL,NULL,1,0,NULL,NULL,NULL,NULL,NULL,NULL,3,2),(66,8,2,7,'TMDB','1185123',NULL,NULL,NULL,'Episodio 7',2016,60,NULL,'pt','Vivian de Oliveira, Arme Manente, Rogério Passos, Anderson Souza, Hamsa Hood, Vivianne Jundi','','','Bianka Fernandes (Abigail), Daniel Siwek (Abiú (Adult)), Kaik Brum (Abiú (Child)), Camila Santanioni (Ada), Marina Moschen (Amália (Young)), Lisandra Souto (Amália (Adult)), Roger Gobeth (Anrão (Young)), Tammy Di Calafiori (Ana), Paulo Gorgulho (Anrão (Adult)), Guilherme Winter (Moses), Rayana Carvalho (Adira), Sandro Rocha (Abirão), Carlos Bonow (Ahmós), Thierry Figueira (Anibal), Luciano Szafir, Nicole Orsini (Filha de Menarem)','Record TV, Casablanca',NULL,'https://image.tmdb.org/t/p/original/pGQSK2zsWil34lUsfKPLxWx5wJh.jpg',1,1,0,NULL,4,1,1,1,NULL,NULL,NULL,NULL,1,NULL,2,'2023-01-06 02:54:36',NULL,NULL,NULL,NULL,NULL,NULL,NULL,NULL,NULL,1,0,NULL,NULL,NULL,NULL,NULL,NULL,3,2),(67,8,1,8,'TMDB','1215388',NULL,NULL,NULL,'Enfrentados a muerte por Nefertari',2015,60,NULL,'pt','Vivian de Oliveira, Arme Manente, Rogério Passos, Anderson Souza, Hamsa Hood, Vivianne Jundi','','','Bianka Fernandes (Abigail), Daniel Siwek (Abiú (Adult)), Kaik Brum (Abiú (Child)), Guilherme Winter (Moses), Rayana Carvalho (Adira), Sandro Rocha (Abirão)','Record TV, Casablanca',NULL,'https://image.tmdb.org/t/p/original/ngwpHEfMEZivHzJQIOj9I9KvkcK.jpg',1,1,0,NULL,4,1,1,1,NULL,NULL,NULL,NULL,1,NULL,2,'2023-01-06 02:54:36',NULL,NULL,NULL,NULL,NULL,NULL,NULL,NULL,NULL,1,0,NULL,NULL,NULL,NULL,NULL,NULL,3,2),(68,8,2,8,'TMDB','1185124',NULL,NULL,NULL,'Episodio 8',2016,60,NULL,'pt','Vivian de Oliveira, Arme Manente, Rogério Passos, Anderson Souza, Hamsa Hood, Vivianne Jundi','','','Bianka Fernandes (Abigail), Daniel Siwek (Abiú (Adult)), Kaik Brum (Abiú (Child)), Camila Santanioni (Ada), Marina Moschen (Amália (Young)), Lisandra Souto (Amália (Adult)), Roger Gobeth (Anrão (Young)), Tammy Di Calafiori (Ana), Paulo Gorgulho (Anrão (Adult)), Guilherme Winter (Moses), Rayana Carvalho (Adira), Sandro Rocha (Abirão), Carlos Bonow (Ahmós), Thierry Figueira (Anibal), Luciano Szafir, Nicole Orsini (Filha de Menarem)','Record TV, Casablanca',NULL,'https://image.tmdb.org/t/p/original/zOw28sLTeZ9iT8qZCBzDnA3Wtu4.jpg',1,1,0,NULL,4,1,1,1,NULL,NULL,NULL,NULL,1,NULL,2,'2023-01-06 02:54:36',NULL,NULL,NULL,NULL,NULL,NULL,NULL,NULL,NULL,1,0,NULL,NULL,NULL,NULL,NULL,NULL,3,2),(69,8,1,9,'TMDB','1215389',NULL,NULL,NULL,'Jocabed se enfrenta a los Egipcios',2015,60,NULL,'pt','Vivian de Oliveira, Arme Manente, Rogério Passos, Anderson Souza, Hamsa Hood, Vivianne Jundi','','','Bianka Fernandes (Abigail), Daniel Siwek (Abiú (Adult)), Kaik Brum (Abiú (Child)), Guilherme Winter (Moses), Rayana Carvalho (Adira), Sandro Rocha (Abirão)','Record TV, Casablanca',NULL,'https://image.tmdb.org/t/p/original/vUU6M0Es2sKclJ2cx7fFxcrBkPR.jpg',1,1,0,NULL,4,1,1,1,NULL,NULL,NULL,NULL,1,NULL,2,'2023-01-06 02:54:36',NULL,NULL,NULL,NULL,NULL,NULL,NULL,NULL,NULL,1,0,NULL,NULL,NULL,NULL,NULL,NULL,3,2),(70,8,2,9,'TMDB','1185125',NULL,NULL,NULL,'Episodio 9',2016,60,NULL,'pt','Vivian de Oliveira, Arme Manente, Rogério Passos, Anderson Souza, Hamsa Hood, Vivianne Jundi','','','Bianka Fernandes (Abigail), Daniel Siwek (Abiú (Adult)), Kaik Brum (Abiú (Child)), Camila Santanioni (Ada), Marina Moschen (Amália (Young)), Lisandra Souto (Amália (Adult)), Roger Gobeth (Anrão (Young)), Tammy Di Calafiori (Ana), Paulo Gorgulho (Anrão (Adult)), Guilherme Winter (Moses), Rayana Carvalho (Adira), Sandro Rocha (Abirão), Carlos Bonow (Ahmós), Thierry Figueira (Anibal), Luciano Szafir, Nicole Orsini (Filha de Menarem)','Record TV, Casablanca',NULL,'https://image.tmdb.org/t/p/original/aMePw03NH6YPrX1PdRvqAgIXXmh.jpg',1,1,0,NULL,4,1,1,1,NULL,NULL,NULL,NULL,1,NULL,2,'2023-01-06 02:54:36',NULL,NULL,NULL,NULL,NULL,NULL,NULL,NULL,NULL,1,0,NULL,NULL,NULL,NULL,NULL,NULL,3,2),(71,8,1,10,'TMDB','1215390',NULL,NULL,NULL,'Ramsés se levantó para interrumpir el juicio',2015,60,NULL,'pt','Vivian de Oliveira, Arme Manente, Rogério Passos, Anderson Souza, Hamsa Hood, Vivianne Jundi','','','Bianka Fernandes (Abigail), Daniel Siwek (Abiú (Adult)), Kaik Brum (Abiú (Child)), Guilherme Winter (Moses), Rayana Carvalho (Adira), Sandro Rocha (Abirão)','Record TV, Casablanca',NULL,'https://image.tmdb.org/t/p/original/4Cn9pVjBOTwFkkjjvQ3dP1s6Xmi.jpg',1,1,0,NULL,4,1,1,1,NULL,NULL,NULL,NULL,1,NULL,2,'2023-01-06 02:54:36',NULL,NULL,NULL,NULL,NULL,NULL,NULL,NULL,NULL,1,0,NULL,NULL,NULL,NULL,NULL,NULL,3,2),(72,8,2,10,'TMDB','1185126',NULL,NULL,NULL,'Episodio 10',2016,60,NULL,'pt','Vivian de Oliveira, Arme Manente, Rogério Passos, Anderson Souza, Hamsa Hood, Vivianne Jundi','','','Bianka Fernandes (Abigail), Daniel Siwek (Abiú (Adult)), Kaik Brum (Abiú (Child)), Camila Santanioni (Ada), Marina Moschen (Amália (Young)), Lisandra Souto (Amália (Adult)), Roger Gobeth (Anrão (Young)), Tammy Di Calafiori (Ana), Paulo Gorgulho (Anrão (Adult)), Guilherme Winter (Moses), Rayana Carvalho (Adira), Sandro Rocha (Abirão), Carlos Bonow (Ahmós), Thierry Figueira (Anibal), Luciano Szafir, Nicole Orsini (Filha de Menarem)','Record TV, Casablanca',NULL,'https://image.tmdb.org/t/p/original/n4jhA2D7RQFRMwn0COl1oLQMWGu.jpg',1,1,0,NULL,4,1,1,1,NULL,NULL,NULL,NULL,1,NULL,2,'2023-01-06 02:54:36',NULL,NULL,NULL,NULL,NULL,NULL,NULL,NULL,NULL,1,0,NULL,NULL,NULL,NULL,NULL,NULL,3,2),(73,8,1,11,'TMDB','1090600',NULL,NULL,NULL,'Hur abrirá la boca',2015,60,NULL,'pt','Vivian de Oliveira, Arme Manente, Rogério Passos, Anderson Souza, Hamsa Hood, Vivianne Jundi','','','Bianka Fernandes (Abigail), Daniel Siwek (Abiú (Adult)), Kaik Brum (Abiú (Child)), Guilherme Winter (Moses), Rayana Carvalho (Adira), Sandro Rocha (Abirão)','Record TV, Casablanca',NULL,'https://image.tmdb.org/t/p/original/aRvDhmhkOLHshqRShVy80Qe9Pjs.jpg',1,1,0,NULL,4,1,1,1,NULL,NULL,NULL,NULL,1,NULL,2,'2023-01-06 02:54:36',NULL,NULL,NULL,NULL,NULL,NULL,NULL,NULL,NULL,1,0,NULL,NULL,NULL,NULL,NULL,NULL,3,2),(74,8,2,11,'TMDB','1185127',NULL,NULL,NULL,'Episodio 11',2016,60,NULL,'pt','Vivian de Oliveira, Arme Manente, Rogério Passos, Anderson Souza, Hamsa Hood, Vivianne Jundi','','','Bianka Fernandes (Abigail), Daniel Siwek (Abiú (Adult)), Kaik Brum (Abiú (Child)), Camila Santanioni (Ada), Marina Moschen (Amália (Young)), Lisandra Souto (Amália (Adult)), Roger Gobeth (Anrão (Young)), Tammy Di Calafiori (Ana), Paulo Gorgulho (Anrão (Adult)), Guilherme Winter (Moses), Rayana Carvalho (Adira), Sandro Rocha (Abirão), Carlos Bonow (Ahmós), Thierry Figueira (Anibal), Luciano Szafir, Nicole Orsini (Filha de Menarem)','Record TV, Casablanca',NULL,'https://image.tmdb.org/t/p/original/nxvDmDbFYJQ0UmeqsS9QOryPLTz.jpg',1,1,0,NULL,4,1,1,1,NULL,NULL,NULL,NULL,1,NULL,2,'2023-01-06 02:54:36',NULL,NULL,NULL,NULL,NULL,NULL,NULL,NULL,NULL,1,0,NULL,NULL,NULL,NULL,NULL,NULL,3,2),(75,8,1,12,'TMDB','1215391',NULL,NULL,NULL,'La vida de Jocabed depende de un hilo.',2015,60,NULL,'pt','Vivian de Oliveira, Arme Manente, Rogério Passos, Anderson Souza, Hamsa Hood, Vivianne Jundi','','','Bianka Fernandes (Abigail), Daniel Siwek (Abiú (Adult)), Kaik Brum (Abiú (Child)), Guilherme Winter (Moses), Rayana Carvalho (Adira), Sandro Rocha (Abirão)','Record TV, Casablanca',NULL,'https://image.tmdb.org/t/p/original/lIWWi3zxHO6aDonntLgdlglHh1A.jpg',1,1,0,NULL,4,1,1,1,NULL,NULL,NULL,NULL,1,NULL,2,'2023-01-06 02:54:36',NULL,NULL,NULL,NULL,NULL,NULL,NULL,NULL,NULL,1,0,NULL,NULL,NULL,NULL,NULL,NULL,3,2),(76,8,2,12,'TMDB','1185128',NULL,NULL,NULL,'Episodio 12',2016,60,NULL,'pt','Vivian de Oliveira, Arme Manente, Rogério Passos, Anderson Souza, Hamsa Hood, Vivianne Jundi','','','Bianka Fernandes (Abigail), Daniel Siwek (Abiú (Adult)), Kaik Brum (Abiú (Child)), Camila Santanioni (Ada), Marina Moschen (Amália (Young)), Lisandra Souto (Amália (Adult)), Roger Gobeth (Anrão (Young)), Tammy Di Calafiori (Ana), Paulo Gorgulho (Anrão (Adult)), Guilherme Winter (Moses), Rayana Carvalho (Adira), Sandro Rocha (Abirão), Carlos Bonow (Ahmós), Thierry Figueira (Anibal), Luciano Szafir, Nicole Orsini (Filha de Menarem)','Record TV, Casablanca',NULL,'https://image.tmdb.org/t/p/original/eJMUPWxzfplDF8xy2pDOwzda3zJ.jpg',1,1,0,NULL,4,1,1,1,NULL,NULL,NULL,NULL,1,NULL,2,'2023-01-06 02:54:36',NULL,NULL,NULL,NULL,NULL,NULL,NULL,NULL,NULL,1,0,NULL,NULL,NULL,NULL,NULL,NULL,3,2),(77,8,1,13,'TMDB','1215392',NULL,NULL,NULL,'Moisés quiere saber lo que ocultan',2015,60,NULL,'pt','Vivian de Oliveira, Arme Manente, Rogério Passos, Anderson Souza, Hamsa Hood, Vivianne Jundi','','','Bianka Fernandes (Abigail), Daniel Siwek (Abiú (Adult)), Kaik Brum (Abiú (Child)), Guilherme Winter (Moses), Rayana Carvalho (Adira), Sandro Rocha (Abirão)','Record TV, Casablanca',NULL,'https://image.tmdb.org/t/p/original/5Ib4diyWbJeaE6786T8nmNBsnk.jpg',1,1,0,NULL,4,1,1,1,NULL,NULL,NULL,NULL,1,NULL,2,'2023-01-06 02:54:36',NULL,NULL,NULL,NULL,NULL,NULL,NULL,NULL,NULL,1,0,NULL,NULL,NULL,NULL,NULL,NULL,3,2),(78,8,2,13,'TMDB','1185129',NULL,NULL,NULL,'Episodio 13',2016,60,NULL,'pt','Vivian de Oliveira, Arme Manente, Rogério Passos, Anderson Souza, Hamsa Hood, Vivianne Jundi','','','Bianka Fernandes (Abigail), Daniel Siwek (Abiú (Adult)), Kaik Brum (Abiú (Child)), Camila Santanioni (Ada), Marina Moschen (Amália (Young)), Lisandra Souto (Amália (Adult)), Roger Gobeth (Anrão (Young)), Tammy Di Calafiori (Ana), Paulo Gorgulho (Anrão (Adult)), Guilherme Winter (Moses), Rayana Carvalho (Adira), Sandro Rocha (Abirão), Carlos Bonow (Ahmós), Thierry Figueira (Anibal), Luciano Szafir, Nicole Orsini (Filha de Menarem)','Record TV, Casablanca',NULL,'https://image.tmdb.org/t/p/original/im7S1UGHmsgzRmo9e6t2fnWZ35Q.jpg',1,1,0,NULL,4,1,1,1,NULL,NULL,NULL,NULL,1,NULL,2,'2023-01-06 02:54:36',NULL,NULL,NULL,NULL,NULL,NULL,NULL,NULL,NULL,1,0,NULL,NULL,NULL,NULL,NULL,NULL,3,2),(79,8,1,14,'TMDB','1215393',NULL,NULL,NULL,'Comenzó el chantaje',2015,60,NULL,'pt','Vivian de Oliveira, Arme Manente, Rogério Passos, Anderson Souza, Hamsa Hood, Vivianne Jundi','','','Bianka Fernandes (Abigail), Daniel Siwek (Abiú (Adult)), Kaik Brum (Abiú (Child)), Guilherme Winter (Moses), Rayana Carvalho (Adira), Sandro Rocha (Abirão)','Record TV, Casablanca',NULL,'https://image.tmdb.org/t/p/original/oZWD0QGL4yqN23a6JHG9q6EBq3f.jpg',1,1,0,NULL,4,1,1,1,NULL,NULL,NULL,NULL,1,NULL,2,'2023-01-06 02:54:36',NULL,NULL,NULL,NULL,NULL,NULL,NULL,NULL,NULL,1,0,NULL,NULL,NULL,NULL,NULL,NULL,3,2),(80,8,2,14,'TMDB','1185130',NULL,NULL,NULL,'Episodio 14',2016,60,NULL,'pt','Vivian de Oliveira, Arme Manente, Rogério Passos, Anderson Souza, Hamsa Hood, Vivianne Jundi','','','Bianka Fernandes (Abigail), Daniel Siwek (Abiú (Adult)), Kaik Brum (Abiú (Child)), Camila Santanioni (Ada), Marina Moschen (Amália (Young)), Lisandra Souto (Amália (Adult)), Roger Gobeth (Anrão (Young)), Tammy Di Calafiori (Ana), Paulo Gorgulho (Anrão (Adult)), Guilherme Winter (Moses), Rayana Carvalho (Adira), Sandro Rocha (Abirão), Carlos Bonow (Ahmós), Thierry Figueira (Anibal), Luciano Szafir, Nicole Orsini (Filha de Menarem)','Record TV, Casablanca',NULL,'https://image.tmdb.org/t/p/original/tdstQGqbUluWh2omUbM6yglujat.jpg',1,1,0,NULL,4,1,1,1,NULL,NULL,NULL,NULL,1,NULL,2,'2023-01-06 02:54:36',NULL,NULL,NULL,NULL,NULL,NULL,NULL,NULL,NULL,1,0,NULL,NULL,NULL,NULL,NULL,NULL,3,2),(81,8,1,15,'TMDB','1215394',NULL,NULL,NULL,'Un gran reencuentro',2015,60,NULL,'pt','Vivian de Oliveira, Arme Manente, Rogério Passos, Anderson Souza, Hamsa Hood, Vivianne Jundi','','','Bianka Fernandes (Abigail), Daniel Siwek (Abiú (Adult)), Kaik Brum (Abiú (Child)), Guilherme Winter (Moses), Rayana Carvalho (Adira), Sandro Rocha (Abirão)','Record TV, Casablanca',NULL,'https://image.tmdb.org/t/p/original/8wdRqg2Gv9fYTRLFbigoBmPJNqF.jpg',1,1,0,NULL,4,1,1,1,NULL,NULL,NULL,NULL,1,NULL,2,'2023-01-06 02:54:36',NULL,NULL,NULL,NULL,NULL,NULL,NULL,NULL,NULL,1,0,NULL,NULL,NULL,NULL,NULL,NULL,3,2),(82,8,2,15,'TMDB','1185131',NULL,NULL,NULL,'Episodio 15',2016,60,NULL,'pt','Vivian de Oliveira, Arme Manente, Rogério Passos, Anderson Souza, Hamsa Hood, Vivianne Jundi','','','Bianka Fernandes (Abigail), Daniel Siwek (Abiú (Adult)), Kaik Brum (Abiú (Child)), Camila Santanioni (Ada), Marina Moschen (Amália (Young)), Lisandra Souto (Amália (Adult)), Roger Gobeth (Anrão (Young)), Tammy Di Calafiori (Ana), Paulo Gorgulho (Anrão (Adult)), Guilherme Winter (Moses), Rayana Carvalho (Adira), Sandro Rocha (Abirão), Carlos Bonow (Ahmós), Thierry Figueira (Anibal), Luciano Szafir, Nicole Orsini (Filha de Menarem)','Record TV, Casablanca',NULL,'https://image.tmdb.org/t/p/original/e7YDt1n5euHEHS9yhkT7giIBVcz.jpg',1,1,0,NULL,4,1,1,1,NULL,NULL,NULL,NULL,1,NULL,2,'2023-01-06 02:54:36',NULL,NULL,NULL,NULL,NULL,NULL,NULL,NULL,NULL,1,0,NULL,NULL,NULL,NULL,NULL,NULL,3,2),(83,8,1,16,'TMDB','1215395',NULL,NULL,NULL,'¿Qué planea Disebek?',2015,60,NULL,'pt','Vivian de Oliveira, Arme Manente, Rogério Passos, Anderson Souza, Hamsa Hood, Vivianne Jundi','','','Bianka Fernandes (Abigail), Daniel Siwek (Abiú (Adult)), Kaik Brum (Abiú (Child)), Guilherme Winter (Moses), Rayana Carvalho (Adira), Sandro Rocha (Abirão)','Record TV, Casablanca',NULL,'https://image.tmdb.org/t/p/original/uQVK9WKehwOM5JtNdVcVcVng4Zk.jpg',1,1,0,NULL,4,1,1,1,NULL,NULL,NULL,NULL,1,NULL,2,'2023-01-06 02:54:36',NULL,NULL,NULL,NULL,NULL,NULL,NULL,NULL,NULL,1,0,NULL,NULL,NULL,NULL,NULL,NULL,3,2),(84,8,2,16,'TMDB','1215573',NULL,NULL,NULL,'Episodio 16',2016,60,NULL,'pt','Vivian de Oliveira, Arme Manente, Rogério Passos, Anderson Souza, Hamsa Hood, Vivianne Jundi','','','Bianka Fernandes (Abigail), Daniel Siwek (Abiú (Adult)), Kaik Brum (Abiú (Child)), Camila Santanioni (Ada), Marina Moschen (Amália (Young)), Lisandra Souto (Amália (Adult)), Roger Gobeth (Anrão (Young)), Tammy Di Calafiori (Ana), Paulo Gorgulho (Anrão (Adult)), Guilherme Winter (Moses), Rayana Carvalho (Adira), Sandro Rocha (Abirão), Carlos Bonow (Ahmós), Thierry Figueira (Anibal), Luciano Szafir, Nicole Orsini (Filha de Menarem)','Record TV, Casablanca',NULL,'https://image.tmdb.org/t/p/original/j8eB65UgYOwFOAGZssb9lD1OGfX.jpg',1,1,0,NULL,4,1,1,1,NULL,NULL,NULL,NULL,1,NULL,2,'2023-01-06 02:54:36',NULL,NULL,NULL,NULL,NULL,NULL,NULL,NULL,NULL,1,0,NULL,NULL,NULL,NULL,NULL,NULL,3,2),(85,8,1,17,'TMDB','1215396',NULL,NULL,NULL,'Moisés está cada vez mas cerca de su madre',2015,60,NULL,'pt','Vivian de Oliveira, Arme Manente, Rogério Passos, Anderson Souza, Hamsa Hood, Vivianne Jundi','','','Bianka Fernandes (Abigail), Daniel Siwek (Abiú (Adult)), Kaik Brum (Abiú (Child)), Guilherme Winter (Moses), Rayana Carvalho (Adira), Sandro Rocha (Abirão)','Record TV, Casablanca',NULL,'https://image.tmdb.org/t/p/original/xKKb5HFHhSVMigYTkoYjyqs3e7o.jpg',1,1,0,NULL,4,1,1,1,NULL,NULL,NULL,NULL,1,NULL,2,'2023-01-06 02:54:36',NULL,NULL,NULL,NULL,NULL,NULL,NULL,NULL,NULL,1,0,NULL,NULL,NULL,NULL,NULL,NULL,3,2),(86,8,2,17,'TMDB','1215574',NULL,NULL,NULL,'Episodio 17',2016,60,NULL,'pt','Vivian de Oliveira, Arme Manente, Rogério Passos, Anderson Souza, Hamsa Hood, Vivianne Jundi','','','Bianka Fernandes (Abigail), Daniel Siwek (Abiú (Adult)), Kaik Brum (Abiú (Child)), Camila Santanioni (Ada), Marina Moschen (Amália (Young)), Lisandra Souto (Amália (Adult)), Roger Gobeth (Anrão (Young)), Tammy Di Calafiori (Ana), Paulo Gorgulho (Anrão (Adult)), Guilherme Winter (Moses), Rayana Carvalho (Adira), Sandro Rocha (Abirão), Carlos Bonow (Ahmós), Thierry Figueira (Anibal), Luciano Szafir, Nicole Orsini (Filha de Menarem)','Record TV, Casablanca',NULL,'https://image.tmdb.org/t/p/original/LNzTJJZ6GNZmPZRebRXucYyggy.jpg',1,1,0,NULL,4,1,1,1,NULL,NULL,NULL,NULL,1,NULL,2,'2023-01-06 02:54:36',NULL,NULL,NULL,NULL,NULL,NULL,NULL,NULL,NULL,1,0,NULL,NULL,NULL,NULL,NULL,NULL,3,2),(87,8,1,18,'TMDB','1215397',NULL,NULL,NULL,'Amenazada de muerte',2015,60,NULL,'pt','Vivian de Oliveira, Arme Manente, Rogério Passos, Anderson Souza, Hamsa Hood, Vivianne Jundi','','','Bianka Fernandes (Abigail), Daniel Siwek (Abiú (Adult)), Kaik Brum (Abiú (Child)), Guilherme Winter (Moses), Rayana Carvalho (Adira), Sandro Rocha (Abirão)','Record TV, Casablanca',NULL,'https://image.tmdb.org/t/p/original/ysRo3XoB4h6H1gPj3q4GsIQolu.jpg',1,1,0,NULL,4,1,1,1,NULL,NULL,NULL,NULL,1,NULL,2,'2023-01-06 02:54:36',NULL,NULL,NULL,NULL,NULL,NULL,NULL,NULL,NULL,1,0,NULL,NULL,NULL,NULL,NULL,NULL,3,2),(88,8,2,18,'TMDB','1215575',NULL,NULL,NULL,'Episodio 18',2016,60,NULL,'pt','Vivian de Oliveira, Arme Manente, Rogério Passos, Anderson Souza, Hamsa Hood, Vivianne Jundi','','','Bianka Fernandes (Abigail), Daniel Siwek (Abiú (Adult)), Kaik Brum (Abiú (Child)), Camila Santanioni (Ada), Marina Moschen (Amália (Young)), Lisandra Souto (Amália (Adult)), Roger Gobeth (Anrão (Young)), Tammy Di Calafiori (Ana), Paulo Gorgulho (Anrão (Adult)), Guilherme Winter (Moses), Rayana Carvalho (Adira), Sandro Rocha (Abirão), Carlos Bonow (Ahmós), Thierry Figueira (Anibal), Luciano Szafir, Nicole Orsini (Filha de Menarem)','Record TV, Casablanca',NULL,'https://image.tmdb.org/t/p/original/7y81PIV8nW4XYX6FE5PYdAdAPKJ.jpg',1,1,0,NULL,4,1,1,1,NULL,NULL,NULL,NULL,1,NULL,2,'2023-01-06 02:54:36',NULL,NULL,NULL,NULL,NULL,NULL,NULL,NULL,NULL,1,0,NULL,NULL,NULL,NULL,NULL,NULL,3,2),(89,8,1,19,'TMDB','1215398',NULL,NULL,NULL,'Seti se está cansando de Ramsés',2015,60,NULL,'pt','Vivian de Oliveira, Arme Manente, Rogério Passos, Anderson Souza, Hamsa Hood, Vivianne Jundi','','','Bianka Fernandes (Abigail), Daniel Siwek (Abiú (Adult)), Kaik Brum (Abiú (Child)), Guilherme Winter (Moses), Rayana Carvalho (Adira), Sandro Rocha (Abirão)','Record TV, Casablanca',NULL,'https://image.tmdb.org/t/p/original/lgYoQW1Oc1juZLMFK4GsS0c2KFa.jpg',1,1,0,NULL,4,1,1,1,NULL,NULL,NULL,NULL,1,NULL,2,'2023-01-06 02:54:36',NULL,NULL,NULL,NULL,NULL,NULL,NULL,NULL,NULL,1,0,NULL,NULL,NULL,NULL,NULL,NULL,3,2),(90,8,2,19,'TMDB','1215576',NULL,NULL,NULL,'Episodio 19',2016,60,NULL,'pt','Vivian de Oliveira, Arme Manente, Rogério Passos, Anderson Souza, Hamsa Hood, Vivianne Jundi','','','Bianka Fernandes (Abigail), Daniel Siwek (Abiú (Adult)), Kaik Brum (Abiú (Child)), Camila Santanioni (Ada), Marina Moschen (Amália (Young)), Lisandra Souto (Amália (Adult)), Roger Gobeth (Anrão (Young)), Tammy Di Calafiori (Ana), Paulo Gorgulho (Anrão (Adult)), Guilherme Winter (Moses), Rayana Carvalho (Adira), Sandro Rocha (Abirão), Carlos Bonow (Ahmós), Thierry Figueira (Anibal), Luciano Szafir, Nicole Orsini (Filha de Menarem)','Record TV, Casablanca',NULL,'https://image.tmdb.org/t/p/original/jTQgdq1ILBGRB4FyUAEwgAAA8j1.jpg',1,1,0,NULL,4,1,1,1,NULL,NULL,NULL,NULL,1,NULL,2,'2023-01-06 02:54:36',NULL,NULL,NULL,NULL,NULL,NULL,NULL,NULL,NULL,1,0,NULL,NULL,NULL,NULL,NULL,NULL,3,2),(91,8,1,20,'TMDB','1215399',NULL,NULL,NULL,'Amram está de regreso',2015,60,NULL,'pt','Vivian de Oliveira, Arme Manente, Rogério Passos, Anderson Souza, Hamsa Hood, Vivianne Jundi','','','Bianka Fernandes (Abigail), Daniel Siwek (Abiú (Adult)), Kaik Brum (Abiú (Child)), Guilherme Winter (Moses), Rayana Carvalho (Adira), Sandro Rocha (Abirão)','Record TV, Casablanca',NULL,'https://image.tmdb.org/t/p/original/8gZh0pcLcH73iV0OoinSbj62Oej.jpg',1,1,0,NULL,4,1,1,1,NULL,NULL,NULL,NULL,1,NULL,2,'2023-01-06 02:54:36',NULL,NULL,NULL,NULL,NULL,NULL,NULL,NULL,NULL,1,0,NULL,NULL,NULL,NULL,NULL,NULL,3,2),(92,8,2,20,'TMDB','1215577',NULL,NULL,NULL,'Episodio 20',2016,60,NULL,'pt','Vivian de Oliveira, Arme Manente, Rogério Passos, Anderson Souza, Hamsa Hood, Vivianne Jundi','','','Bianka Fernandes (Abigail), Daniel Siwek (Abiú (Adult)), Kaik Brum (Abiú (Child)), Camila Santanioni (Ada), Marina Moschen (Amália (Young)), Lisandra Souto (Amália (Adult)), Roger Gobeth (Anrão (Young)), Tammy Di Calafiori (Ana), Paulo Gorgulho (Anrão (Adult)), Guilherme Winter (Moses), Rayana Carvalho (Adira), Sandro Rocha (Abirão), Carlos Bonow (Ahmós), Thierry Figueira (Anibal), Luciano Szafir, Nicole Orsini (Filha de Menarem)','Record TV, Casablanca',NULL,'https://image.tmdb.org/t/p/original/bO0nr5l4WI2f4yAHW4AzTdftWlb.jpg',1,1,0,NULL,4,1,1,1,NULL,NULL,NULL,NULL,1,NULL,2,'2023-01-06 02:54:36',NULL,NULL,NULL,NULL,NULL,NULL,NULL,NULL,NULL,1,0,NULL,NULL,NULL,NULL,NULL,NULL,3,2),(93,8,1,21,'TMDB','1215400',NULL,NULL,NULL,'Moisés quiere saber el secreto de Seti',2015,60,NULL,'pt','Vivian de Oliveira, Arme Manente, Rogério Passos, Anderson Souza, Hamsa Hood, Vivianne Jundi','','','Bianka Fernandes (Abigail), Daniel Siwek (Abiú (Adult)), Kaik Brum (Abiú (Child)), Guilherme Winter (Moses), Rayana Carvalho (Adira), Sandro Rocha (Abirão)','Record TV, Casablanca',NULL,NULL,1,1,0,NULL,4,1,1,1,NULL,NULL,NULL,NULL,1,NULL,2,'2023-01-06 02:54:36',NULL,NULL,NULL,NULL,NULL,NULL,NULL,NULL,NULL,1,0,NULL,NULL,NULL,NULL,NULL,NULL,3,2),(94,8,2,21,'TMDB','1215578',NULL,NULL,NULL,'Episodio 21',2016,60,NULL,'pt','Vivian de Oliveira, Arme Manente, Rogério Passos, Anderson Souza, Hamsa Hood, Vivianne Jundi','','','Bianka Fernandes (Abigail), Daniel Siwek (Abiú (Adult)), Kaik Brum (Abiú (Child)), Camila Santanioni (Ada), Marina Moschen (Amália (Young)), Lisandra Souto (Amália (Adult)), Roger Gobeth (Anrão (Young)), Tammy Di Calafiori (Ana), Paulo Gorgulho (Anrão (Adult)), Guilherme Winter (Moses), Rayana Carvalho (Adira), Sandro Rocha (Abirão), Carlos Bonow (Ahmós), Thierry Figueira (Anibal), Luciano Szafir, Nicole Orsini (Filha de Menarem)','Record TV, Casablanca',NULL,'https://image.tmdb.org/t/p/original/gDLre3mn3A2bXWRFQEGGS70x5G.jpg',1,1,0,NULL,4,1,1,1,NULL,NULL,NULL,NULL,1,NULL,2,'2023-01-06 02:54:36',NULL,NULL,NULL,NULL,NULL,NULL,NULL,NULL,NULL,1,0,NULL,NULL,NULL,NULL,NULL,NULL,3,2),(95,8,1,22,'TMDB','1215401',NULL,NULL,NULL,'Jocabed le cuanta la verdad a sus hijos',2015,60,NULL,'pt','Vivian de Oliveira, Arme Manente, Rogério Passos, Anderson Souza, Hamsa Hood, Vivianne Jundi','','','Bianka Fernandes (Abigail), Daniel Siwek (Abiú (Adult)), Kaik Brum (Abiú (Child)), Guilherme Winter (Moses), Rayana Carvalho (Adira), Sandro Rocha (Abirão)','Record TV, Casablanca',NULL,NULL,1,1,0,NULL,4,1,1,1,NULL,NULL,NULL,NULL,1,NULL,2,'2023-01-06 02:54:36',NULL,NULL,NULL,NULL,NULL,NULL,NULL,NULL,NULL,1,0,NULL,NULL,NULL,NULL,NULL,NULL,3,2),(96,8,2,22,'TMDB','1215579',NULL,NULL,NULL,'Episodio 22',2016,60,NULL,'pt','Vivian de Oliveira, Arme Manente, Rogério Passos, Anderson Souza, Hamsa Hood, Vivianne Jundi','','','Bianka Fernandes (Abigail), Daniel Siwek (Abiú (Adult)), Kaik Brum (Abiú (Child)), Camila Santanioni (Ada), Marina Moschen (Amália (Young)), Lisandra Souto (Amália (Adult)), Roger Gobeth (Anrão (Young)), Tammy Di Calafiori (Ana), Paulo Gorgulho (Anrão (Adult)), Guilherme Winter (Moses), Rayana Carvalho (Adira), Sandro Rocha (Abirão), Carlos Bonow (Ahmós), Thierry Figueira (Anibal), Luciano Szafir, Nicole Orsini (Filha de Menarem)','Record TV, Casablanca',NULL,'https://image.tmdb.org/t/p/original/bcC4aCjxCQTgXCVIRDA7R8Ahf9C.jpg',1,1,0,NULL,4,1,1,1,NULL,NULL,NULL,NULL,1,NULL,2,'2023-01-06 02:54:36',NULL,NULL,NULL,NULL,NULL,NULL,NULL,NULL,NULL,1,0,NULL,NULL,NULL,NULL,NULL,NULL,3,2),(97,8,1,23,'TMDB','1215403',NULL,NULL,NULL,'Aaron se reencuentra con su padre',2015,60,NULL,'pt','Vivian de Oliveira, Arme Manente, Rogério Passos, Anderson Souza, Hamsa Hood, Vivianne Jundi','','','Bianka Fernandes (Abigail), Daniel Siwek (Abiú (Adult)), Kaik Brum (Abiú (Child)), Guilherme Winter (Moses), Rayana Carvalho (Adira), Sandro Rocha (Abirão)','Record TV, Casablanca',NULL,NULL,1,1,0,NULL,4,1,1,1,NULL,NULL,NULL,NULL,1,NULL,2,'2023-01-06 02:54:36',NULL,NULL,NULL,NULL,NULL,NULL,NULL,NULL,NULL,1,0,NULL,NULL,NULL,NULL,NULL,NULL,3,2),(98,8,2,23,'TMDB','1215580',NULL,NULL,NULL,'Episodio 23',2016,60,NULL,'pt','Vivian de Oliveira, Arme Manente, Rogério Passos, Anderson Souza, Hamsa Hood, Vivianne Jundi','','','Bianka Fernandes (Abigail), Daniel Siwek (Abiú (Adult)), Kaik Brum (Abiú (Child)), Camila Santanioni (Ada), Marina Moschen (Amália (Young)), Lisandra Souto (Amália (Adult)), Roger Gobeth (Anrão (Young)), Tammy Di Calafiori (Ana), Paulo Gorgulho (Anrão (Adult)), Guilherme Winter (Moses), Rayana Carvalho (Adira), Sandro Rocha (Abirão), Carlos Bonow (Ahmós), Thierry Figueira (Anibal), Luciano Szafir, Nicole Orsini (Filha de Menarem)','Record TV, Casablanca',NULL,'https://image.tmdb.org/t/p/original/xUGwZZkqm3cD8oinjhi5gy9EDKc.jpg',1,1,0,NULL,4,1,1,1,NULL,NULL,NULL,NULL,1,NULL,2,'2023-01-06 02:54:36',NULL,NULL,NULL,NULL,NULL,NULL,NULL,NULL,NULL,1,0,NULL,NULL,NULL,NULL,NULL,NULL,3,2),(99,8,1,24,'TMDB','1215404',NULL,NULL,NULL,'Nefertari vuelve a rechazar a Ramsés',2015,60,NULL,'pt','Vivian de Oliveira, Arme Manente, Rogério Passos, Anderson Souza, Hamsa Hood, Vivianne Jundi','','','Bianka Fernandes (Abigail), Daniel Siwek (Abiú (Adult)), Kaik Brum (Abiú (Child)), Guilherme Winter (Moses), Rayana Carvalho (Adira), Sandro Rocha (Abirão)','Record TV, Casablanca',NULL,NULL,1,1,0,NULL,4,1,1,1,NULL,NULL,NULL,NULL,1,NULL,2,'2023-01-06 02:54:37',NULL,NULL,NULL,NULL,NULL,NULL,NULL,NULL,NULL,1,0,NULL,NULL,NULL,NULL,NULL,NULL,3,2),(100,8,2,24,'TMDB','1215581',NULL,NULL,NULL,'Episodio 24',2016,60,NULL,'pt','Vivian de Oliveira, Arme Manente, Rogério Passos, Anderson Souza, Hamsa Hood, Vivianne Jundi','','','Bianka Fernandes (Abigail), Daniel Siwek (Abiú (Adult)), Kaik Brum (Abiú (Child)), Camila Santanioni (Ada), Marina Moschen (Amália (Young)), Lisandra Souto (Amália (Adult)), Roger Gobeth (Anrão (Young)), Tammy Di Calafiori (Ana), Paulo Gorgulho (Anrão (Adult)), Guilherme Winter (Moses), Rayana Carvalho (Adira), Sandro Rocha (Abirão), Carlos Bonow (Ahmós), Thierry Figueira (Anibal), Luciano Szafir, Nicole Orsini (Filha de Menarem)','Record TV, Casablanca',NULL,'https://image.tmdb.org/t/p/original/wG2QVVoJTATKdgCRL7rxuTXFR9y.jpg',1,1,0,NULL,4,1,1,1,NULL,NULL,NULL,NULL,1,NULL,2,'2023-01-06 02:54:37',NULL,NULL,NULL,NULL,NULL,NULL,NULL,NULL,NULL,1,0,NULL,NULL,NULL,NULL,NULL,NULL,3,2),(101,8,1,25,'TMDB','1215405',NULL,NULL,NULL,'Al fin juntos',2015,60,NULL,'pt','Vivian de Oliveira, Arme Manente, Rogério Passos, Anderson Souza, Hamsa Hood, Vivianne Jundi','','','Bianka Fernandes (Abigail), Daniel Siwek (Abiú (Adult)), Kaik Brum (Abiú (Child)), Guilherme Winter (Moses), Rayana Carvalho (Adira), Sandro Rocha (Abirão)','Record TV, Casablanca',NULL,NULL,1,1,0,NULL,4,1,1,1,NULL,NULL,NULL,NULL,1,NULL,2,'2023-01-06 02:54:37',NULL,NULL,NULL,NULL,NULL,NULL,NULL,NULL,NULL,1,0,NULL,NULL,NULL,NULL,NULL,NULL,3,2),(102,8,2,25,'TMDB','1215582',NULL,NULL,NULL,'Episodio 25',2016,60,NULL,'pt','Vivian de Oliveira, Arme Manente, Rogério Passos, Anderson Souza, Hamsa Hood, Vivianne Jundi','','','Bianka Fernandes (Abigail), Daniel Siwek (Abiú (Adult)), Kaik Brum (Abiú (Child)), Camila Santanioni (Ada), Marina Moschen (Amália (Young)), Lisandra Souto (Amália (Adult)), Roger Gobeth (Anrão (Young)), Tammy Di Calafiori (Ana), Paulo Gorgulho (Anrão (Adult)), Guilherme Winter (Moses), Rayana Carvalho (Adira), Sandro Rocha (Abirão), Carlos Bonow (Ahmós), Thierry Figueira (Anibal), Luciano Szafir, Nicole Orsini (Filha de Menarem)','Record TV, Casablanca',NULL,'https://image.tmdb.org/t/p/original/o7q6MUCIOOzj0cggLMb8LmqxIy7.jpg',1,1,0,NULL,4,1,1,1,NULL,NULL,NULL,NULL,1,NULL,2,'2023-01-06 02:54:37',NULL,NULL,NULL,NULL,NULL,NULL,NULL,NULL,NULL,1,0,NULL,NULL,NULL,NULL,NULL,NULL,3,2),(103,8,2,26,'TMDB','1215583',NULL,NULL,NULL,'Episodio 26',2016,60,NULL,'pt','Vivian de Oliveira, Arme Manente, Rogério Passos, Anderson Souza, Hamsa Hood, Vivianne Jundi','','','Bianka Fernandes (Abigail), Daniel Siwek (Abiú (Adult)), Kaik Brum (Abiú (Child)), Camila Santanioni (Ada), Marina Moschen (Amália (Young)), Lisandra Souto (Amália (Adult)), Roger Gobeth (Anrão (Young)), Tammy Di Calafiori (Ana), Paulo Gorgulho (Anrão (Adult)), Guilherme Winter (Moses), Rayana Carvalho (Adira), Sandro Rocha (Abirão), Carlos Bonow (Ahmós), Thierry Figueira (Anibal), Luciano Szafir, Nicole Orsini (Filha de Menarem)','Record TV, Casablanca',NULL,'https://image.tmdb.org/t/p/original/rs0wNOR8G1OThouOBCmjCTbkgSj.jpg',1,1,0,NULL,4,1,1,1,NULL,NULL,NULL,NULL,1,NULL,2,'2023-01-06 02:54:37',NULL,NULL,NULL,NULL,NULL,NULL,NULL,NULL,NULL,1,0,NULL,NULL,NULL,NULL,NULL,NULL,3,2),(104,8,1,26,'TMDB','1215406',NULL,NULL,NULL,'Mas complicaciones para Nefertari',2015,60,NULL,'pt','Vivian de Oliveira, Arme Manente, Rogério Passos, Anderson Souza, Hamsa Hood, Vivianne Jundi','','','Bianka Fernandes (Abigail), Daniel Siwek (Abiú (Adult)), Kaik Brum (Abiú (Child)), Guilherme Winter (Moses), Rayana Carvalho (Adira), Sandro Rocha (Abirão)','Record TV, Casablanca',NULL,NULL,1,1,0,NULL,4,1,1,1,NULL,NULL,NULL,NULL,1,NULL,2,'2023-01-06 02:54:37',NULL,NULL,NULL,NULL,NULL,NULL,NULL,NULL,NULL,1,0,NULL,NULL,NULL,NULL,NULL,NULL,3,2),(105,8,2,27,'TMDB','1215584',NULL,NULL,NULL,'Episodio 27',2016,60,NULL,'pt','Vivian de Oliveira, Arme Manente, Rogério Passos, Anderson Souza, Hamsa Hood, Vivianne Jundi','','','Bianka Fernandes (Abigail), Daniel Siwek (Abiú (Adult)), Kaik Brum (Abiú (Child)), Camila Santanioni (Ada), Marina Moschen (Amália (Young)), Lisandra Souto (Amália (Adult)), Roger Gobeth (Anrão (Young)), Tammy Di Calafiori (Ana), Paulo Gorgulho (Anrão (Adult)), Guilherme Winter (Moses), Rayana Carvalho (Adira), Sandro Rocha (Abirão), Carlos Bonow (Ahmós), Thierry Figueira (Anibal), Luciano Szafir, Nicole Orsini (Filha de Menarem)','Record TV, Casablanca',NULL,'https://image.tmdb.org/t/p/original/chSGbXpki9QuCq3OaxwvIYXIcDX.jpg',1,1,0,NULL,4,1,1,1,NULL,NULL,NULL,NULL,1,NULL,2,'2023-01-06 02:54:37',NULL,NULL,NULL,NULL,NULL,NULL,NULL,NULL,NULL,1,0,NULL,NULL,NULL,NULL,NULL,NULL,3,2),(106,8,1,27,'TMDB','1215407',NULL,NULL,NULL,'Ramsés se llevó una desagradable sorpresa',2015,60,NULL,'pt','Vivian de Oliveira, Arme Manente, Rogério Passos, Anderson Souza, Hamsa Hood, Vivianne Jundi','','','Bianka Fernandes (Abigail), Daniel Siwek (Abiú (Adult)), Kaik Brum (Abiú (Child)), Guilherme Winter (Moses), Rayana Carvalho (Adira), Sandro Rocha (Abirão)','Record TV, Casablanca',NULL,NULL,1,1,0,NULL,4,1,1,1,NULL,NULL,NULL,NULL,1,NULL,2,'2023-01-06 02:54:37',NULL,NULL,NULL,NULL,NULL,NULL,NULL,NULL,NULL,1,0,NULL,NULL,NULL,NULL,NULL,NULL,3,2),(107,8,2,28,'TMDB','1215585',NULL,NULL,NULL,'Episodio 28',2016,60,NULL,'pt','Vivian de Oliveira, Arme Manente, Rogério Passos, Anderson Souza, Hamsa Hood, Vivianne Jundi','','','Bianka Fernandes (Abigail), Daniel Siwek (Abiú (Adult)), Kaik Brum (Abiú (Child)), Camila Santanioni (Ada), Marina Moschen (Amália (Young)), Lisandra Souto (Amália (Adult)), Roger Gobeth (Anrão (Young)), Tammy Di Calafiori (Ana), Paulo Gorgulho (Anrão (Adult)), Guilherme Winter (Moses), Rayana Carvalho (Adira), Sandro Rocha (Abirão), Carlos Bonow (Ahmós), Thierry Figueira (Anibal), Luciano Szafir, Nicole Orsini (Filha de Menarem)','Record TV, Casablanca',NULL,'https://image.tmdb.org/t/p/original/kw11ucGfPKKL5gmJDeoOUaykJ4W.jpg',1,1,0,NULL,4,1,1,1,NULL,NULL,NULL,NULL,1,NULL,2,'2023-01-06 02:54:37',NULL,NULL,NULL,NULL,NULL,NULL,NULL,NULL,NULL,1,0,NULL,NULL,NULL,NULL,NULL,NULL,3,2),(108,8,1,28,'TMDB','1215408',NULL,NULL,NULL,'Gritarán su amor a los cuatro vientos',2015,60,NULL,'pt','Vivian de Oliveira, Arme Manente, Rogério Passos, Anderson Souza, Hamsa Hood, Vivianne Jundi','','','Bianka Fernandes (Abigail), Daniel Siwek (Abiú (Adult)), Kaik Brum (Abiú (Child)), Guilherme Winter (Moses), Rayana Carvalho (Adira), Sandro Rocha (Abirão)','Record TV, Casablanca',NULL,NULL,1,1,0,NULL,4,1,1,1,NULL,NULL,NULL,NULL,1,NULL,2,'2023-01-06 02:54:37',NULL,NULL,NULL,NULL,NULL,NULL,NULL,NULL,NULL,1,0,NULL,NULL,NULL,NULL,NULL,NULL,3,2),(109,8,2,29,'TMDB','1215586',NULL,NULL,NULL,'Episodio 29',2016,60,NULL,'pt','Vivian de Oliveira, Arme Manente, Rogério Passos, Anderson Souza, Hamsa Hood, Vivianne Jundi','','','Bianka Fernandes (Abigail), Daniel Siwek (Abiú (Adult)), Kaik Brum (Abiú (Child)), Camila Santanioni (Ada), Marina Moschen (Amália (Young)), Lisandra Souto (Amália (Adult)), Roger Gobeth (Anrão (Young)), Tammy Di Calafiori (Ana), Paulo Gorgulho (Anrão (Adult)), Guilherme Winter (Moses), Rayana Carvalho (Adira), Sandro Rocha (Abirão), Carlos Bonow (Ahmós), Thierry Figueira (Anibal), Luciano Szafir, Nicole Orsini (Filha de Menarem)','Record TV, Casablanca',NULL,'https://image.tmdb.org/t/p/original/1dh5NYE0YAhZAyvcFs7lnIeeWQF.jpg',1,1,0,NULL,4,1,1,1,NULL,NULL,NULL,NULL,1,NULL,2,'2023-01-06 02:54:37',NULL,NULL,NULL,NULL,NULL,NULL,NULL,NULL,NULL,1,0,NULL,NULL,NULL,NULL,NULL,NULL,3,2),(110,8,1,29,'TMDB','1215409',NULL,NULL,NULL,'Apuki ataca a Isabel',2015,60,NULL,'pt','Vivian de Oliveira, Arme Manente, Rogério Passos, Anderson Souza, Hamsa Hood, Vivianne Jundi','','','Bianka Fernandes (Abigail), Daniel Siwek (Abiú (Adult)), Kaik Brum (Abiú (Child)), Guilherme Winter (Moses), Rayana Carvalho (Adira), Sandro Rocha (Abirão)','Record TV, Casablanca',NULL,NULL,1,1,0,NULL,4,1,1,1,NULL,NULL,NULL,NULL,1,NULL,2,'2023-01-06 02:54:37',NULL,NULL,NULL,NULL,NULL,NULL,NULL,NULL,NULL,1,0,NULL,NULL,NULL,NULL,NULL,NULL,3,2),(111,8,2,30,'TMDB','1215587',NULL,NULL,NULL,'Episodio 30',2016,60,NULL,'pt','Vivian de Oliveira, Arme Manente, Rogério Passos, Anderson Souza, Hamsa Hood, Vivianne Jundi','','','Bianka Fernandes (Abigail), Daniel Siwek (Abiú (Adult)), Kaik Brum (Abiú (Child)), Camila Santanioni (Ada), Marina Moschen (Amália (Young)), Lisandra Souto (Amália (Adult)), Roger Gobeth (Anrão (Young)), Tammy Di Calafiori (Ana), Paulo Gorgulho (Anrão (Adult)), Guilherme Winter (Moses), Rayana Carvalho (Adira), Sandro Rocha (Abirão), Carlos Bonow (Ahmós), Thierry Figueira (Anibal), Luciano Szafir, Nicole Orsini (Filha de Menarem)','Record TV, Casablanca',NULL,'https://image.tmdb.org/t/p/original/Od77dobkvt2EtTJ39e7najhbV3.jpg',1,1,0,NULL,4,1,1,1,NULL,NULL,NULL,NULL,1,NULL,2,'2023-01-06 02:54:37',NULL,NULL,NULL,NULL,NULL,NULL,NULL,NULL,NULL,1,0,NULL,NULL,NULL,NULL,NULL,NULL,3,2),(112,8,1,30,'TMDB','1215410',NULL,NULL,NULL,'Aaron perdona a su padre',2015,60,NULL,'pt','Vivian de Oliveira, Arme Manente, Rogério Passos, Anderson Souza, Hamsa Hood, Vivianne Jundi','','','Bianka Fernandes (Abigail), Daniel Siwek (Abiú (Adult)), Kaik Brum (Abiú (Child)), Guilherme Winter (Moses), Rayana Carvalho (Adira), Sandro Rocha (Abirão)','Record TV, Casablanca',NULL,NULL,1,1,0,NULL,4,1,1,1,NULL,NULL,NULL,NULL,1,NULL,2,'2023-01-06 02:54:37',NULL,NULL,NULL,NULL,NULL,NULL,NULL,NULL,NULL,1,0,NULL,NULL,NULL,NULL,NULL,NULL,3,2),(113,8,2,31,'TMDB','1215588',NULL,NULL,NULL,'Episodio 31',2016,60,NULL,'pt','Vivian de Oliveira, Arme Manente, Rogério Passos, Anderson Souza, Hamsa Hood, Vivianne Jundi','','','Bianka Fernandes (Abigail), Daniel Siwek (Abiú (Adult)), Kaik Brum (Abiú (Child)), Camila Santanioni (Ada), Marina Moschen (Amália (Young)), Lisandra Souto (Amália (Adult)), Roger Gobeth (Anrão (Young)), Tammy Di Calafiori (Ana), Paulo Gorgulho (Anrão (Adult)), Guilherme Winter (Moses), Rayana Carvalho (Adira), Sandro Rocha (Abirão), Carlos Bonow (Ahmós), Thierry Figueira (Anibal), Luciano Szafir, Nicole Orsini (Filha de Menarem)','Record TV, Casablanca',NULL,'https://image.tmdb.org/t/p/original/egk5zsOdW38Ojqbl7t2cMPxfoA1.jpg',1,1,0,NULL,4,1,1,1,NULL,NULL,NULL,NULL,1,NULL,2,'2023-01-06 02:54:37',NULL,NULL,NULL,NULL,NULL,NULL,NULL,NULL,NULL,1,0,NULL,NULL,NULL,NULL,NULL,NULL,3,2),(114,8,1,31,'TMDB','1215411',NULL,NULL,NULL,'Mas problemas para la familia',2015,60,NULL,'pt','Vivian de Oliveira, Arme Manente, Rogério Passos, Anderson Souza, Hamsa Hood, Vivianne Jundi','','','Bianka Fernandes (Abigail), Daniel Siwek (Abiú (Adult)), Kaik Brum (Abiú (Child)), Guilherme Winter (Moses), Rayana Carvalho (Adira), Sandro Rocha (Abirão)','Record TV, Casablanca',NULL,NULL,1,1,0,NULL,4,1,1,1,NULL,NULL,NULL,NULL,1,NULL,2,'2023-01-06 02:54:37',NULL,NULL,NULL,NULL,NULL,NULL,NULL,NULL,NULL,1,0,NULL,NULL,NULL,NULL,NULL,NULL,3,2),(115,8,2,32,'TMDB','1215589',NULL,NULL,NULL,'Episodio 32',2016,60,NULL,'pt','Vivian de Oliveira, Arme Manente, Rogério Passos, Anderson Souza, Hamsa Hood, Vivianne Jundi','','','Bianka Fernandes (Abigail), Daniel Siwek (Abiú (Adult)), Kaik Brum (Abiú (Child)), Camila Santanioni (Ada), Marina Moschen (Amália (Young)), Lisandra Souto (Amália (Adult)), Roger Gobeth (Anrão (Young)), Tammy Di Calafiori (Ana), Paulo Gorgulho (Anrão (Adult)), Guilherme Winter (Moses), Rayana Carvalho (Adira), Sandro Rocha (Abirão), Carlos Bonow (Ahmós), Thierry Figueira (Anibal), Luciano Szafir, Nicole Orsini (Filha de Menarem)','Record TV, Casablanca',NULL,'https://image.tmdb.org/t/p/original/vjKz446rffwDzCgBLLMlA2yb2hO.jpg',1,1,0,NULL,4,1,1,1,NULL,NULL,NULL,NULL,1,NULL,2,'2023-01-06 02:54:37',NULL,NULL,NULL,NULL,NULL,NULL,NULL,NULL,NULL,1,0,NULL,NULL,NULL,NULL,NULL,NULL,3,2),(116,8,1,32,'TMDB','1215412',NULL,NULL,NULL,'Llegó la prometida de Ramsés',2015,60,NULL,'pt','Vivian de Oliveira, Arme Manente, Rogério Passos, Anderson Souza, Hamsa Hood, Vivianne Jundi','','','Bianka Fernandes (Abigail), Daniel Siwek (Abiú (Adult)), Kaik Brum (Abiú (Child)), Guilherme Winter (Moses), Rayana Carvalho (Adira), Sandro Rocha (Abirão)','Record TV, Casablanca',NULL,NULL,1,1,0,NULL,4,1,1,1,NULL,NULL,NULL,NULL,1,NULL,2,'2023-01-06 02:54:37',NULL,NULL,NULL,NULL,NULL,NULL,NULL,NULL,NULL,1,0,NULL,NULL,NULL,NULL,NULL,NULL,3,2),(117,8,2,33,'TMDB','1215590',NULL,NULL,NULL,'Episodio 33',2016,60,NULL,'pt','Vivian de Oliveira, Arme Manente, Rogério Passos, Anderson Souza, Hamsa Hood, Vivianne Jundi','','','Bianka Fernandes (Abigail), Daniel Siwek (Abiú (Adult)), Kaik Brum (Abiú (Child)), Camila Santanioni (Ada), Marina Moschen (Amália (Young)), Lisandra Souto (Amália (Adult)), Roger Gobeth (Anrão (Young)), Tammy Di Calafiori (Ana), Paulo Gorgulho (Anrão (Adult)), Guilherme Winter (Moses), Rayana Carvalho (Adira), Sandro Rocha (Abirão), Carlos Bonow (Ahmós), Thierry Figueira (Anibal), Luciano Szafir, Nicole Orsini (Filha de Menarem)','Record TV, Casablanca',NULL,'https://image.tmdb.org/t/p/original/qa1LJEMDdE3ACeDnC1ujG9RiIcR.jpg',1,1,0,NULL,4,1,1,1,NULL,NULL,NULL,NULL,1,NULL,2,'2023-01-06 02:54:37',NULL,NULL,NULL,NULL,NULL,NULL,NULL,NULL,NULL,1,0,NULL,NULL,NULL,NULL,NULL,NULL,3,2),(118,8,1,33,'TMDB','1215413',NULL,NULL,NULL,'Ramsés encontró un nuevo amor',2015,60,NULL,'pt','Vivian de Oliveira, Arme Manente, Rogério Passos, Anderson Souza, Hamsa Hood, Vivianne Jundi','','','Bianka Fernandes (Abigail), Daniel Siwek (Abiú (Adult)), Kaik Brum (Abiú (Child)), Guilherme Winter (Moses), Rayana Carvalho (Adira), Sandro Rocha (Abirão)','Record TV, Casablanca',NULL,NULL,1,1,0,NULL,4,1,1,1,NULL,NULL,NULL,NULL,1,NULL,2,'2023-01-06 02:54:37',NULL,NULL,NULL,NULL,NULL,NULL,NULL,NULL,NULL,1,0,NULL,NULL,NULL,NULL,NULL,NULL,3,2),(119,8,2,34,'TMDB','1215591',NULL,NULL,NULL,'Episodio 34',2016,60,NULL,'pt','Vivian de Oliveira, Arme Manente, Rogério Passos, Anderson Souza, Hamsa Hood, Vivianne Jundi','','','Bianka Fernandes (Abigail), Daniel Siwek (Abiú (Adult)), Kaik Brum (Abiú (Child)), Camila Santanioni (Ada), Marina Moschen (Amália (Young)), Lisandra Souto (Amália (Adult)), Roger Gobeth (Anrão (Young)), Tammy Di Calafiori (Ana), Paulo Gorgulho (Anrão (Adult)), Guilherme Winter (Moses), Rayana Carvalho (Adira), Sandro Rocha (Abirão), Carlos Bonow (Ahmós), Thierry Figueira (Anibal), Luciano Szafir, Nicole Orsini (Filha de Menarem)','Record TV, Casablanca',NULL,'https://image.tmdb.org/t/p/original/caXYsanA32UNRu3UVeF7DNRwP2l.jpg',1,1,0,NULL,4,1,1,1,NULL,NULL,NULL,NULL,1,NULL,2,'2023-01-06 02:54:37',NULL,NULL,NULL,NULL,NULL,NULL,NULL,NULL,NULL,1,0,NULL,NULL,NULL,NULL,NULL,NULL,3,2),(120,8,1,34,'TMDB','1215414',NULL,NULL,NULL,'Episodio 34',2015,60,NULL,'pt','Vivian de Oliveira, Arme Manente, Rogério Passos, Anderson Souza, Hamsa Hood, Vivianne Jundi','','','Bianka Fernandes (Abigail), Daniel Siwek (Abiú (Adult)), Kaik Brum (Abiú (Child)), Guilherme Winter (Moses), Rayana Carvalho (Adira), Sandro Rocha (Abirão)','Record TV, Casablanca',NULL,NULL,1,1,0,NULL,4,1,1,1,NULL,NULL,NULL,NULL,1,NULL,2,'2023-01-06 02:54:37',NULL,NULL,NULL,NULL,NULL,NULL,NULL,NULL,NULL,1,0,NULL,NULL,NULL,NULL,NULL,NULL,3,2),(121,8,2,35,'TMDB','1215592',NULL,NULL,NULL,'Episodio 35',2016,60,NULL,'pt','Vivian de Oliveira, Arme Manente, Rogério Passos, Anderson Souza, Hamsa Hood, Vivianne Jundi','','','Bianka Fernandes (Abigail), Daniel Siwek (Abiú (Adult)), Kaik Brum (Abiú (Child)), Camila Santanioni (Ada), Marina Moschen (Amália (Young)), Lisandra Souto (Amália (Adult)), Roger Gobeth (Anrão (Young)), Tammy Di Calafiori (Ana), Paulo Gorgulho (Anrão (Adult)), Guilherme Winter (Moses), Rayana Carvalho (Adira), Sandro Rocha (Abirão), Carlos Bonow (Ahmós), Thierry Figueira (Anibal), Luciano Szafir, Nicole Orsini (Filha de Menarem)','Record TV, Casablanca',NULL,'https://image.tmdb.org/t/p/original/1RI9abJmxs7l6QoOlDDnEYeJQ4g.jpg',1,1,0,NULL,4,1,1,1,NULL,NULL,NULL,NULL,1,NULL,2,'2023-01-06 02:54:37',NULL,NULL,NULL,NULL,NULL,NULL,NULL,NULL,NULL,1,0,NULL,NULL,NULL,NULL,NULL,NULL,3,2),(122,8,1,35,'TMDB','1215415',NULL,NULL,NULL,'Episodio 35',2015,60,NULL,'pt','Vivian de Oliveira, Arme Manente, Rogério Passos, Anderson Souza, Hamsa Hood, Vivianne Jundi','','','Bianka Fernandes (Abigail), Daniel Siwek (Abiú (Adult)), Kaik Brum (Abiú (Child)), Guilherme Winter (Moses), Rayana Carvalho (Adira), Sandro Rocha (Abirão)','Record TV, Casablanca',NULL,NULL,1,1,0,NULL,4,1,1,1,NULL,NULL,NULL,NULL,1,NULL,2,'2023-01-06 02:54:37',NULL,NULL,NULL,NULL,NULL,NULL,NULL,NULL,NULL,1,0,NULL,NULL,NULL,NULL,NULL,NULL,3,2),(123,8,2,36,'TMDB','1215593',NULL,NULL,NULL,'Episodio 36',2016,60,NULL,'pt','Vivian de Oliveira, Arme Manente, Rogério Passos, Anderson Souza, Hamsa Hood, Vivianne Jundi','','','Bianka Fernandes (Abigail), Daniel Siwek (Abiú (Adult)), Kaik Brum (Abiú (Child)), Camila Santanioni (Ada), Marina Moschen (Amália (Young)), Lisandra Souto (Amália (Adult)), Roger Gobeth (Anrão (Young)), Tammy Di Calafiori (Ana), Paulo Gorgulho (Anrão (Adult)), Guilherme Winter (Moses), Rayana Carvalho (Adira), Sandro Rocha (Abirão), Carlos Bonow (Ahmós), Thierry Figueira (Anibal), Luciano Szafir, Nicole Orsini (Filha de Menarem)','Record TV, Casablanca',NULL,'https://image.tmdb.org/t/p/original/sX7RB39ZLecDLciVhxwJwjMZEtP.jpg',1,1,0,NULL,4,1,1,1,NULL,NULL,NULL,NULL,1,NULL,2,'2023-01-06 02:54:37',NULL,NULL,NULL,NULL,NULL,NULL,NULL,NULL,NULL,1,0,NULL,NULL,NULL,NULL,NULL,NULL,3,2),(124,8,1,36,'TMDB','1215416',NULL,NULL,NULL,'Episodio 36',2015,60,NULL,'pt','Vivian de Oliveira, Arme Manente, Rogério Passos, Anderson Souza, Hamsa Hood, Vivianne Jundi','','','Bianka Fernandes (Abigail), Daniel Siwek (Abiú (Adult)), Kaik Brum (Abiú (Child)), Guilherme Winter (Moses), Rayana Carvalho (Adira), Sandro Rocha (Abirão)','Record TV, Casablanca',NULL,NULL,1,1,0,NULL,4,1,1,1,NULL,NULL,NULL,NULL,1,NULL,2,'2023-01-06 02:54:37',NULL,NULL,NULL,NULL,NULL,NULL,NULL,NULL,NULL,1,0,NULL,NULL,NULL,NULL,NULL,NULL,3,2),(125,8,2,37,'TMDB','1215594',NULL,NULL,NULL,'Episodio 37',2016,60,NULL,'pt','Vivian de Oliveira, Arme Manente, Rogério Passos, Anderson Souza, Hamsa Hood, Vivianne Jundi','','','Bianka Fernandes (Abigail), Daniel Siwek (Abiú (Adult)), Kaik Brum (Abiú (Child)), Camila Santanioni (Ada), Marina Moschen (Amália (Young)), Lisandra Souto (Amália (Adult)), Roger Gobeth (Anrão (Young)), Tammy Di Calafiori (Ana), Paulo Gorgulho (Anrão (Adult)), Guilherme Winter (Moses), Rayana Carvalho (Adira), Sandro Rocha (Abirão), Carlos Bonow (Ahmós), Thierry Figueira (Anibal), Luciano Szafir, Nicole Orsini (Filha de Menarem)','Record TV, Casablanca',NULL,'https://image.tmdb.org/t/p/original/zp1fFI1SURpUxPq63UcA0kwTgof.jpg',1,1,0,NULL,4,1,1,1,NULL,NULL,NULL,NULL,1,NULL,2,'2023-01-06 02:54:37',NULL,NULL,NULL,NULL,NULL,NULL,NULL,NULL,NULL,1,0,NULL,NULL,NULL,NULL,NULL,NULL,3,2),(126,8,1,37,'TMDB','1215417',NULL,NULL,NULL,'Episodio 37',2015,60,NULL,'pt','Vivian de Oliveira, Arme Manente, Rogério Passos, Anderson Souza, Hamsa Hood, Vivianne Jundi','','','Bianka Fernandes (Abigail), Daniel Siwek (Abiú (Adult)), Kaik Brum (Abiú (Child)), Guilherme Winter (Moses), Rayana Carvalho (Adira), Sandro Rocha (Abirão)','Record TV, Casablanca',NULL,NULL,1,1,0,NULL,4,1,1,1,NULL,NULL,NULL,NULL,1,NULL,2,'2023-01-06 02:54:37',NULL,NULL,NULL,NULL,NULL,NULL,NULL,NULL,NULL,1,0,NULL,NULL,NULL,NULL,NULL,NULL,3,2),(127,8,2,38,'TMDB','1215595',NULL,NULL,NULL,'Episodio 38',2016,60,NULL,'pt','Vivian de Oliveira, Arme Manente, Rogério Passos, Anderson Souza, Hamsa Hood, Vivianne Jundi','','','Bianka Fernandes (Abigail), Daniel Siwek (Abiú (Adult)), Kaik Brum (Abiú (Child)), Camila Santanioni (Ada), Marina Moschen (Amália (Young)), Lisandra Souto (Amália (Adult)), Roger Gobeth (Anrão (Young)), Tammy Di Calafiori (Ana), Paulo Gorgulho (Anrão (Adult)), Guilherme Winter (Moses), Rayana Carvalho (Adira), Sandro Rocha (Abirão), Carlos Bonow (Ahmós), Thierry Figueira (Anibal), Luciano Szafir, Nicole Orsini (Filha de Menarem)','Record TV, Casablanca',NULL,'https://image.tmdb.org/t/p/original/nD3iqEWTtLArxxkJaWqhEuALkLz.jpg',1,1,0,NULL,4,1,1,1,NULL,NULL,NULL,NULL,1,NULL,2,'2023-01-06 02:54:37',NULL,NULL,NULL,NULL,NULL,NULL,NULL,NULL,NULL,1,0,NULL,NULL,NULL,NULL,NULL,NULL,3,2),(128,8,1,38,'TMDB','1215418',NULL,NULL,NULL,'Episodio 38',2015,60,NULL,'pt','Vivian de Oliveira, Arme Manente, Rogério Passos, Anderson Souza, Hamsa Hood, Vivianne Jundi','','','Bianka Fernandes (Abigail), Daniel Siwek (Abiú (Adult)), Kaik Brum (Abiú (Child)), Guilherme Winter (Moses), Rayana Carvalho (Adira), Sandro Rocha (Abirão)','Record TV, Casablanca',NULL,NULL,1,1,0,NULL,4,1,1,1,NULL,NULL,NULL,NULL,1,NULL,2,'2023-01-06 02:54:37',NULL,NULL,NULL,NULL,NULL,NULL,NULL,NULL,NULL,1,0,NULL,NULL,NULL,NULL,NULL,NULL,3,2),(129,8,2,39,'TMDB','1215596',NULL,NULL,NULL,'Episodio 39',2016,60,NULL,'pt','Vivian de Oliveira, Arme Manente, Rogério Passos, Anderson Souza, Hamsa Hood, Vivianne Jundi','','','Bianka Fernandes (Abigail), Daniel Siwek (Abiú (Adult)), Kaik Brum (Abiú (Child)), Camila Santanioni (Ada), Marina Moschen (Amália (Young)), Lisandra Souto (Amália (Adult)), Roger Gobeth (Anrão (Young)), Tammy Di Calafiori (Ana), Paulo Gorgulho (Anrão (Adult)), Guilherme Winter (Moses), Rayana Carvalho (Adira), Sandro Rocha (Abirão), Carlos Bonow (Ahmós), Thierry Figueira (Anibal), Luciano Szafir, Nicole Orsini (Filha de Menarem)','Record TV, Casablanca',NULL,'https://image.tmdb.org/t/p/original/xstR2JoPuAvM80ahvimqjq4ysbB.jpg',1,1,0,NULL,4,1,1,1,NULL,NULL,NULL,NULL,1,NULL,2,'2023-01-06 02:54:37',NULL,NULL,NULL,NULL,NULL,NULL,NULL,NULL,NULL,1,0,NULL,NULL,NULL,NULL,NULL,NULL,3,2),(130,8,1,39,'TMDB','1215419',NULL,NULL,NULL,'Episodio 39',2015,60,NULL,'pt','Vivian de Oliveira, Arme Manente, Rogério Passos, Anderson Souza, Hamsa Hood, Vivianne Jundi','','','Bianka Fernandes (Abigail), Daniel Siwek (Abiú (Adult)), Kaik Brum (Abiú (Child)), Guilherme Winter (Moses), Rayana Carvalho (Adira), Sandro Rocha (Abirão)','Record TV, Casablanca',NULL,NULL,1,1,0,NULL,4,1,1,1,NULL,NULL,NULL,NULL,1,NULL,2,'2023-01-06 02:54:37',NULL,NULL,NULL,NULL,NULL,NULL,NULL,NULL,NULL,1,0,NULL,NULL,NULL,NULL,NULL,NULL,3,2),(131,8,2,40,'TMDB','1215597',NULL,NULL,NULL,'Episodio 40',2016,60,NULL,'pt','Vivian de Oliveira, Arme Manente, Rogério Passos, Anderson Souza, Hamsa Hood, Vivianne Jundi','','','Bianka Fernandes (Abigail), Daniel Siwek (Abiú (Adult)), Kaik Brum (Abiú (Child)), Camila Santanioni (Ada), Marina Moschen (Amália (Young)), Lisandra Souto (Amália (Adult)), Roger Gobeth (Anrão (Young)), Tammy Di Calafiori (Ana), Paulo Gorgulho (Anrão (Adult)), Guilherme Winter (Moses), Rayana Carvalho (Adira), Sandro Rocha (Abirão), Carlos Bonow (Ahmós), Thierry Figueira (Anibal), Luciano Szafir, Nicole Orsini (Filha de Menarem)','Record TV, Casablanca',NULL,'https://image.tmdb.org/t/p/original/6o4Jy3PSLNFJbxVC9Pf4XyamWRV.jpg',1,1,0,NULL,4,1,1,1,NULL,NULL,NULL,NULL,1,NULL,2,'2023-01-06 02:54:37',NULL,NULL,NULL,NULL,NULL,NULL,NULL,NULL,NULL,1,0,NULL,NULL,NULL,NULL,NULL,NULL,3,2),(132,8,1,40,'TMDB','1215420',NULL,NULL,NULL,'Episodio 40',2015,60,NULL,'pt','Vivian de Oliveira, Arme Manente, Rogério Passos, Anderson Souza, Hamsa Hood, Vivianne Jundi','','','Bianka Fernandes (Abigail), Daniel Siwek (Abiú (Adult)), Kaik Brum (Abiú (Child)), Guilherme Winter (Moses), Rayana Carvalho (Adira), Sandro Rocha (Abirão)','Record TV, Casablanca',NULL,NULL,1,1,0,NULL,4,1,1,1,NULL,NULL,NULL,NULL,1,NULL,2,'2023-01-06 02:54:37',NULL,NULL,NULL,NULL,NULL,NULL,NULL,NULL,NULL,1,0,NULL,NULL,NULL,NULL,NULL,NULL,3,2),(133,8,2,41,'TMDB','1215598',NULL,NULL,NULL,'Episodio 41',2016,60,NULL,'pt','Vivian de Oliveira, Arme Manente, Rogério Passos, Anderson Souza, Hamsa Hood, Vivianne Jundi','','','Bianka Fernandes (Abigail), Daniel Siwek (Abiú (Adult)), Kaik Brum (Abiú (Child)), Camila Santanioni (Ada), Marina Moschen (Amália (Young)), Lisandra Souto (Amália (Adult)), Roger Gobeth (Anrão (Young)), Tammy Di Calafiori (Ana), Paulo Gorgulho (Anrão (Adult)), Guilherme Winter (Moses), Rayana Carvalho (Adira), Sandro Rocha (Abirão), Carlos Bonow (Ahmós), Thierry Figueira (Anibal), Luciano Szafir, Nicole Orsini (Filha de Menarem)','Record TV, Casablanca',NULL,'https://image.tmdb.org/t/p/original/zQpSY5l1esMkbkWnrV7HT3Dpbkf.jpg',1,1,0,NULL,4,1,1,1,NULL,NULL,NULL,NULL,1,NULL,2,'2023-01-06 02:54:37',NULL,NULL,NULL,NULL,NULL,NULL,NULL,NULL,NULL,1,0,NULL,NULL,NULL,NULL,NULL,NULL,3,2),(134,8,1,41,'TMDB','1215421',NULL,NULL,NULL,'Episodio 41',2015,60,NULL,'pt','Vivian de Oliveira, Arme Manente, Rogério Passos, Anderson Souza, Hamsa Hood, Vivianne Jundi','','','Bianka Fernandes (Abigail), Daniel Siwek (Abiú (Adult)), Kaik Brum (Abiú (Child)), Guilherme Winter (Moses), Rayana Carvalho (Adira), Sandro Rocha (Abirão)','Record TV, Casablanca',NULL,NULL,1,1,0,NULL,4,1,1,1,NULL,NULL,NULL,NULL,1,NULL,2,'2023-01-06 02:54:37',NULL,NULL,NULL,NULL,NULL,NULL,NULL,NULL,NULL,1,0,NULL,NULL,NULL,NULL,NULL,NULL,3,2),(135,8,2,42,'TMDB','1215599',NULL,NULL,NULL,'Episodio 42',2016,60,NULL,'pt','Vivian de Oliveira, Arme Manente, Rogério Passos, Anderson Souza, Hamsa Hood, Vivianne Jundi','','','Bianka Fernandes (Abigail), Daniel Siwek (Abiú (Adult)), Kaik Brum (Abiú (Child)), Camila Santanioni (Ada), Marina Moschen (Amália (Young)), Lisandra Souto (Amália (Adult)), Roger Gobeth (Anrão (Young)), Tammy Di Calafiori (Ana), Paulo Gorgulho (Anrão (Adult)), Guilherme Winter (Moses), Rayana Carvalho (Adira), Sandro Rocha (Abirão), Carlos Bonow (Ahmós), Thierry Figueira (Anibal), Luciano Szafir, Nicole Orsini (Filha de Menarem)','Record TV, Casablanca',NULL,'https://image.tmdb.org/t/p/original/3sXcfoWz9exWoi33Q9ILMMuvqP8.jpg',1,1,0,NULL,4,1,1,1,NULL,NULL,NULL,NULL,1,NULL,2,'2023-01-06 02:54:37',NULL,NULL,NULL,NULL,NULL,NULL,NULL,NULL,NULL,1,0,NULL,NULL,NULL,NULL,NULL,NULL,3,2),(136,8,1,42,'TMDB','1215422',NULL,NULL,NULL,'Episodio 42',2015,60,NULL,'pt','Vivian de Oliveira, Arme Manente, Rogério Passos, Anderson Souza, Hamsa Hood, Vivianne Jundi','','','Bianka Fernandes (Abigail), Daniel Siwek (Abiú (Adult)), Kaik Brum (Abiú (Child)), Guilherme Winter (Moses), Rayana Carvalho (Adira), Sandro Rocha (Abirão)','Record TV, Casablanca',NULL,NULL,1,1,0,NULL,4,1,1,1,NULL,NULL,NULL,NULL,1,NULL,2,'2023-01-06 02:54:37',NULL,NULL,NULL,NULL,NULL,NULL,NULL,NULL,NULL,1,0,NULL,NULL,NULL,NULL,NULL,NULL,3,2),(137,8,2,43,'TMDB','1215600',NULL,NULL,NULL,'Episodio 43',2016,60,NULL,'pt','Vivian de Oliveira, Arme Manente, Rogério Passos, Anderson Souza, Hamsa Hood, Vivianne Jundi','','','Bianka Fernandes (Abigail), Daniel Siwek (Abiú (Adult)), Kaik Brum (Abiú (Child)), Camila Santanioni (Ada), Marina Moschen (Amália (Young)), Lisandra Souto (Amália (Adult)), Roger Gobeth (Anrão (Young)), Tammy Di Calafiori (Ana), Paulo Gorgulho (Anrão (Adult)), Guilherme Winter (Moses), Rayana Carvalho (Adira), Sandro Rocha (Abirão), Carlos Bonow (Ahmós), Thierry Figueira (Anibal), Luciano Szafir, Nicole Orsini (Filha de Menarem)','Record TV, Casablanca',NULL,'https://image.tmdb.org/t/p/original/qqNMPvMECHWnokwJSnz1qc3VvBF.jpg',1,1,0,NULL,4,1,1,1,NULL,NULL,NULL,NULL,1,NULL,2,'2023-01-06 02:54:37',NULL,NULL,NULL,NULL,NULL,NULL,NULL,NULL,NULL,1,0,NULL,NULL,NULL,NULL,NULL,NULL,3,2),(138,8,1,43,'TMDB','1215423',NULL,NULL,NULL,'Episodio 43',2015,60,NULL,'pt','Vivian de Oliveira, Arme Manente, Rogério Passos, Anderson Souza, Hamsa Hood, Vivianne Jundi','','','Bianka Fernandes (Abigail), Daniel Siwek (Abiú (Adult)), Kaik Brum (Abiú (Child)), Guilherme Winter (Moses), Rayana Carvalho (Adira), Sandro Rocha (Abirão)','Record TV, Casablanca',NULL,NULL,1,1,0,NULL,4,1,1,1,NULL,NULL,NULL,NULL,1,NULL,2,'2023-01-06 02:54:37',NULL,NULL,NULL,NULL,NULL,NULL,NULL,NULL,NULL,1,0,NULL,NULL,NULL,NULL,NULL,NULL,3,2),(139,8,2,44,'TMDB','1215601',NULL,NULL,NULL,'Episodio 44',2016,60,NULL,'pt','Vivian de Oliveira, Arme Manente, Rogério Passos, Anderson Souza, Hamsa Hood, Vivianne Jundi','','','Bianka Fernandes (Abigail), Daniel Siwek (Abiú (Adult)), Kaik Brum (Abiú (Child)), Camila Santanioni (Ada), Marina Moschen (Amália (Young)), Lisandra Souto (Amália (Adult)), Roger Gobeth (Anrão (Young)), Tammy Di Calafiori (Ana), Paulo Gorgulho (Anrão (Adult)), Guilherme Winter (Moses), Rayana Carvalho (Adira), Sandro Rocha (Abirão), Carlos Bonow (Ahmós), Thierry Figueira (Anibal), Luciano Szafir, Nicole Orsini (Filha de Menarem)','Record TV, Casablanca',NULL,'https://image.tmdb.org/t/p/original/xn5qFs9Mm0wyTOkDoemqu6Jy1uL.jpg',1,1,0,NULL,4,1,1,1,NULL,NULL,NULL,NULL,1,NULL,2,'2023-01-06 02:54:37',NULL,NULL,NULL,NULL,NULL,NULL,NULL,NULL,NULL,1,0,NULL,NULL,NULL,NULL,NULL,NULL,3,2),(140,8,1,44,'TMDB','1215424',NULL,NULL,NULL,'Episodio 44',2015,60,NULL,'pt','Vivian de Oliveira, Arme Manente, Rogério Passos, Anderson Souza, Hamsa Hood, Vivianne Jundi','','','Bianka Fernandes (Abigail), Daniel Siwek (Abiú (Adult)), Kaik Brum (Abiú (Child)), Guilherme Winter (Moses), Rayana Carvalho (Adira), Sandro Rocha (Abirão)','Record TV, Casablanca',NULL,NULL,1,1,0,NULL,4,1,1,1,NULL,NULL,NULL,NULL,1,NULL,2,'2023-01-06 02:54:37',NULL,NULL,NULL,NULL,NULL,NULL,NULL,NULL,NULL,1,0,NULL,NULL,NULL,NULL,NULL,NULL,3,2),(141,8,2,45,'TMDB','1215602',NULL,NULL,NULL,'Episodio 45',2016,60,NULL,'pt','Vivian de Oliveira, Arme Manente, Rogério Passos, Anderson Souza, Hamsa Hood, Vivianne Jundi','','','Bianka Fernandes (Abigail), Daniel Siwek (Abiú (Adult)), Kaik Brum (Abiú (Child)), Camila Santanioni (Ada), Marina Moschen (Amália (Young)), Lisandra Souto (Amália (Adult)), Roger Gobeth (Anrão (Young)), Tammy Di Calafiori (Ana), Paulo Gorgulho (Anrão (Adult)), Guilherme Winter (Moses), Rayana Carvalho (Adira), Sandro Rocha (Abirão), Carlos Bonow (Ahmós), Thierry Figueira (Anibal), Luciano Szafir, Nicole Orsini (Filha de Menarem)','Record TV, Casablanca',NULL,'https://image.tmdb.org/t/p/original/33LB1IJv8HoXH93DopcLczuvPtT.jpg',1,1,0,NULL,4,1,1,1,NULL,NULL,NULL,NULL,1,NULL,2,'2023-01-06 02:54:37',NULL,NULL,NULL,NULL,NULL,NULL,NULL,NULL,NULL,1,0,NULL,NULL,NULL,NULL,NULL,NULL,3,2),(142,8,1,45,'TMDB','1215426',NULL,NULL,NULL,'Episodio 45',2015,60,NULL,'pt','Vivian de Oliveira, Arme Manente, Rogério Passos, Anderson Souza, Hamsa Hood, Vivianne Jundi','','','Bianka Fernandes (Abigail), Daniel Siwek (Abiú (Adult)), Kaik Brum (Abiú (Child)), Guilherme Winter (Moses), Rayana Carvalho (Adira), Sandro Rocha (Abirão)','Record TV, Casablanca',NULL,NULL,1,1,0,NULL,4,1,1,1,NULL,NULL,NULL,NULL,1,NULL,2,'2023-01-06 02:54:37',NULL,NULL,NULL,NULL,NULL,NULL,NULL,NULL,NULL,1,0,NULL,NULL,NULL,NULL,NULL,NULL,3,2),(143,8,2,46,'TMDB','1215603',NULL,NULL,NULL,'Episodio 46',2016,60,NULL,'pt','Vivian de Oliveira, Arme Manente, Rogério Passos, Anderson Souza, Hamsa Hood, Vivianne Jundi','','','Bianka Fernandes (Abigail), Daniel Siwek (Abiú (Adult)), Kaik Brum (Abiú (Child)), Camila Santanioni (Ada), Marina Moschen (Amália (Young)), Lisandra Souto (Amália (Adult)), Roger Gobeth (Anrão (Young)), Tammy Di Calafiori (Ana), Paulo Gorgulho (Anrão (Adult)), Guilherme Winter (Moses), Rayana Carvalho (Adira), Sandro Rocha (Abirão), Carlos Bonow (Ahmós), Thierry Figueira (Anibal), Luciano Szafir, Nicole Orsini (Filha de Menarem)','Record TV, Casablanca',NULL,'https://image.tmdb.org/t/p/original/aLEeE4yL23Zzv5e5aJftlqYVcKv.jpg',1,1,0,NULL,4,1,1,1,NULL,NULL,NULL,NULL,1,NULL,2,'2023-01-06 02:54:37',NULL,NULL,NULL,NULL,NULL,NULL,NULL,NULL,NULL,1,0,NULL,NULL,NULL,NULL,NULL,NULL,3,2),(144,8,1,46,'TMDB','1215428',NULL,NULL,NULL,'Episodio 46',2015,60,NULL,'pt','Vivian de Oliveira, Arme Manente, Rogério Passos, Anderson Souza, Hamsa Hood, Vivianne Jundi','','','Bianka Fernandes (Abigail), Daniel Siwek (Abiú (Adult)), Kaik Brum (Abiú (Child)), Guilherme Winter (Moses), Rayana Carvalho (Adira), Sandro Rocha (Abirão)','Record TV, Casablanca',NULL,NULL,1,1,0,NULL,4,1,1,1,NULL,NULL,NULL,NULL,1,NULL,2,'2023-01-06 02:54:37',NULL,NULL,NULL,NULL,NULL,NULL,NULL,NULL,NULL,1,0,NULL,NULL,NULL,NULL,NULL,NULL,3,2),(145,8,2,47,'TMDB','1215604',NULL,NULL,NULL,'Episodio 47',2016,60,NULL,'pt','Vivian de Oliveira, Arme Manente, Rogério Passos, Anderson Souza, Hamsa Hood, Vivianne Jundi','','','Bianka Fernandes (Abigail), Daniel Siwek (Abiú (Adult)), Kaik Brum (Abiú (Child)), Camila Santanioni (Ada), Marina Moschen (Amália (Young)), Lisandra Souto (Amália (Adult)), Roger Gobeth (Anrão (Young)), Tammy Di Calafiori (Ana), Paulo Gorgulho (Anrão (Adult)), Guilherme Winter (Moses), Rayana Carvalho (Adira), Sandro Rocha (Abirão), Carlos Bonow (Ahmós), Thierry Figueira (Anibal), Luciano Szafir, Nicole Orsini (Filha de Menarem)','Record TV, Casablanca',NULL,'https://image.tmdb.org/t/p/original/zkLKoo80KYUUdgiyNv76MyJNua1.jpg',1,1,0,NULL,4,1,1,1,NULL,NULL,NULL,NULL,1,NULL,2,'2023-01-06 02:54:37',NULL,NULL,NULL,NULL,NULL,NULL,NULL,NULL,NULL,1,0,NULL,NULL,NULL,NULL,NULL,NULL,3,2),(146,8,1,47,'TMDB','1215429',NULL,NULL,NULL,'Episodio 47',2015,60,NULL,'pt','Vivian de Oliveira, Arme Manente, Rogério Passos, Anderson Souza, Hamsa Hood, Vivianne Jundi','','','Bianka Fernandes (Abigail), Daniel Siwek (Abiú (Adult)), Kaik Brum (Abiú (Child)), Guilherme Winter (Moses), Rayana Carvalho (Adira), Sandro Rocha (Abirão)','Record TV, Casablanca',NULL,NULL,1,1,0,NULL,4,1,1,1,NULL,NULL,NULL,NULL,1,NULL,2,'2023-01-06 02:54:37',NULL,NULL,NULL,NULL,NULL,NULL,NULL,NULL,NULL,1,0,NULL,NULL,NULL,NULL,NULL,NULL,3,2),(147,8,2,48,'TMDB','1215605',NULL,NULL,NULL,'Episodio 48',2016,60,NULL,'pt','Vivian de Oliveira, Arme Manente, Rogério Passos, Anderson Souza, Hamsa Hood, Vivianne Jundi','','','Bianka Fernandes (Abigail), Daniel Siwek (Abiú (Adult)), Kaik Brum (Abiú (Child)), Camila Santanioni (Ada), Marina Moschen (Amália (Young)), Lisandra Souto (Amália (Adult)), Roger Gobeth (Anrão (Young)), Tammy Di Calafiori (Ana), Paulo Gorgulho (Anrão (Adult)), Guilherme Winter (Moses), Rayana Carvalho (Adira), Sandro Rocha (Abirão), Carlos Bonow (Ahmós), Thierry Figueira (Anibal), Luciano Szafir, Nicole Orsini (Filha de Menarem)','Record TV, Casablanca',NULL,'https://image.tmdb.org/t/p/original/uHkwrWNKZLZhDiqyOL7lOYhlq4D.jpg',1,1,0,NULL,4,1,1,1,NULL,NULL,NULL,NULL,1,NULL,2,'2023-01-06 02:54:37',NULL,NULL,NULL,NULL,NULL,NULL,NULL,NULL,NULL,1,0,NULL,NULL,NULL,NULL,NULL,NULL,3,2),(148,8,1,48,'TMDB','1215430',NULL,NULL,NULL,'Episodio 48',2015,60,NULL,'pt','Vivian de Oliveira, Arme Manente, Rogério Passos, Anderson Souza, Hamsa Hood, Vivianne Jundi','','','Bianka Fernandes (Abigail), Daniel Siwek (Abiú (Adult)), Kaik Brum (Abiú (Child)), Guilherme Winter (Moses), Rayana Carvalho (Adira), Sandro Rocha (Abirão)','Record TV, Casablanca',NULL,NULL,1,1,0,NULL,4,1,1,1,NULL,NULL,NULL,NULL,1,NULL,2,'2023-01-06 02:54:37',NULL,NULL,NULL,NULL,NULL,NULL,NULL,NULL,NULL,1,0,NULL,NULL,NULL,NULL,NULL,NULL,3,2),(149,8,2,49,'TMDB','1215606',NULL,NULL,NULL,'Episodio 49',2016,60,NULL,'pt','Vivian de Oliveira, Arme Manente, Rogério Passos, Anderson Souza, Hamsa Hood, Vivianne Jundi','','','Bianka Fernandes (Abigail), Daniel Siwek (Abiú (Adult)), Kaik Brum (Abiú (Child)), Camila Santanioni (Ada), Marina Moschen (Amália (Young)), Lisandra Souto (Amália (Adult)), Roger Gobeth (Anrão (Young)), Tammy Di Calafiori (Ana), Paulo Gorgulho (Anrão (Adult)), Guilherme Winter (Moses), Rayana Carvalho (Adira), Sandro Rocha (Abirão), Carlos Bonow (Ahmós), Thierry Figueira (Anibal), Luciano Szafir, Nicole Orsini (Filha de Menarem)','Record TV, Casablanca',NULL,'https://image.tmdb.org/t/p/original/bLlmyw8L7suFzOOdxMz4LZLEXl3.jpg',1,1,0,NULL,4,1,1,1,NULL,NULL,NULL,NULL,1,NULL,2,'2023-01-06 02:54:37',NULL,NULL,NULL,NULL,NULL,NULL,NULL,NULL,NULL,1,0,NULL,NULL,NULL,NULL,NULL,NULL,3,2),(150,8,1,49,'TMDB','1215432',NULL,NULL,NULL,'Episodio 49',2015,60,NULL,'pt','Vivian de Oliveira, Arme Manente, Rogério Passos, Anderson Souza, Hamsa Hood, Vivianne Jundi','','','Bianka Fernandes (Abigail), Daniel Siwek (Abiú (Adult)), Kaik Brum (Abiú (Child)), Guilherme Winter (Moses), Rayana Carvalho (Adira), Sandro Rocha (Abirão)','Record TV, Casablanca',NULL,NULL,1,1,0,NULL,4,1,1,1,NULL,NULL,NULL,NULL,1,NULL,2,'2023-01-06 02:54:37',NULL,NULL,NULL,NULL,NULL,NULL,NULL,NULL,NULL,1,0,NULL,NULL,NULL,NULL,NULL,NULL,3,2),(151,8,2,50,'TMDB','1200087',NULL,NULL,NULL,'Episodio 50',2016,60,NULL,'pt','Vivian de Oliveira, Arme Manente, Rogério Passos, Anderson Souza, Hamsa Hood, Vivianne Jundi','','','Bianka Fernandes (Abigail), Daniel Siwek (Abiú (Adult)), Kaik Brum (Abiú (Child)), Camila Santanioni (Ada), Marina Moschen (Amália (Young)), Lisandra Souto (Amália (Adult)), Roger Gobeth (Anrão (Young)), Tammy Di Calafiori (Ana), Paulo Gorgulho (Anrão (Adult)), Guilherme Winter (Moses), Rayana Carvalho (Adira), Sandro Rocha (Abirão), Carlos Bonow (Ahmós), Thierry Figueira (Anibal), Luciano Szafir, Nicole Orsini (Filha de Menarem)','Record TV, Casablanca',NULL,'https://image.tmdb.org/t/p/original/5zLbKIIlCJ5BDVcd8TNp9ul7RTK.jpg',1,1,0,NULL,4,1,1,1,NULL,NULL,NULL,NULL,1,NULL,2,'2023-01-06 02:54:37',NULL,NULL,NULL,NULL,NULL,NULL,NULL,NULL,NULL,1,0,NULL,NULL,NULL,NULL,NULL,NULL,3,2),(152,8,1,50,'TMDB','1215433',NULL,NULL,NULL,'Episodio 50',2015,60,NULL,'pt','Vivian de Oliveira, Arme Manente, Rogério Passos, Anderson Souza, Hamsa Hood, Vivianne Jundi','','','Bianka Fernandes (Abigail), Daniel Siwek (Abiú (Adult)), Kaik Brum (Abiú (Child)), Guilherme Winter (Moses), Rayana Carvalho (Adira), Sandro Rocha (Abirão)','Record TV, Casablanca',NULL,NULL,1,1,0,NULL,4,1,1,1,NULL,NULL,NULL,NULL,1,NULL,2,'2023-01-06 02:54:37',NULL,NULL,NULL,NULL,NULL,NULL,NULL,NULL,NULL,1,0,NULL,NULL,NULL,NULL,NULL,NULL,3,2),(153,8,2,51,'TMDB','1200080',NULL,NULL,NULL,'Episodio 51',2016,60,NULL,'pt','Vivian de Oliveira, Arme Manente, Rogério Passos, Anderson Souza, Hamsa Hood, Vivianne Jundi','','','Bianka Fernandes (Abigail), Daniel Siwek (Abiú (Adult)), Kaik Brum (Abiú (Child)), Camila Santanioni (Ada), Marina Moschen (Amália (Young)), Lisandra Souto (Amália (Adult)), Roger Gobeth (Anrão (Young)), Tammy Di Calafiori (Ana), Paulo Gorgulho (Anrão (Adult)), Guilherme Winter (Moses), Rayana Carvalho (Adira), Sandro Rocha (Abirão), Carlos Bonow (Ahmós), Thierry Figueira (Anibal), Luciano Szafir, Nicole Orsini (Filha de Menarem)','Record TV, Casablanca',NULL,'https://image.tmdb.org/t/p/original/tkPE3vFoXjXdfUKyFBcPyDp8NUc.jpg',1,1,0,NULL,4,1,1,1,NULL,NULL,NULL,NULL,1,NULL,2,'2023-01-06 02:54:37',NULL,NULL,NULL,NULL,NULL,NULL,NULL,NULL,NULL,1,0,NULL,NULL,NULL,NULL,NULL,NULL,3,2),(154,8,1,51,'TMDB','1215436',NULL,NULL,NULL,'Episodio 51',2015,60,NULL,'pt','Vivian de Oliveira, Arme Manente, Rogério Passos, Anderson Souza, Hamsa Hood, Vivianne Jundi','','','Bianka Fernandes (Abigail), Daniel Siwek (Abiú (Adult)), Kaik Brum (Abiú (Child)), Guilherme Winter (Moses), Rayana Carvalho (Adira), Sandro Rocha (Abirão)','Record TV, Casablanca',NULL,NULL,1,1,0,NULL,4,1,1,1,NULL,NULL,NULL,NULL,1,NULL,2,'2023-01-06 02:54:37',NULL,NULL,NULL,NULL,NULL,NULL,NULL,NULL,NULL,1,0,NULL,NULL,NULL,NULL,NULL,NULL,3,2),(155,8,2,52,'TMDB','1199995',NULL,NULL,NULL,'Episodio 52',2016,60,NULL,'pt','Vivian de Oliveira, Arme Manente, Rogério Passos, Anderson Souza, Hamsa Hood, Vivianne Jundi','','','Bianka Fernandes (Abigail), Daniel Siwek (Abiú (Adult)), Kaik Brum (Abiú (Child)), Camila Santanioni (Ada), Marina Moschen (Amália (Young)), Lisandra Souto (Amália (Adult)), Roger Gobeth (Anrão (Young)), Tammy Di Calafiori (Ana), Paulo Gorgulho (Anrão (Adult)), Guilherme Winter (Moses), Rayana Carvalho (Adira), Sandro Rocha (Abirão), Carlos Bonow (Ahmós), Thierry Figueira (Anibal), Luciano Szafir, Nicole Orsini (Filha de Menarem)','Record TV, Casablanca',NULL,'https://image.tmdb.org/t/p/original/eaHiQqxOwFZLdmxZqqNSCxp6PNR.jpg',1,1,0,NULL,4,1,1,1,NULL,NULL,NULL,NULL,1,NULL,2,'2023-01-06 02:54:37',NULL,NULL,NULL,NULL,NULL,NULL,NULL,NULL,NULL,1,0,NULL,NULL,NULL,NULL,NULL,NULL,3,2),(156,8,1,52,'TMDB','1215438',NULL,NULL,NULL,'Episodio 52',2015,60,NULL,'pt','Vivian de Oliveira, Arme Manente, Rogério Passos, Anderson Souza, Hamsa Hood, Vivianne Jundi','','','Bianka Fernandes (Abigail), Daniel Siwek (Abiú (Adult)), Kaik Brum (Abiú (Child)), Guilherme Winter (Moses), Rayana Carvalho (Adira), Sandro Rocha (Abirão)','Record TV, Casablanca',NULL,NULL,1,1,0,NULL,4,1,1,1,NULL,NULL,NULL,NULL,1,NULL,2,'2023-01-06 02:54:37',NULL,NULL,NULL,NULL,NULL,NULL,NULL,NULL,NULL,1,0,NULL,NULL,NULL,NULL,NULL,NULL,3,2),(157,8,2,53,'TMDB','1199991',NULL,NULL,NULL,'Episodio 53',2016,60,NULL,'pt','Vivian de Oliveira, Arme Manente, Rogério Passos, Anderson Souza, Hamsa Hood, Vivianne Jundi','','','Bianka Fernandes (Abigail), Daniel Siwek (Abiú (Adult)), Kaik Brum (Abiú (Child)), Camila Santanioni (Ada), Marina Moschen (Amália (Young)), Lisandra Souto (Amália (Adult)), Roger Gobeth (Anrão (Young)), Tammy Di Calafiori (Ana), Paulo Gorgulho (Anrão (Adult)), Guilherme Winter (Moses), Rayana Carvalho (Adira), Sandro Rocha (Abirão), Carlos Bonow (Ahmós), Thierry Figueira (Anibal), Luciano Szafir, Nicole Orsini (Filha de Menarem)','Record TV, Casablanca',NULL,'https://image.tmdb.org/t/p/original/4ALd0Tsh7Esv6OvssR9Gfi3YD3Z.jpg',1,1,0,NULL,4,1,1,1,NULL,NULL,NULL,NULL,1,NULL,2,'2023-01-06 02:54:37',NULL,NULL,NULL,NULL,NULL,NULL,NULL,NULL,NULL,1,0,NULL,NULL,NULL,NULL,NULL,NULL,3,2),(158,8,1,53,'TMDB','1215440',NULL,NULL,NULL,'Episodio 53',2015,60,NULL,'pt','Vivian de Oliveira, Arme Manente, Rogério Passos, Anderson Souza, Hamsa Hood, Vivianne Jundi','','','Bianka Fernandes (Abigail), Daniel Siwek (Abiú (Adult)), Kaik Brum (Abiú (Child)), Guilherme Winter (Moses), Rayana Carvalho (Adira), Sandro Rocha (Abirão)','Record TV, Casablanca',NULL,NULL,1,1,0,NULL,4,1,1,1,NULL,NULL,NULL,NULL,1,NULL,2,'2023-01-06 02:54:37',NULL,NULL,NULL,NULL,NULL,NULL,NULL,NULL,NULL,1,0,NULL,NULL,NULL,NULL,NULL,NULL,3,2),(159,8,2,54,'TMDB','1200085',NULL,NULL,NULL,'Episodio 54',2016,60,NULL,'pt','Vivian de Oliveira, Arme Manente, Rogério Passos, Anderson Souza, Hamsa Hood, Vivianne Jundi','','','Bianka Fernandes (Abigail), Daniel Siwek (Abiú (Adult)), Kaik Brum (Abiú (Child)), Camila Santanioni (Ada), Marina Moschen (Amália (Young)), Lisandra Souto (Amália (Adult)), Roger Gobeth (Anrão (Young)), Tammy Di Calafiori (Ana), Paulo Gorgulho (Anrão (Adult)), Guilherme Winter (Moses), Rayana Carvalho (Adira), Sandro Rocha (Abirão), Carlos Bonow (Ahmós), Thierry Figueira (Anibal), Luciano Szafir, Nicole Orsini (Filha de Menarem)','Record TV, Casablanca',NULL,'https://image.tmdb.org/t/p/original/aEMyLhY0LP2DG3UpMcTnuQa1Tsp.jpg',1,1,0,NULL,4,1,1,1,NULL,NULL,NULL,NULL,1,NULL,2,'2023-01-06 02:54:37',NULL,NULL,NULL,NULL,NULL,NULL,NULL,NULL,NULL,1,0,NULL,NULL,NULL,NULL,NULL,NULL,3,2),(160,8,1,54,'TMDB','1215441',NULL,NULL,NULL,'Episodio 54',2015,60,NULL,'pt','Vivian de Oliveira, Arme Manente, Rogério Passos, Anderson Souza, Hamsa Hood, Vivianne Jundi','','','Bianka Fernandes (Abigail), Daniel Siwek (Abiú (Adult)), Kaik Brum (Abiú (Child)), Guilherme Winter (Moses), Rayana Carvalho (Adira), Sandro Rocha (Abirão)','Record TV, Casablanca',NULL,NULL,1,1,0,NULL,4,1,1,1,NULL,NULL,NULL,NULL,1,NULL,2,'2023-01-06 02:54:37',NULL,NULL,NULL,NULL,NULL,NULL,NULL,NULL,NULL,1,0,NULL,NULL,NULL,NULL,NULL,NULL,3,2),(161,8,2,55,'TMDB','1200285',NULL,NULL,NULL,'Episodio 55',2016,60,NULL,'pt','Vivian de Oliveira, Arme Manente, Rogério Passos, Anderson Souza, Hamsa Hood, Vivianne Jundi','','','Bianka Fernandes (Abigail), Daniel Siwek (Abiú (Adult)), Kaik Brum (Abiú (Child)), Camila Santanioni (Ada), Marina Moschen (Amália (Young)), Lisandra Souto (Amália (Adult)), Roger Gobeth (Anrão (Young)), Tammy Di Calafiori (Ana), Paulo Gorgulho (Anrão (Adult)), Guilherme Winter (Moses), Rayana Carvalho (Adira), Sandro Rocha (Abirão), Carlos Bonow (Ahmós), Thierry Figueira (Anibal), Luciano Szafir, Nicole Orsini (Filha de Menarem)','Record TV, Casablanca',NULL,'https://image.tmdb.org/t/p/original/rikcr3RwX38MHXX5tCdpKKlrXeX.jpg',1,1,0,NULL,4,1,1,1,NULL,NULL,NULL,NULL,1,NULL,2,'2023-01-06 02:54:37',NULL,NULL,NULL,NULL,NULL,NULL,NULL,NULL,NULL,1,0,NULL,NULL,NULL,NULL,NULL,NULL,3,2),(162,8,1,55,'TMDB','1215442',NULL,NULL,NULL,'Episodio 55',2015,60,NULL,'pt','Vivian de Oliveira, Arme Manente, Rogério Passos, Anderson Souza, Hamsa Hood, Vivianne Jundi','','','Bianka Fernandes (Abigail), Daniel Siwek (Abiú (Adult)), Kaik Brum (Abiú (Child)), Guilherme Winter (Moses), Rayana Carvalho (Adira), Sandro Rocha (Abirão)','Record TV, Casablanca',NULL,NULL,1,1,0,NULL,4,1,1,1,NULL,NULL,NULL,NULL,1,NULL,2,'2023-01-06 02:54:37',NULL,NULL,NULL,NULL,NULL,NULL,NULL,NULL,NULL,1,0,NULL,NULL,NULL,NULL,NULL,NULL,3,2),(163,8,2,56,'TMDB','1200987',NULL,NULL,NULL,'Episodio 56',2016,60,NULL,'pt','Vivian de Oliveira, Arme Manente, Rogério Passos, Anderson Souza, Hamsa Hood, Vivianne Jundi','','','Bianka Fernandes (Abigail), Daniel Siwek (Abiú (Adult)), Kaik Brum (Abiú (Child)), Camila Santanioni (Ada), Marina Moschen (Amália (Young)), Lisandra Souto (Amália (Adult)), Roger Gobeth (Anrão (Young)), Tammy Di Calafiori (Ana), Paulo Gorgulho (Anrão (Adult)), Guilherme Winter (Moses), Rayana Carvalho (Adira), Sandro Rocha (Abirão), Carlos Bonow (Ahmós), Thierry Figueira (Anibal), Luciano Szafir, Nicole Orsini (Filha de Menarem)','Record TV, Casablanca',NULL,'https://image.tmdb.org/t/p/original/KbUc4mNRr5wDyXPjBMze6rKU4x.jpg',1,1,0,NULL,4,1,1,1,NULL,NULL,NULL,NULL,1,NULL,2,'2023-01-06 02:54:37',NULL,NULL,NULL,NULL,NULL,NULL,NULL,NULL,NULL,1,0,NULL,NULL,NULL,NULL,NULL,NULL,3,2),(164,8,1,56,'TMDB','1215443',NULL,NULL,NULL,'Episodio 56',2015,60,NULL,'pt','Vivian de Oliveira, Arme Manente, Rogério Passos, Anderson Souza, Hamsa Hood, Vivianne Jundi','','','Bianka Fernandes (Abigail), Daniel Siwek (Abiú (Adult)), Kaik Brum (Abiú (Child)), Guilherme Winter (Moses), Rayana Carvalho (Adira), Sandro Rocha (Abirão)','Record TV, Casablanca',NULL,NULL,1,1,0,NULL,4,1,1,1,NULL,NULL,NULL,NULL,1,NULL,2,'2023-01-06 02:54:37',NULL,NULL,NULL,NULL,NULL,NULL,NULL,NULL,NULL,1,0,NULL,NULL,NULL,NULL,NULL,NULL,3,2),(165,8,2,57,'TMDB','1201034',NULL,NULL,NULL,'Episodio 57',2016,60,NULL,'pt','Vivian de Oliveira, Arme Manente, Rogério Passos, Anderson Souza, Hamsa Hood, Vivianne Jundi','','','Bianka Fernandes (Abigail), Daniel Siwek (Abiú (Adult)), Kaik Brum (Abiú (Child)), Camila Santanioni (Ada), Marina Moschen (Amália (Young)), Lisandra Souto (Amália (Adult)), Roger Gobeth (Anrão (Young)), Tammy Di Calafiori (Ana), Paulo Gorgulho (Anrão (Adult)), Guilherme Winter (Moses), Rayana Carvalho (Adira), Sandro Rocha (Abirão), Carlos Bonow (Ahmós), Thierry Figueira (Anibal), Luciano Szafir, Nicole Orsini (Filha de Menarem)','Record TV, Casablanca',NULL,'https://image.tmdb.org/t/p/original/vDUBO5DNNUXn0hUb1YyCaBBAR80.jpg',1,1,0,NULL,4,1,1,1,NULL,NULL,NULL,NULL,1,NULL,2,'2023-01-06 02:54:37',NULL,NULL,NULL,NULL,NULL,NULL,NULL,NULL,NULL,1,0,NULL,NULL,NULL,NULL,NULL,NULL,3,2),(166,8,1,57,'TMDB','1215444',NULL,NULL,NULL,'Episodio 57',2015,60,NULL,'pt','Vivian de Oliveira, Arme Manente, Rogério Passos, Anderson Souza, Hamsa Hood, Vivianne Jundi','','','Bianka Fernandes (Abigail), Daniel Siwek (Abiú (Adult)), Kaik Brum (Abiú (Child)), Guilherme Winter (Moses), Rayana Carvalho (Adira), Sandro Rocha (Abirão)','Record TV, Casablanca',NULL,NULL,1,1,0,NULL,4,1,1,1,NULL,NULL,NULL,NULL,1,NULL,2,'2023-01-06 02:54:37',NULL,NULL,NULL,NULL,NULL,NULL,NULL,NULL,NULL,1,0,NULL,NULL,NULL,NULL,NULL,NULL,3,2),(167,8,2,58,'TMDB','1215564',NULL,NULL,NULL,'Episodio 58',2016,60,NULL,'pt','Vivian de Oliveira, Arme Manente, Rogério Passos, Anderson Souza, Hamsa Hood, Vivianne Jundi','','','Bianka Fernandes (Abigail), Daniel Siwek (Abiú (Adult)), Kaik Brum (Abiú (Child)), Camila Santanioni (Ada), Marina Moschen (Amália (Young)), Lisandra Souto (Amália (Adult)), Roger Gobeth (Anrão (Young)), Tammy Di Calafiori (Ana), Paulo Gorgulho (Anrão (Adult)), Guilherme Winter (Moses), Rayana Carvalho (Adira), Sandro Rocha (Abirão), Carlos Bonow (Ahmós), Thierry Figueira (Anibal), Luciano Szafir, Nicole Orsini (Filha de Menarem)','Record TV, Casablanca',NULL,'https://image.tmdb.org/t/p/original/5SLxAMbg10uhM7AC5YPAXuUOg0e.jpg',1,1,0,NULL,4,1,1,1,NULL,NULL,NULL,NULL,1,NULL,2,'2023-01-06 02:54:37',NULL,NULL,NULL,NULL,NULL,NULL,NULL,NULL,NULL,1,0,NULL,NULL,NULL,NULL,NULL,NULL,3,2),(168,8,1,58,'TMDB','1215445',NULL,NULL,NULL,'Episodio 58',2015,60,NULL,'pt','Vivian de Oliveira, Arme Manente, Rogério Passos, Anderson Souza, Hamsa Hood, Vivianne Jundi','','','Bianka Fernandes (Abigail), Daniel Siwek (Abiú (Adult)), Kaik Brum (Abiú (Child)), Guilherme Winter (Moses), Rayana Carvalho (Adira), Sandro Rocha (Abirão)','Record TV, Casablanca',NULL,NULL,1,1,0,NULL,4,1,1,1,NULL,NULL,NULL,NULL,1,NULL,2,'2023-01-06 02:54:37',NULL,NULL,NULL,NULL,NULL,NULL,NULL,NULL,NULL,1,0,NULL,NULL,NULL,NULL,NULL,NULL,3,2),(169,8,2,59,'TMDB','1215565',NULL,NULL,NULL,'Episodio 59',2016,60,NULL,'pt','Vivian de Oliveira, Arme Manente, Rogério Passos, Anderson Souza, Hamsa Hood, Vivianne Jundi','','','Bianka Fernandes (Abigail), Daniel Siwek (Abiú (Adult)), Kaik Brum (Abiú (Child)), Camila Santanioni (Ada), Marina Moschen (Amália (Young)), Lisandra Souto (Amália (Adult)), Roger Gobeth (Anrão (Young)), Tammy Di Calafiori (Ana), Paulo Gorgulho (Anrão (Adult)), Guilherme Winter (Moses), Rayana Carvalho (Adira), Sandro Rocha (Abirão), Carlos Bonow (Ahmós), Thierry Figueira (Anibal), Luciano Szafir, Nicole Orsini (Filha de Menarem)','Record TV, Casablanca',NULL,'https://image.tmdb.org/t/p/original/g4mNHEk0AQOenDyBo6A1kIlh509.jpg',1,1,0,NULL,4,1,1,1,NULL,NULL,NULL,NULL,1,NULL,2,'2023-01-06 02:54:37',NULL,NULL,NULL,NULL,NULL,NULL,NULL,NULL,NULL,1,0,NULL,NULL,NULL,NULL,NULL,NULL,3,2),(170,8,1,59,'TMDB','1215446',NULL,NULL,NULL,'Episodio 59',2015,60,NULL,'pt','Vivian de Oliveira, Arme Manente, Rogério Passos, Anderson Souza, Hamsa Hood, Vivianne Jundi','','','Bianka Fernandes (Abigail), Daniel Siwek (Abiú (Adult)), Kaik Brum (Abiú (Child)), Guilherme Winter (Moses), Rayana Carvalho (Adira), Sandro Rocha (Abirão)','Record TV, Casablanca',NULL,NULL,1,1,0,NULL,4,1,1,1,NULL,NULL,NULL,NULL,1,NULL,2,'2023-01-06 02:54:37',NULL,NULL,NULL,NULL,NULL,NULL,NULL,NULL,NULL,1,0,NULL,NULL,NULL,NULL,NULL,NULL,3,2),(171,8,2,60,'TMDB','1215566',NULL,NULL,NULL,'Episodio 60',2016,60,NULL,'pt','Vivian de Oliveira, Arme Manente, Rogério Passos, Anderson Souza, Hamsa Hood, Vivianne Jundi','','','Bianka Fernandes (Abigail), Daniel Siwek (Abiú (Adult)), Kaik Brum (Abiú (Child)), Camila Santanioni (Ada), Marina Moschen (Amália (Young)), Lisandra Souto (Amália (Adult)), Roger Gobeth (Anrão (Young)), Tammy Di Calafiori (Ana), Paulo Gorgulho (Anrão (Adult)), Guilherme Winter (Moses), Rayana Carvalho (Adira), Sandro Rocha (Abirão), Carlos Bonow (Ahmós), Thierry Figueira (Anibal), Luciano Szafir, Nicole Orsini (Filha de Menarem)','Record TV, Casablanca',NULL,'https://image.tmdb.org/t/p/original/pt7giAwYjfTBB9XSpwXExmlLOK7.jpg',1,1,0,NULL,4,1,1,1,NULL,NULL,NULL,NULL,1,NULL,2,'2023-01-06 02:54:37',NULL,NULL,NULL,NULL,NULL,NULL,NULL,NULL,NULL,1,0,NULL,NULL,NULL,NULL,NULL,NULL,3,2),(172,8,1,60,'TMDB','1215447',NULL,NULL,NULL,'Episodio 60',2015,60,NULL,'pt','Vivian de Oliveira, Arme Manente, Rogério Passos, Anderson Souza, Hamsa Hood, Vivianne Jundi','','','Bianka Fernandes (Abigail), Daniel Siwek (Abiú (Adult)), Kaik Brum (Abiú (Child)), Guilherme Winter (Moses), Rayana Carvalho (Adira), Sandro Rocha (Abirão)','Record TV, Casablanca',NULL,NULL,1,1,0,NULL,4,1,1,1,NULL,NULL,NULL,NULL,1,NULL,2,'2023-01-06 02:54:37',NULL,NULL,NULL,NULL,NULL,NULL,NULL,NULL,NULL,1,0,NULL,NULL,NULL,NULL,NULL,NULL,3,2),(173,8,2,61,'TMDB','1215567',NULL,NULL,NULL,'Episodio 61',2016,60,NULL,'pt','Vivian de Oliveira, Arme Manente, Rogério Passos, Anderson Souza, Hamsa Hood, Vivianne Jundi','','','Bianka Fernandes (Abigail), Daniel Siwek (Abiú (Adult)), Kaik Brum (Abiú (Child)), Camila Santanioni (Ada), Marina Moschen (Amália (Young)), Lisandra Souto (Amália (Adult)), Roger Gobeth (Anrão (Young)), Tammy Di Calafiori (Ana), Paulo Gorgulho (Anrão (Adult)), Guilherme Winter (Moses), Rayana Carvalho (Adira), Sandro Rocha (Abirão), Carlos Bonow (Ahmós), Thierry Figueira (Anibal), Luciano Szafir, Nicole Orsini (Filha de Menarem)','Record TV, Casablanca',NULL,'https://image.tmdb.org/t/p/original/uPUHDjoUhO5ia8NN88W67XkAOQ7.jpg',1,1,0,NULL,4,1,1,1,NULL,NULL,NULL,NULL,1,NULL,2,'2023-01-06 02:54:37',NULL,NULL,NULL,NULL,NULL,NULL,NULL,NULL,NULL,1,0,NULL,NULL,NULL,NULL,NULL,NULL,3,2),(174,8,1,61,'TMDB','1215448',NULL,NULL,NULL,'Episodio 61',2015,60,NULL,'pt','Vivian de Oliveira, Arme Manente, Rogério Passos, Anderson Souza, Hamsa Hood, Vivianne Jundi','','','Bianka Fernandes (Abigail), Daniel Siwek (Abiú (Adult)), Kaik Brum (Abiú (Child)), Guilherme Winter (Moses), Rayana Carvalho (Adira), Sandro Rocha (Abirão)','Record TV, Casablanca',NULL,NULL,1,1,0,NULL,4,1,1,1,NULL,NULL,NULL,NULL,1,NULL,2,'2023-01-06 02:54:37',NULL,NULL,NULL,NULL,NULL,NULL,NULL,NULL,NULL,1,0,NULL,NULL,NULL,NULL,NULL,NULL,3,2),(175,8,2,62,'TMDB','1215568',NULL,NULL,NULL,'Episodio 62',2016,60,NULL,'pt','Vivian de Oliveira, Arme Manente, Rogério Passos, Anderson Souza, Hamsa Hood, Vivianne Jundi','','','Bianka Fernandes (Abigail), Daniel Siwek (Abiú (Adult)), Kaik Brum (Abiú (Child)), Camila Santanioni (Ada), Marina Moschen (Amália (Young)), Lisandra Souto (Amália (Adult)), Roger Gobeth (Anrão (Young)), Tammy Di Calafiori (Ana), Paulo Gorgulho (Anrão (Adult)), Guilherme Winter (Moses), Rayana Carvalho (Adira), Sandro Rocha (Abirão), Carlos Bonow (Ahmós), Thierry Figueira (Anibal), Luciano Szafir, Nicole Orsini (Filha de Menarem)','Record TV, Casablanca',NULL,'https://image.tmdb.org/t/p/original/zq9EoCCsTuG3jxCemtfCnKuWYYN.jpg',1,1,0,NULL,4,1,1,1,NULL,NULL,NULL,NULL,1,NULL,2,'2023-01-06 02:54:37',NULL,NULL,NULL,NULL,NULL,NULL,NULL,NULL,NULL,1,0,NULL,NULL,NULL,NULL,NULL,NULL,3,2),(176,8,1,62,'TMDB','1215449',NULL,NULL,NULL,'Episodio 62',2015,60,NULL,'pt','Vivian de Oliveira, Arme Manente, Rogério Passos, Anderson Souza, Hamsa Hood, Vivianne Jundi','','','Bianka Fernandes (Abigail), Daniel Siwek (Abiú (Adult)), Kaik Brum (Abiú (Child)), Guilherme Winter (Moses), Rayana Carvalho (Adira), Sandro Rocha (Abirão)','Record TV, Casablanca',NULL,NULL,1,1,0,NULL,4,1,1,1,NULL,NULL,NULL,NULL,1,NULL,2,'2023-01-06 02:54:37',NULL,NULL,NULL,NULL,NULL,NULL,NULL,NULL,NULL,1,0,NULL,NULL,NULL,NULL,NULL,NULL,3,2),(177,8,2,63,'TMDB','1215569',NULL,NULL,NULL,'Episodio 63',2016,60,NULL,'pt','Vivian de Oliveira, Arme Manente, Rogério Passos, Anderson Souza, Hamsa Hood, Vivianne Jundi','','','Bianka Fernandes (Abigail), Daniel Siwek (Abiú (Adult)), Kaik Brum (Abiú (Child)), Camila Santanioni (Ada), Marina Moschen (Amália (Young)), Lisandra Souto (Amália (Adult)), Roger Gobeth (Anrão (Young)), Tammy Di Calafiori (Ana), Paulo Gorgulho (Anrão (Adult)), Guilherme Winter (Moses), Rayana Carvalho (Adira), Sandro Rocha (Abirão), Carlos Bonow (Ahmós), Thierry Figueira (Anibal), Luciano Szafir, Nicole Orsini (Filha de Menarem)','Record TV, Casablanca',NULL,'https://image.tmdb.org/t/p/original/3BW20c5YEItdvIVyjyIyGMOyQ7w.jpg',1,1,0,NULL,4,1,1,1,NULL,NULL,NULL,NULL,1,NULL,2,'2023-01-06 02:54:37',NULL,NULL,NULL,NULL,NULL,NULL,NULL,NULL,NULL,1,0,NULL,NULL,NULL,NULL,NULL,NULL,3,2),(178,8,1,63,'TMDB','1215450',NULL,NULL,NULL,'Episodio 63',2015,60,NULL,'pt','Vivian de Oliveira, Arme Manente, Rogério Passos, Anderson Souza, Hamsa Hood, Vivianne Jundi','','','Bianka Fernandes (Abigail), Daniel Siwek (Abiú (Adult)), Kaik Brum (Abiú (Child)), Guilherme Winter (Moses), Rayana Carvalho (Adira), Sandro Rocha (Abirão)','Record TV, Casablanca',NULL,NULL,1,1,0,NULL,4,1,1,1,NULL,NULL,NULL,NULL,1,NULL,2,'2023-01-06 02:54:37',NULL,NULL,NULL,NULL,NULL,NULL,NULL,NULL,NULL,1,0,NULL,NULL,NULL,NULL,NULL,NULL,3,2),(179,8,2,64,'TMDB','1215570',NULL,NULL,NULL,'Episodio 64',2016,60,NULL,'pt','Vivian de Oliveira, Arme Manente, Rogério Passos, Anderson Souza, Hamsa Hood, Vivianne Jundi','','','Bianka Fernandes (Abigail), Daniel Siwek (Abiú (Adult)), Kaik Brum (Abiú (Child)), Camila Santanioni (Ada), Marina Moschen (Amália (Young)), Lisandra Souto (Amália (Adult)), Roger Gobeth (Anrão (Young)), Tammy Di Calafiori (Ana), Paulo Gorgulho (Anrão (Adult)), Guilherme Winter (Moses), Rayana Carvalho (Adira), Sandro Rocha (Abirão), Carlos Bonow (Ahmós), Thierry Figueira (Anibal), Luciano Szafir, Nicole Orsini (Filha de Menarem)','Record TV, Casablanca',NULL,'https://image.tmdb.org/t/p/original/svTKD3XJhGAg2FLGaZ1oQNsYwWD.jpg',1,1,0,NULL,4,1,1,1,NULL,NULL,NULL,NULL,1,NULL,2,'2023-01-06 02:54:37',NULL,NULL,NULL,NULL,NULL,NULL,NULL,NULL,NULL,1,0,NULL,NULL,NULL,NULL,NULL,NULL,3,2),(180,8,1,64,'TMDB','1215451',NULL,NULL,NULL,'Episodio 64',2015,60,NULL,'pt','Vivian de Oliveira, Arme Manente, Rogério Passos, Anderson Souza, Hamsa Hood, Vivianne Jundi','','','Bianka Fernandes (Abigail), Daniel Siwek (Abiú (Adult)), Kaik Brum (Abiú (Child)), Guilherme Winter (Moses), Rayana Carvalho (Adira), Sandro Rocha (Abirão)','Record TV, Casablanca',NULL,NULL,1,1,0,NULL,4,1,1,1,NULL,NULL,NULL,NULL,1,NULL,2,'2023-01-06 02:54:37',NULL,NULL,NULL,NULL,NULL,NULL,NULL,NULL,NULL,1,0,NULL,NULL,NULL,NULL,NULL,NULL,3,2),(181,8,2,65,'TMDB','1215571',NULL,NULL,NULL,'Episodio 65',2016,60,NULL,'pt','Vivian de Oliveira, Arme Manente, Rogério Passos, Anderson Souza, Hamsa Hood, Vivianne Jundi','','','Bianka Fernandes (Abigail), Daniel Siwek (Abiú (Adult)), Kaik Brum (Abiú (Child)), Camila Santanioni (Ada), Marina Moschen (Amália (Young)), Lisandra Souto (Amália (Adult)), Roger Gobeth (Anrão (Young)), Tammy Di Calafiori (Ana), Paulo Gorgulho (Anrão (Adult)), Guilherme Winter (Moses), Rayana Carvalho (Adira), Sandro Rocha (Abirão), Carlos Bonow (Ahmós), Thierry Figueira (Anibal), Luciano Szafir, Nicole Orsini (Filha de Menarem)','Record TV, Casablanca',NULL,'https://image.tmdb.org/t/p/original/jjfXoQgKZnWnxnt10cdwpgLKNDP.jpg',1,1,0,NULL,4,1,1,1,NULL,NULL,NULL,NULL,1,NULL,2,'2023-01-06 02:54:37',NULL,NULL,NULL,NULL,NULL,NULL,NULL,NULL,NULL,1,0,NULL,NULL,NULL,NULL,NULL,NULL,3,2),(182,8,1,65,'TMDB','1215452',NULL,NULL,NULL,'Episodio 65',2015,60,NULL,'pt','Vivian de Oliveira, Arme Manente, Rogério Passos, Anderson Souza, Hamsa Hood, Vivianne Jundi','','','Bianka Fernandes (Abigail), Daniel Siwek (Abiú (Adult)), Kaik Brum (Abiú (Child)), Guilherme Winter (Moses), Rayana Carvalho (Adira), Sandro Rocha (Abirão)','Record TV, Casablanca',NULL,NULL,1,1,0,NULL,4,1,1,1,NULL,NULL,NULL,NULL,1,NULL,2,'2023-01-06 02:54:37',NULL,NULL,NULL,NULL,NULL,NULL,NULL,NULL,NULL,1,0,NULL,NULL,NULL,NULL,NULL,NULL,3,2),(183,8,2,66,'TMDB','1215572',NULL,NULL,NULL,'Episodio 66 (Final)',2016,60,NULL,'pt','Vivian de Oliveira, Arme Manente, Rogério Passos, Anderson Souza, Hamsa Hood, Vivianne Jundi','','','Bianka Fernandes (Abigail), Daniel Siwek (Abiú (Adult)), Kaik Brum (Abiú (Child)), Camila Santanioni (Ada), Marina Moschen (Amália (Young)), Lisandra Souto (Amália (Adult)), Roger Gobeth (Anrão (Young)), Tammy Di Calafiori (Ana), Paulo Gorgulho (Anrão (Adult)), Guilherme Winter (Moses), Rayana Carvalho (Adira), Sandro Rocha (Abirão), Carlos Bonow (Ahmós), Thierry Figueira (Anibal), Luciano Szafir, Nicole Orsini (Filha de Menarem)','Record TV, Casablanca',NULL,'https://image.tmdb.org/t/p/original/7h9OtrzBAJ5AM71u0oxJfa7pZtM.jpg',1,1,0,NULL,4,1,1,1,NULL,NULL,NULL,NULL,1,NULL,2,'2023-01-06 02:54:37',NULL,NULL,NULL,NULL,NULL,NULL,NULL,NULL,NULL,1,0,NULL,NULL,NULL,NULL,NULL,NULL,3,2),(184,8,1,66,'TMDB','1215453',NULL,NULL,NULL,'Episodio 66',2015,60,NULL,'pt','Vivian de Oliveira, Arme Manente, Rogério Passos, Anderson Souza, Hamsa Hood, Vivianne Jundi','','','Bianka Fernandes (Abigail), Daniel Siwek (Abiú (Adult)), Kaik Brum (Abiú (Child)), Guilherme Winter (Moses), Rayana Carvalho (Adira), Sandro Rocha (Abirão)','Record TV, Casablanca',NULL,NULL,1,1,0,NULL,4,1,1,1,NULL,NULL,NULL,NULL,1,NULL,2,'2023-01-06 02:54:37',NULL,NULL,NULL,NULL,NULL,NULL,NULL,NULL,NULL,1,0,NULL,NULL,NULL,NULL,NULL,NULL,3,2),(185,8,2,67,'TMDB','3934343',NULL,NULL,NULL,'Episodio 67',NULL,60,NULL,'pt','Vivian de Oliveira, Arme Manente, Rogério Passos, Anderson Souza, Hamsa Hood, Vivianne Jundi','','','Bianka Fernandes (Abigail), Daniel Siwek (Abiú (Adult)), Kaik Brum (Abiú (Child)), Camila Santanioni (Ada), Marina Moschen (Amália (Young)), Lisandra Souto (Amália (Adult)), Roger Gobeth (Anrão (Young)), Tammy Di Calafiori (Ana), Paulo Gorgulho (Anrão (Adult)), Guilherme Winter (Moses), Rayana Carvalho (Adira), Sandro Rocha (Abirão), Carlos Bonow (Ahmós), Thierry Figueira (Anibal), Luciano Szafir, Nicole Orsini (Filha de Menarem)','Record TV, Casablanca',NULL,NULL,1,1,0,NULL,4,1,1,1,NULL,NULL,NULL,NULL,1,NULL,2,'2023-01-06 02:54:37',NULL,NULL,NULL,NULL,NULL,NULL,NULL,NULL,NULL,1,0,NULL,NULL,NULL,NULL,NULL,NULL,3,2),(186,8,1,67,'TMDB','1215454',NULL,NULL,NULL,'Episodio 67',2015,60,NULL,'pt','Vivian de Oliveira, Arme Manente, Rogério Passos, Anderson Souza, Hamsa Hood, Vivianne Jundi','','','Bianka Fernandes (Abigail), Daniel Siwek (Abiú (Adult)), Kaik Brum (Abiú (Child)), Guilherme Winter (Moses), Rayana Carvalho (Adira), Sandro Rocha (Abirão)','Record TV, Casablanca',NULL,NULL,1,1,0,NULL,4,1,1,1,NULL,NULL,NULL,NULL,1,NULL,2,'2023-01-06 02:54:37',NULL,NULL,NULL,NULL,NULL,NULL,NULL,NULL,NULL,1,0,NULL,NULL,NULL,NULL,NULL,NULL,3,2),(187,8,2,68,'TMDB','3934357',NULL,NULL,NULL,'Episodio 68',NULL,60,NULL,'pt','Vivian de Oliveira, Arme Manente, Rogério Passos, Anderson Souza, Hamsa Hood, Vivianne Jundi','','','Bianka Fernandes (Abigail), Daniel Siwek (Abiú (Adult)), Kaik Brum (Abiú (Child)), Camila Santanioni (Ada), Marina Moschen (Amália (Young)), Lisandra Souto (Amália (Adult)), Roger Gobeth (Anrão (Young)), Tammy Di Calafiori (Ana), Paulo Gorgulho (Anrão (Adult)), Guilherme Winter (Moses), Rayana Carvalho (Adira), Sandro Rocha (Abirão), Carlos Bonow (Ahmós), Thierry Figueira (Anibal), Luciano Szafir, Nicole Orsini (Filha de Menarem)','Record TV, Casablanca',NULL,NULL,1,1,0,NULL,4,1,1,1,NULL,NULL,NULL,NULL,1,NULL,2,'2023-01-06 02:54:37',NULL,NULL,NULL,NULL,NULL,NULL,NULL,NULL,NULL,1,0,NULL,NULL,NULL,NULL,NULL,NULL,3,2),(188,8,1,68,'TMDB','1215455',NULL,NULL,NULL,'Episodio 68',2015,60,NULL,'pt','Vivian de Oliveira, Arme Manente, Rogério Passos, Anderson Souza, Hamsa Hood, Vivianne Jundi','','','Bianka Fernandes (Abigail), Daniel Siwek (Abiú (Adult)), Kaik Brum (Abiú (Child)), Guilherme Winter (Moses), Rayana Carvalho (Adira), Sandro Rocha (Abirão)','Record TV, Casablanca',NULL,NULL,1,1,0,NULL,4,1,1,1,NULL,NULL,NULL,NULL,1,NULL,2,'2023-01-06 02:54:37',NULL,NULL,NULL,NULL,NULL,NULL,NULL,NULL,NULL,1,0,NULL,NULL,NULL,NULL,NULL,NULL,3,2),(189,8,2,69,'TMDB','3934364',NULL,NULL,NULL,'Episodio 69',NULL,60,NULL,'pt','Vivian de Oliveira, Arme Manente, Rogério Passos, Anderson Souza, Hamsa Hood, Vivianne Jundi','','','Bianka Fernandes (Abigail), Daniel Siwek (Abiú (Adult)), Kaik Brum (Abiú (Child)), Camila Santanioni (Ada), Marina Moschen (Amália (Young)), Lisandra Souto (Amália (Adult)), Roger Gobeth (Anrão (Young)), Tammy Di Calafiori (Ana), Paulo Gorgulho (Anrão (Adult)), Guilherme Winter (Moses), Rayana Carvalho (Adira), Sandro Rocha (Abirão), Carlos Bonow (Ahmós), Thierry Figueira (Anibal), Luciano Szafir, Nicole Orsini (Filha de Menarem)','Record TV, Casablanca',NULL,NULL,1,1,0,NULL,4,1,1,1,NULL,NULL,NULL,NULL,1,NULL,2,'2023-01-06 02:54:37',NULL,NULL,NULL,NULL,NULL,NULL,NULL,NULL,NULL,1,0,NULL,NULL,NULL,NULL,NULL,NULL,3,2),(190,8,1,69,'TMDB','1215456',NULL,NULL,NULL,'Episodio 69',2015,60,NULL,'pt','Vivian de Oliveira, Arme Manente, Rogério Passos, Anderson Souza, Hamsa Hood, Vivianne Jundi','','','Bianka Fernandes (Abigail), Daniel Siwek (Abiú (Adult)), Kaik Brum (Abiú (Child)), Guilherme Winter (Moses), Rayana Carvalho (Adira), Sandro Rocha (Abirão)','Record TV, Casablanca',NULL,NULL,1,1,0,NULL,4,1,1,1,NULL,NULL,NULL,NULL,1,NULL,2,'2023-01-06 02:54:37',NULL,NULL,NULL,NULL,NULL,NULL,NULL,NULL,NULL,1,0,NULL,NULL,NULL,NULL,NULL,NULL,3,2),(191,8,1,70,'TMDB','1215457',NULL,NULL,NULL,'Episodio 70',2015,60,NULL,'pt','Vivian de Oliveira, Arme Manente, Rogério Passos, Anderson Souza, Hamsa Hood, Vivianne Jundi','','','Bianka Fernandes (Abigail), Daniel Siwek (Abiú (Adult)), Kaik Brum (Abiú (Child)), Guilherme Winter (Moses), Rayana Carvalho (Adira), Sandro Rocha (Abirão)','Record TV, Casablanca',NULL,NULL,1,1,0,NULL,4,1,1,1,NULL,NULL,NULL,NULL,1,NULL,2,'2023-01-06 02:54:37',NULL,NULL,NULL,NULL,NULL,NULL,NULL,NULL,NULL,1,0,NULL,NULL,NULL,NULL,NULL,NULL,3,2),(192,8,2,70,'TMDB','3934369',NULL,NULL,NULL,'Episodio 70',NULL,60,NULL,'pt','Vivian de Oliveira, Arme Manente, Rogério Passos, Anderson Souza, Hamsa Hood, Vivianne Jundi','','','Bianka Fernandes (Abigail), Daniel Siwek (Abiú (Adult)), Kaik Brum (Abiú (Child)), Camila Santanioni (Ada), Marina Moschen (Amália (Young)), Lisandra Souto (Amália (Adult)), Roger Gobeth (Anrão (Young)), Tammy Di Calafiori (Ana), Paulo Gorgulho (Anrão (Adult)), Guilherme Winter (Moses), Rayana Carvalho (Adira), Sandro Rocha (Abirão), Carlos Bonow (Ahmós), Thierry Figueira (Anibal), Luciano Szafir, Nicole Orsini (Filha de Menarem)','Record TV, Casablanca',NULL,NULL,1,1,0,NULL,4,1,1,1,NULL,NULL,NULL,NULL,1,NULL,2,'2023-01-06 02:54:37',NULL,NULL,NULL,NULL,NULL,NULL,NULL,NULL,NULL,1,0,NULL,NULL,NULL,NULL,NULL,NULL,3,2),(193,8,1,71,'TMDB','1215458',NULL,NULL,NULL,'Episodio 71',2015,60,NULL,'pt','Vivian de Oliveira, Arme Manente, Rogério Passos, Anderson Souza, Hamsa Hood, Vivianne Jundi','','','Bianka Fernandes (Abigail), Daniel Siwek (Abiú (Adult)), Kaik Brum (Abiú (Child)), Guilherme Winter (Moses), Rayana Carvalho (Adira), Sandro Rocha (Abirão)','Record TV, Casablanca',NULL,NULL,1,1,0,NULL,4,1,1,1,NULL,NULL,NULL,NULL,1,NULL,2,'2023-01-06 02:54:37',NULL,NULL,NULL,NULL,NULL,NULL,NULL,NULL,NULL,1,0,NULL,NULL,NULL,NULL,NULL,NULL,3,2),(194,8,2,71,'TMDB','3934376',NULL,NULL,NULL,'Episodio 71',NULL,60,NULL,'pt','Vivian de Oliveira, Arme Manente, Rogério Passos, Anderson Souza, Hamsa Hood, Vivianne Jundi','','','Bianka Fernandes (Abigail), Daniel Siwek (Abiú (Adult)), Kaik Brum (Abiú (Child)), Camila Santanioni (Ada), Marina Moschen (Amália (Young)), Lisandra Souto (Amália (Adult)), Roger Gobeth (Anrão (Young)), Tammy Di Calafiori (Ana), Paulo Gorgulho (Anrão (Adult)), Guilherme Winter (Moses), Rayana Carvalho (Adira), Sandro Rocha (Abirão), Carlos Bonow (Ahmós), Thierry Figueira (Anibal), Luciano Szafir, Nicole Orsini (Filha de Menarem)','Record TV, Casablanca',NULL,NULL,1,1,0,NULL,4,1,1,1,NULL,NULL,NULL,NULL,1,NULL,2,'2023-01-06 02:54:37',NULL,NULL,NULL,NULL,NULL,NULL,NULL,NULL,NULL,1,0,NULL,NULL,NULL,NULL,NULL,NULL,3,2),(195,8,1,72,'TMDB','1215459',NULL,NULL,NULL,'Episodio 72',2015,60,NULL,'pt','Vivian de Oliveira, Arme Manente, Rogério Passos, Anderson Souza, Hamsa Hood, Vivianne Jundi','','','Bianka Fernandes (Abigail), Daniel Siwek (Abiú (Adult)), Kaik Brum (Abiú (Child)), Guilherme Winter (Moses), Rayana Carvalho (Adira), Sandro Rocha (Abirão)','Record TV, Casablanca',NULL,NULL,1,1,0,NULL,4,1,1,1,NULL,NULL,NULL,NULL,1,NULL,2,'2023-01-06 02:54:37',NULL,NULL,NULL,NULL,NULL,NULL,NULL,NULL,NULL,1,0,NULL,NULL,NULL,NULL,NULL,NULL,3,2),(196,8,2,72,'TMDB','3934382',NULL,NULL,NULL,'Episodio 72',NULL,60,NULL,'pt','Vivian de Oliveira, Arme Manente, Rogério Passos, Anderson Souza, Hamsa Hood, Vivianne Jundi','','','Bianka Fernandes (Abigail), Daniel Siwek (Abiú (Adult)), Kaik Brum (Abiú (Child)), Camila Santanioni (Ada), Marina Moschen (Amália (Young)), Lisandra Souto (Amália (Adult)), Roger Gobeth (Anrão (Young)), Tammy Di Calafiori (Ana), Paulo Gorgulho (Anrão (Adult)), Guilherme Winter (Moses), Rayana Carvalho (Adira), Sandro Rocha (Abirão), Carlos Bonow (Ahmós), Thierry Figueira (Anibal), Luciano Szafir, Nicole Orsini (Filha de Menarem)','Record TV, Casablanca',NULL,NULL,1,1,0,NULL,4,1,1,1,NULL,NULL,NULL,NULL,1,NULL,2,'2023-01-06 02:54:37',NULL,NULL,NULL,NULL,NULL,NULL,NULL,NULL,NULL,1,0,NULL,NULL,NULL,NULL,NULL,NULL,3,2),(197,8,1,73,'TMDB','1215460',NULL,NULL,NULL,'Episodio 73',2015,60,NULL,'pt','Vivian de Oliveira, Arme Manente, Rogério Passos, Anderson Souza, Hamsa Hood, Vivianne Jundi','','','Bianka Fernandes (Abigail), Daniel Siwek (Abiú (Adult)), Kaik Brum (Abiú (Child)), Guilherme Winter (Moses), Rayana Carvalho (Adira), Sandro Rocha (Abirão)','Record TV, Casablanca',NULL,NULL,1,1,0,NULL,4,1,1,1,NULL,NULL,NULL,NULL,1,NULL,2,'2023-01-06 02:54:37',NULL,NULL,NULL,NULL,NULL,NULL,NULL,NULL,NULL,1,0,NULL,NULL,NULL,NULL,NULL,NULL,3,2),(198,8,2,73,'TMDB','3934388',NULL,NULL,NULL,'Episodio 73',NULL,60,NULL,'pt','Vivian de Oliveira, Arme Manente, Rogério Passos, Anderson Souza, Hamsa Hood, Vivianne Jundi','','','Bianka Fernandes (Abigail), Daniel Siwek (Abiú (Adult)), Kaik Brum (Abiú (Child)), Camila Santanioni (Ada), Marina Moschen (Amália (Young)), Lisandra Souto (Amália (Adult)), Roger Gobeth (Anrão (Young)), Tammy Di Calafiori (Ana), Paulo Gorgulho (Anrão (Adult)), Guilherme Winter (Moses), Rayana Carvalho (Adira), Sandro Rocha (Abirão), Carlos Bonow (Ahmós), Thierry Figueira (Anibal), Luciano Szafir, Nicole Orsini (Filha de Menarem)','Record TV, Casablanca',NULL,NULL,1,1,0,NULL,4,1,1,1,NULL,NULL,NULL,NULL,1,NULL,2,'2023-01-06 02:54:37',NULL,NULL,NULL,NULL,NULL,NULL,NULL,NULL,NULL,1,0,NULL,NULL,NULL,NULL,NULL,NULL,3,2),(199,8,1,74,'TMDB','1215461',NULL,NULL,NULL,'Episodio 74',2015,60,NULL,'pt','Vivian de Oliveira, Arme Manente, Rogério Passos, Anderson Souza, Hamsa Hood, Vivianne Jundi','','','Bianka Fernandes (Abigail), Daniel Siwek (Abiú (Adult)), Kaik Brum (Abiú (Child)), Guilherme Winter (Moses), Rayana Carvalho (Adira), Sandro Rocha (Abirão)','Record TV, Casablanca',NULL,NULL,1,1,0,NULL,4,1,1,1,NULL,NULL,NULL,NULL,1,NULL,2,'2023-01-06 02:54:37',NULL,NULL,NULL,NULL,NULL,NULL,NULL,NULL,NULL,1,0,NULL,NULL,NULL,NULL,NULL,NULL,3,2),(200,8,2,74,'TMDB','3934394',NULL,NULL,NULL,'Episodio 74',NULL,60,NULL,'pt','Vivian de Oliveira, Arme Manente, Rogério Passos, Anderson Souza, Hamsa Hood, Vivianne Jundi','','','Bianka Fernandes (Abigail), Daniel Siwek (Abiú (Adult)), Kaik Brum (Abiú (Child)), Camila Santanioni (Ada), Marina Moschen (Amália (Young)), Lisandra Souto (Amália (Adult)), Roger Gobeth (Anrão (Young)), Tammy Di Calafiori (Ana), Paulo Gorgulho (Anrão (Adult)), Guilherme Winter (Moses), Rayana Carvalho (Adira), Sandro Rocha (Abirão), Carlos Bonow (Ahmós), Thierry Figueira (Anibal), Luciano Szafir, Nicole Orsini (Filha de Menarem)','Record TV, Casablanca',NULL,NULL,1,1,0,NULL,4,1,1,1,NULL,NULL,NULL,NULL,1,NULL,2,'2023-01-06 02:54:37',NULL,NULL,NULL,NULL,NULL,NULL,NULL,NULL,NULL,1,0,NULL,NULL,NULL,NULL,NULL,NULL,3,2),(201,8,1,75,'TMDB','1215462',NULL,NULL,NULL,'Episodio 75',2015,60,NULL,'pt','Vivian de Oliveira, Arme Manente, Rogério Passos, Anderson Souza, Hamsa Hood, Vivianne Jundi','','','Bianka Fernandes (Abigail), Daniel Siwek (Abiú (Adult)), Kaik Brum (Abiú (Child)), Guilherme Winter (Moses), Rayana Carvalho (Adira), Sandro Rocha (Abirão)','Record TV, Casablanca',NULL,NULL,1,1,0,NULL,4,1,1,1,NULL,NULL,NULL,NULL,1,NULL,2,'2023-01-06 02:54:37',NULL,NULL,NULL,NULL,NULL,NULL,NULL,NULL,NULL,1,0,NULL,NULL,NULL,NULL,NULL,NULL,3,2),(202,8,2,75,'TMDB','3934400',NULL,NULL,NULL,'Episodio 75',NULL,60,NULL,'pt','Vivian de Oliveira, Arme Manente, Rogério Passos, Anderson Souza, Hamsa Hood, Vivianne Jundi','','','Bianka Fernandes (Abigail), Daniel Siwek (Abiú (Adult)), Kaik Brum (Abiú (Child)), Camila Santanioni (Ada), Marina Moschen (Amália (Young)), Lisandra Souto (Amália (Adult)), Roger Gobeth (Anrão (Young)), Tammy Di Calafiori (Ana), Paulo Gorgulho (Anrão (Adult)), Guilherme Winter (Moses), Rayana Carvalho (Adira), Sandro Rocha (Abirão), Carlos Bonow (Ahmós), Thierry Figueira (Anibal), Luciano Szafir, Nicole Orsini (Filha de Menarem)','Record TV, Casablanca',NULL,NULL,1,1,0,NULL,4,1,1,1,NULL,NULL,NULL,NULL,1,NULL,2,'2023-01-06 02:54:38',NULL,NULL,NULL,NULL,NULL,NULL,NULL,NULL,NULL,1,0,NULL,NULL,NULL,NULL,NULL,NULL,3,2),(203,8,1,76,'TMDB','1215463',NULL,NULL,NULL,'Episodio 76',2015,60,NULL,'pt','Vivian de Oliveira, Arme Manente, Rogério Passos, Anderson Souza, Hamsa Hood, Vivianne Jundi','','','Bianka Fernandes (Abigail), Daniel Siwek (Abiú (Adult)), Kaik Brum (Abiú (Child)), Guilherme Winter (Moses), Rayana Carvalho (Adira), Sandro Rocha (Abirão)','Record TV, Casablanca',NULL,NULL,1,1,0,NULL,4,1,1,1,NULL,NULL,NULL,NULL,1,NULL,2,'2023-01-06 02:54:38',NULL,NULL,NULL,NULL,NULL,NULL,NULL,NULL,NULL,1,0,NULL,NULL,NULL,NULL,NULL,NULL,3,2),(204,8,1,77,'TMDB','1215464',NULL,NULL,NULL,'Episodio 77',2015,60,NULL,'pt','Vivian de Oliveira, Arme Manente, Rogério Passos, Anderson Souza, Hamsa Hood, Vivianne Jundi','','','Bianka Fernandes (Abigail), Daniel Siwek (Abiú (Adult)), Kaik Brum (Abiú (Child)), Guilherme Winter (Moses), Rayana Carvalho (Adira), Sandro Rocha (Abirão)','Record TV, Casablanca',NULL,NULL,1,1,0,NULL,4,1,1,1,NULL,NULL,NULL,NULL,1,NULL,2,'2023-01-06 02:54:38',NULL,NULL,NULL,NULL,NULL,NULL,NULL,NULL,NULL,1,0,NULL,NULL,NULL,NULL,NULL,NULL,3,2),(205,8,1,78,'TMDB','1215465',NULL,NULL,NULL,'Episodio 78',2015,60,NULL,'pt','Vivian de Oliveira, Arme Manente, Rogério Passos, Anderson Souza, Hamsa Hood, Vivianne Jundi','','','Bianka Fernandes (Abigail), Daniel Siwek (Abiú (Adult)), Kaik Brum (Abiú (Child)), Guilherme Winter (Moses), Rayana Carvalho (Adira), Sandro Rocha (Abirão)','Record TV, Casablanca',NULL,NULL,1,1,0,NULL,4,1,1,1,NULL,NULL,NULL,NULL,1,NULL,2,'2023-01-06 02:54:38',NULL,NULL,NULL,NULL,NULL,NULL,NULL,NULL,NULL,1,0,NULL,NULL,NULL,NULL,NULL,NULL,3,2),(206,8,1,79,'TMDB','1215466',NULL,NULL,NULL,'Episodio 79',2015,60,NULL,'pt','Vivian de Oliveira, Arme Manente, Rogério Passos, Anderson Souza, Hamsa Hood, Vivianne Jundi','','','Bianka Fernandes (Abigail), Daniel Siwek (Abiú (Adult)), Kaik Brum (Abiú (Child)), Guilherme Winter (Moses), Rayana Carvalho (Adira), Sandro Rocha (Abirão)','Record TV, Casablanca',NULL,NULL,1,1,0,NULL,4,1,1,1,NULL,NULL,NULL,NULL,1,NULL,2,'2023-01-06 02:54:38',NULL,NULL,NULL,NULL,NULL,NULL,NULL,NULL,NULL,1,0,NULL,NULL,NULL,NULL,NULL,NULL,3,2),(207,8,1,80,'TMDB','1215467',NULL,NULL,NULL,'Episodio 80',2015,60,NULL,'pt','Vivian de Oliveira, Arme Manente, Rogério Passos, Anderson Souza, Hamsa Hood, Vivianne Jundi','','','Bianka Fernandes (Abigail), Daniel Siwek (Abiú (Adult)), Kaik Brum (Abiú (Child)), Guilherme Winter (Moses), Rayana Carvalho (Adira), Sandro Rocha (Abirão)','Record TV, Casablanca',NULL,NULL,1,1,0,NULL,4,1,1,1,NULL,NULL,NULL,NULL,1,NULL,2,'2023-01-06 02:54:38',NULL,NULL,NULL,NULL,NULL,NULL,NULL,NULL,NULL,1,0,NULL,NULL,NULL,NULL,NULL,NULL,3,2),(208,8,1,81,'TMDB','1215468',NULL,NULL,NULL,'Episodio 81',2015,60,NULL,'pt','Vivian de Oliveira, Arme Manente, Rogério Passos, Anderson Souza, Hamsa Hood, Vivianne Jundi','','','Bianka Fernandes (Abigail), Daniel Siwek (Abiú (Adult)), Kaik Brum (Abiú (Child)), Guilherme Winter (Moses), Rayana Carvalho (Adira), Sandro Rocha (Abirão)','Record TV, Casablanca',NULL,NULL,1,1,0,NULL,4,1,1,1,NULL,NULL,NULL,NULL,1,NULL,2,'2023-01-06 02:54:38',NULL,NULL,NULL,NULL,NULL,NULL,NULL,NULL,NULL,1,0,NULL,NULL,NULL,NULL,NULL,NULL,3,2),(209,8,1,82,'TMDB','1215469',NULL,NULL,NULL,'Episodio 82',2015,60,NULL,'pt','Vivian de Oliveira, Arme Manente, Rogério Passos, Anderson Souza, Hamsa Hood, Vivianne Jundi','','','Bianka Fernandes (Abigail), Daniel Siwek (Abiú (Adult)), Kaik Brum (Abiú (Child)), Guilherme Winter (Moses), Rayana Carvalho (Adira), Sandro Rocha (Abirão)','Record TV, Casablanca',NULL,NULL,1,1,0,NULL,4,1,1,1,NULL,NULL,NULL,NULL,1,NULL,2,'2023-01-06 02:54:38',NULL,NULL,NULL,NULL,NULL,NULL,NULL,NULL,NULL,1,0,NULL,NULL,NULL,NULL,NULL,NULL,3,2),(210,8,1,83,'TMDB','1215470',NULL,NULL,NULL,'Episodio 83',2015,60,NULL,'pt','Vivian de Oliveira, Arme Manente, Rogério Passos, Anderson Souza, Hamsa Hood, Vivianne Jundi','','','Bianka Fernandes (Abigail), Daniel Siwek (Abiú (Adult)), Kaik Brum (Abiú (Child)), Guilherme Winter (Moses), Rayana Carvalho (Adira), Sandro Rocha (Abirão)','Record TV, Casablanca',NULL,NULL,1,1,0,NULL,4,1,1,1,NULL,NULL,NULL,NULL,1,NULL,2,'2023-01-06 02:54:38',NULL,NULL,NULL,NULL,NULL,NULL,NULL,NULL,NULL,1,0,NULL,NULL,NULL,NULL,NULL,NULL,3,2),(211,8,1,84,'TMDB','1215471',NULL,NULL,NULL,'Episodio 84',2015,60,NULL,'pt','Vivian de Oliveira, Arme Manente, Rogério Passos, Anderson Souza, Hamsa Hood, Vivianne Jundi','','','Bianka Fernandes (Abigail), Daniel Siwek (Abiú (Adult)), Kaik Brum (Abiú (Child)), Guilherme Winter (Moses), Rayana Carvalho (Adira), Sandro Rocha (Abirão)','Record TV, Casablanca',NULL,NULL,1,1,0,NULL,4,1,1,1,NULL,NULL,NULL,NULL,1,NULL,2,'2023-01-06 02:54:38',NULL,NULL,NULL,NULL,NULL,NULL,NULL,NULL,NULL,1,0,NULL,NULL,NULL,NULL,NULL,NULL,3,2),(212,8,1,85,'TMDB','1215472',NULL,NULL,NULL,'Episodio 85',2015,60,NULL,'pt','Vivian de Oliveira, Arme Manente, Rogério Passos, Anderson Souza, Hamsa Hood, Vivianne Jundi','','','Bianka Fernandes (Abigail), Daniel Siwek (Abiú (Adult)), Kaik Brum (Abiú (Child)), Guilherme Winter (Moses), Rayana Carvalho (Adira), Sandro Rocha (Abirão)','Record TV, Casablanca',NULL,NULL,1,1,0,NULL,4,1,1,1,NULL,NULL,NULL,NULL,1,NULL,2,'2023-01-06 02:54:38',NULL,NULL,NULL,NULL,NULL,NULL,NULL,NULL,NULL,1,0,NULL,NULL,NULL,NULL,NULL,NULL,3,2),(213,8,1,86,'TMDB','1215473',NULL,NULL,NULL,'Episodio 86',2015,60,NULL,'pt','Vivian de Oliveira, Arme Manente, Rogério Passos, Anderson Souza, Hamsa Hood, Vivianne Jundi','','','Bianka Fernandes (Abigail), Daniel Siwek (Abiú (Adult)), Kaik Brum (Abiú (Child)), Guilherme Winter (Moses), Rayana Carvalho (Adira), Sandro Rocha (Abirão)','Record TV, Casablanca',NULL,NULL,1,1,0,NULL,4,1,1,1,NULL,NULL,NULL,NULL,1,NULL,2,'2023-01-06 02:54:38',NULL,NULL,NULL,NULL,NULL,NULL,NULL,NULL,NULL,1,0,NULL,NULL,NULL,NULL,NULL,NULL,3,2),(214,8,1,87,'TMDB','1215474',NULL,NULL,NULL,'Episodio 87',2015,60,NULL,'pt','Vivian de Oliveira, Arme Manente, Rogério Passos, Anderson Souza, Hamsa Hood, Vivianne Jundi','','','Bianka Fernandes (Abigail), Daniel Siwek (Abiú (Adult)), Kaik Brum (Abiú (Child)), Guilherme Winter (Moses), Rayana Carvalho (Adira), Sandro Rocha (Abirão)','Record TV, Casablanca',NULL,NULL,1,1,0,NULL,4,1,1,1,NULL,NULL,NULL,NULL,1,NULL,2,'2023-01-06 02:54:38',NULL,NULL,NULL,NULL,NULL,NULL,NULL,NULL,NULL,1,0,NULL,NULL,NULL,NULL,NULL,NULL,3,2),(215,8,1,88,'TMDB','1215475',NULL,NULL,NULL,'Episodio 88',2015,60,NULL,'pt','Vivian de Oliveira, Arme Manente, Rogério Passos, Anderson Souza, Hamsa Hood, Vivianne Jundi','','','Bianka Fernandes (Abigail), Daniel Siwek (Abiú (Adult)), Kaik Brum (Abiú (Child)), Guilherme Winter (Moses), Rayana Carvalho (Adira), Sandro Rocha (Abirão)','Record TV, Casablanca',NULL,NULL,1,1,0,NULL,4,1,1,1,NULL,NULL,NULL,NULL,1,NULL,2,'2023-01-06 02:54:38',NULL,NULL,NULL,NULL,NULL,NULL,NULL,NULL,NULL,1,0,NULL,NULL,NULL,NULL,NULL,NULL,3,2),(216,8,1,89,'TMDB','1215476',NULL,NULL,NULL,'Episodio 89',2015,60,NULL,'pt','Vivian de Oliveira, Arme Manente, Rogério Passos, Anderson Souza, Hamsa Hood, Vivianne Jundi','','','Bianka Fernandes (Abigail), Daniel Siwek (Abiú (Adult)), Kaik Brum (Abiú (Child)), Guilherme Winter (Moses), Rayana Carvalho (Adira), Sandro Rocha (Abirão)','Record TV, Casablanca',NULL,NULL,1,1,0,NULL,4,1,1,1,NULL,NULL,NULL,NULL,1,NULL,2,'2023-01-06 02:54:38',NULL,NULL,NULL,NULL,NULL,NULL,NULL,NULL,NULL,1,0,NULL,NULL,NULL,NULL,NULL,NULL,3,2),(217,8,1,90,'TMDB','1215477',NULL,NULL,NULL,'Episodio 90',2015,60,NULL,'pt','Vivian de Oliveira, Arme Manente, Rogério Passos, Anderson Souza, Hamsa Hood, Vivianne Jundi','','','Bianka Fernandes (Abigail), Daniel Siwek (Abiú (Adult)), Kaik Brum (Abiú (Child)), Guilherme Winter (Moses), Rayana Carvalho (Adira), Sandro Rocha (Abirão)','Record TV, Casablanca',NULL,NULL,1,1,0,NULL,4,1,1,1,NULL,NULL,NULL,NULL,1,NULL,2,'2023-01-06 02:54:38',NULL,NULL,NULL,NULL,NULL,NULL,NULL,NULL,NULL,1,0,NULL,NULL,NULL,NULL,NULL,NULL,3,2),(218,8,1,91,'TMDB','1215478',NULL,NULL,NULL,'Episodio 91',2015,60,NULL,'pt','Vivian de Oliveira, Arme Manente, Rogério Passos, Anderson Souza, Hamsa Hood, Vivianne Jundi','','','Bianka Fernandes (Abigail), Daniel Siwek (Abiú (Adult)), Kaik Brum (Abiú (Child)), Guilherme Winter (Moses), Rayana Carvalho (Adira), Sandro Rocha (Abirão)','Record TV, Casablanca',NULL,NULL,1,1,0,NULL,4,1,1,1,NULL,NULL,NULL,NULL,1,NULL,2,'2023-01-06 02:54:38',NULL,NULL,NULL,NULL,NULL,NULL,NULL,NULL,NULL,1,0,NULL,NULL,NULL,NULL,NULL,NULL,3,2),(219,8,1,92,'TMDB','1215479',NULL,NULL,NULL,'Episodio 92',2015,60,NULL,'pt','Vivian de Oliveira, Arme Manente, Rogério Passos, Anderson Souza, Hamsa Hood, Vivianne Jundi','','','Bianka Fernandes (Abigail), Daniel Siwek (Abiú (Adult)), Kaik Brum (Abiú (Child)), Guilherme Winter (Moses), Rayana Carvalho (Adira), Sandro Rocha (Abirão)','Record TV, Casablanca',NULL,NULL,1,1,0,NULL,4,1,1,1,NULL,NULL,NULL,NULL,1,NULL,2,'2023-01-06 02:54:38',NULL,NULL,NULL,NULL,NULL,NULL,NULL,NULL,NULL,1,0,NULL,NULL,NULL,NULL,NULL,NULL,3,2),(220,8,1,93,'TMDB','1215480',NULL,NULL,NULL,'Episodio 93',2015,60,NULL,'pt','Vivian de Oliveira, Arme Manente, Rogério Passos, Anderson Souza, Hamsa Hood, Vivianne Jundi','','','Bianka Fernandes (Abigail), Daniel Siwek (Abiú (Adult)), Kaik Brum (Abiú (Child)), Guilherme Winter (Moses), Rayana Carvalho (Adira), Sandro Rocha (Abirão)','Record TV, Casablanca',NULL,NULL,1,1,0,NULL,4,1,1,1,NULL,NULL,NULL,NULL,1,NULL,2,'2023-01-06 02:54:38',NULL,NULL,NULL,NULL,NULL,NULL,NULL,NULL,NULL,1,0,NULL,NULL,NULL,NULL,NULL,NULL,3,2),(221,8,1,94,'TMDB','1215481',NULL,NULL,NULL,'Episodio 94',2015,60,NULL,'pt','Vivian de Oliveira, Arme Manente, Rogério Passos, Anderson Souza, Hamsa Hood, Vivianne Jundi','','','Bianka Fernandes (Abigail), Daniel Siwek (Abiú (Adult)), Kaik Brum (Abiú (Child)), Guilherme Winter (Moses), Rayana Carvalho (Adira), Sandro Rocha (Abirão)','Record TV, Casablanca',NULL,NULL,1,1,0,NULL,4,1,1,1,NULL,NULL,NULL,NULL,1,NULL,2,'2023-01-06 02:54:38',NULL,NULL,NULL,NULL,NULL,NULL,NULL,NULL,NULL,1,0,NULL,NULL,NULL,NULL,NULL,NULL,3,2),(222,8,1,95,'TMDB','1215482',NULL,NULL,NULL,'Episodio 95',2015,60,NULL,'pt','Vivian de Oliveira, Arme Manente, Rogério Passos, Anderson Souza, Hamsa Hood, Vivianne Jundi','','','Bianka Fernandes (Abigail), Daniel Siwek (Abiú (Adult)), Kaik Brum (Abiú (Child)), Guilherme Winter (Moses), Rayana Carvalho (Adira), Sandro Rocha (Abirão)','Record TV, Casablanca',NULL,NULL,1,1,0,NULL,4,1,1,1,NULL,NULL,NULL,NULL,1,NULL,2,'2023-01-06 02:54:38',NULL,NULL,NULL,NULL,NULL,NULL,NULL,NULL,NULL,1,0,NULL,NULL,NULL,NULL,NULL,NULL,3,2),(223,8,1,96,'TMDB','1215483',NULL,NULL,NULL,'Episodio 96',2015,60,NULL,'pt','Vivian de Oliveira, Arme Manente, Rogério Passos, Anderson Souza, Hamsa Hood, Vivianne Jundi','','','Bianka Fernandes (Abigail), Daniel Siwek (Abiú (Adult)), Kaik Brum (Abiú (Child)), Guilherme Winter (Moses), Rayana Carvalho (Adira), Sandro Rocha (Abirão)','Record TV, Casablanca',NULL,NULL,1,1,0,NULL,4,1,1,1,NULL,NULL,NULL,NULL,1,NULL,2,'2023-01-06 02:54:38',NULL,NULL,NULL,NULL,NULL,NULL,NULL,NULL,NULL,1,0,NULL,NULL,NULL,NULL,NULL,NULL,3,2),(224,8,1,97,'TMDB','1215484',NULL,NULL,NULL,'Episodio 97',2015,60,NULL,'pt','Vivian de Oliveira, Arme Manente, Rogério Passos, Anderson Souza, Hamsa Hood, Vivianne Jundi','','','Bianka Fernandes (Abigail), Daniel Siwek (Abiú (Adult)), Kaik Brum (Abiú (Child)), Guilherme Winter (Moses), Rayana Carvalho (Adira), Sandro Rocha (Abirão)','Record TV, Casablanca',NULL,NULL,1,1,0,NULL,4,1,1,1,NULL,NULL,NULL,NULL,1,NULL,2,'2023-01-06 02:54:38',NULL,NULL,NULL,NULL,NULL,NULL,NULL,NULL,NULL,1,0,NULL,NULL,NULL,NULL,NULL,NULL,3,2),(225,8,1,98,'TMDB','1215485',NULL,NULL,NULL,'Episodio 98',2015,60,NULL,'pt','Vivian de Oliveira, Arme Manente, Rogério Passos, Anderson Souza, Hamsa Hood, Vivianne Jundi','','','Bianka Fernandes (Abigail), Daniel Siwek (Abiú (Adult)), Kaik Brum (Abiú (Child)), Guilherme Winter (Moses), Rayana Carvalho (Adira), Sandro Rocha (Abirão)','Record TV, Casablanca',NULL,NULL,1,1,0,NULL,4,1,1,1,NULL,NULL,NULL,NULL,1,NULL,2,'2023-01-06 02:54:38',NULL,NULL,NULL,NULL,NULL,NULL,NULL,NULL,NULL,1,0,NULL,NULL,NULL,NULL,NULL,NULL,3,2),(226,8,1,99,'TMDB','1215486',NULL,NULL,NULL,'Episodio 99',2015,60,NULL,'pt','Vivian de Oliveira, Arme Manente, Rogério Passos, Anderson Souza, Hamsa Hood, Vivianne Jundi','','','Bianka Fernandes (Abigail), Daniel Siwek (Abiú (Adult)), Kaik Brum (Abiú (Child)), Guilherme Winter (Moses), Rayana Carvalho (Adira), Sandro Rocha (Abirão)','Record TV, Casablanca',NULL,NULL,1,1,0,NULL,4,1,1,1,NULL,NULL,NULL,NULL,1,NULL,2,'2023-01-06 02:54:38',NULL,NULL,NULL,NULL,NULL,NULL,NULL,NULL,NULL,1,0,NULL,NULL,NULL,NULL,NULL,NULL,3,2),(227,8,1,100,'TMDB','1215487',NULL,NULL,NULL,'Episodio 100',2015,60,NULL,'pt','Vivian de Oliveira, Arme Manente, Rogério Passos, Anderson Souza, Hamsa Hood, Vivianne Jundi','','','Bianka Fernandes (Abigail), Daniel Siwek (Abiú (Adult)), Kaik Brum (Abiú (Child)), Guilherme Winter (Moses), Rayana Carvalho (Adira), Sandro Rocha (Abirão)','Record TV, Casablanca',NULL,NULL,1,1,0,NULL,4,1,1,1,NULL,NULL,NULL,NULL,1,NULL,2,'2023-01-06 02:54:38',NULL,NULL,NULL,NULL,NULL,NULL,NULL,NULL,NULL,1,0,NULL,NULL,NULL,NULL,NULL,NULL,3,2),(228,8,1,101,'TMDB','1215488',NULL,NULL,NULL,'Episodio 101',2015,60,NULL,'pt','Vivian de Oliveira, Arme Manente, Rogério Passos, Anderson Souza, Hamsa Hood, Vivianne Jundi','','','Bianka Fernandes (Abigail), Daniel Siwek (Abiú (Adult)), Kaik Brum (Abiú (Child)), Guilherme Winter (Moses), Rayana Carvalho (Adira), Sandro Rocha (Abirão)','Record TV, Casablanca',NULL,NULL,1,1,0,NULL,4,1,1,1,NULL,NULL,NULL,NULL,1,NULL,2,'2023-01-06 02:54:38',NULL,NULL,NULL,NULL,NULL,NULL,NULL,NULL,NULL,1,0,NULL,NULL,NULL,NULL,NULL,NULL,3,2),(229,8,1,102,'TMDB','1215489',NULL,NULL,NULL,'Episodio 102',2015,60,NULL,'pt','Vivian de Oliveira, Arme Manente, Rogério Passos, Anderson Souza, Hamsa Hood, Vivianne Jundi','','','Bianka Fernandes (Abigail), Daniel Siwek (Abiú (Adult)), Kaik Brum (Abiú (Child)), Guilherme Winter (Moses), Rayana Carvalho (Adira), Sandro Rocha (Abirão)','Record TV, Casablanca',NULL,NULL,1,1,0,NULL,4,1,1,1,NULL,NULL,NULL,NULL,1,NULL,2,'2023-01-06 02:54:38',NULL,NULL,NULL,NULL,NULL,NULL,NULL,NULL,NULL,1,0,NULL,NULL,NULL,NULL,NULL,NULL,3,2),(230,8,1,103,'TMDB','1215490',NULL,NULL,NULL,'Episodio 103',2015,60,NULL,'pt','Vivian de Oliveira, Arme Manente, Rogério Passos, Anderson Souza, Hamsa Hood, Vivianne Jundi','','','Bianka Fernandes (Abigail), Daniel Siwek (Abiú (Adult)), Kaik Brum (Abiú (Child)), Guilherme Winter (Moses), Rayana Carvalho (Adira), Sandro Rocha (Abirão)','Record TV, Casablanca',NULL,NULL,1,1,0,NULL,4,1,1,1,NULL,NULL,NULL,NULL,1,NULL,2,'2023-01-06 02:54:38',NULL,NULL,NULL,NULL,NULL,NULL,NULL,NULL,NULL,1,0,NULL,NULL,NULL,NULL,NULL,NULL,3,2),(231,8,1,104,'TMDB','1215491',NULL,NULL,NULL,'Episodio 104',2015,60,NULL,'pt','Vivian de Oliveira, Arme Manente, Rogério Passos, Anderson Souza, Hamsa Hood, Vivianne Jundi','','','Bianka Fernandes (Abigail), Daniel Siwek (Abiú (Adult)), Kaik Brum (Abiú (Child)), Guilherme Winter (Moses), Rayana Carvalho (Adira), Sandro Rocha (Abirão)','Record TV, Casablanca',NULL,NULL,1,1,0,NULL,4,1,1,1,NULL,NULL,NULL,NULL,1,NULL,2,'2023-01-06 02:54:38',NULL,NULL,NULL,NULL,NULL,NULL,NULL,NULL,NULL,1,0,NULL,NULL,NULL,NULL,NULL,NULL,3,2),(232,8,1,105,'TMDB','1215492',NULL,NULL,NULL,'Episodio 105',2015,60,NULL,'pt','Vivian de Oliveira, Arme Manente, Rogério Passos, Anderson Souza, Hamsa Hood, Vivianne Jundi','','','Bianka Fernandes (Abigail), Daniel Siwek (Abiú (Adult)), Kaik Brum (Abiú (Child)), Guilherme Winter (Moses), Rayana Carvalho (Adira), Sandro Rocha (Abirão)','Record TV, Casablanca',NULL,NULL,1,1,0,NULL,4,1,1,1,NULL,NULL,NULL,NULL,1,NULL,2,'2023-01-06 02:54:38',NULL,NULL,NULL,NULL,NULL,NULL,NULL,NULL,NULL,1,0,NULL,NULL,NULL,NULL,NULL,NULL,3,2),(233,8,1,106,'TMDB','1215493',NULL,NULL,NULL,'Episodio 106',2015,60,NULL,'pt','Vivian de Oliveira, Arme Manente, Rogério Passos, Anderson Souza, Hamsa Hood, Vivianne Jundi','','','Bianka Fernandes (Abigail), Daniel Siwek (Abiú (Adult)), Kaik Brum (Abiú (Child)), Guilherme Winter (Moses), Rayana Carvalho (Adira), Sandro Rocha (Abirão)','Record TV, Casablanca',NULL,NULL,1,1,0,NULL,4,1,1,1,NULL,NULL,NULL,NULL,1,NULL,2,'2023-01-06 02:54:38',NULL,NULL,NULL,NULL,NULL,NULL,NULL,NULL,NULL,1,0,NULL,NULL,NULL,NULL,NULL,NULL,3,2),(234,8,1,107,'TMDB','1215494',NULL,NULL,NULL,'Episodio 107',2015,60,NULL,'pt','Vivian de Oliveira, Arme Manente, Rogério Passos, Anderson Souza, Hamsa Hood, Vivianne Jundi','','','Bianka Fernandes (Abigail), Daniel Siwek (Abiú (Adult)), Kaik Brum (Abiú (Child)), Guilherme Winter (Moses), Rayana Carvalho (Adira), Sandro Rocha (Abirão)','Record TV, Casablanca',NULL,NULL,1,1,0,NULL,4,1,1,1,NULL,NULL,NULL,NULL,1,NULL,2,'2023-01-06 02:54:38',NULL,NULL,NULL,NULL,NULL,NULL,NULL,NULL,NULL,1,0,NULL,NULL,NULL,NULL,NULL,NULL,3,2),(235,8,1,108,'TMDB','1215495',NULL,NULL,NULL,'Episodio 108',2015,60,NULL,'pt','Vivian de Oliveira, Arme Manente, Rogério Passos, Anderson Souza, Hamsa Hood, Vivianne Jundi','','','Bianka Fernandes (Abigail), Daniel Siwek (Abiú (Adult)), Kaik Brum (Abiú (Child)), Guilherme Winter (Moses), Rayana Carvalho (Adira), Sandro Rocha (Abirão)','Record TV, Casablanca',NULL,NULL,1,1,0,NULL,4,1,1,1,NULL,NULL,NULL,NULL,1,NULL,2,'2023-01-06 02:54:38',NULL,NULL,NULL,NULL,NULL,NULL,NULL,NULL,NULL,1,0,NULL,NULL,NULL,NULL,NULL,NULL,3,2),(236,8,1,109,'TMDB','1215496',NULL,NULL,NULL,'Episodio 109',2015,60,NULL,'pt','Vivian de Oliveira, Arme Manente, Rogério Passos, Anderson Souza, Hamsa Hood, Vivianne Jundi','','','Bianka Fernandes (Abigail), Daniel Siwek (Abiú (Adult)), Kaik Brum (Abiú (Child)), Guilherme Winter (Moses), Rayana Carvalho (Adira), Sandro Rocha (Abirão)','Record TV, Casablanca',NULL,NULL,1,1,0,NULL,4,1,1,1,NULL,NULL,NULL,NULL,1,NULL,2,'2023-01-06 02:54:38',NULL,NULL,NULL,NULL,NULL,NULL,NULL,NULL,NULL,1,0,NULL,NULL,NULL,NULL,NULL,NULL,3,2),(237,8,1,110,'TMDB','1215497',NULL,NULL,NULL,'Episodio 110',2015,60,NULL,'pt','Vivian de Oliveira, Arme Manente, Rogério Passos, Anderson Souza, Hamsa Hood, Vivianne Jundi','','','Bianka Fernandes (Abigail), Daniel Siwek (Abiú (Adult)), Kaik Brum (Abiú (Child)), Guilherme Winter (Moses), Rayana Carvalho (Adira), Sandro Rocha (Abirão)','Record TV, Casablanca',NULL,NULL,1,1,0,NULL,4,1,1,1,NULL,NULL,NULL,NULL,1,NULL,2,'2023-01-06 02:54:38',NULL,NULL,NULL,NULL,NULL,NULL,NULL,NULL,NULL,1,0,NULL,NULL,NULL,NULL,NULL,NULL,3,2),(238,8,1,111,'TMDB','1215498',NULL,NULL,NULL,'Episodio 111',2015,60,NULL,'pt','Vivian de Oliveira, Arme Manente, Rogério Passos, Anderson Souza, Hamsa Hood, Vivianne Jundi','','','Bianka Fernandes (Abigail), Daniel Siwek (Abiú (Adult)), Kaik Brum (Abiú (Child)), Guilherme Winter (Moses), Rayana Carvalho (Adira), Sandro Rocha (Abirão)','Record TV, Casablanca',NULL,NULL,1,1,0,NULL,4,1,1,1,NULL,NULL,NULL,NULL,1,NULL,2,'2023-01-06 02:54:38',NULL,NULL,NULL,NULL,NULL,NULL,NULL,NULL,NULL,1,0,NULL,NULL,NULL,NULL,NULL,NULL,3,2),(239,8,1,112,'TMDB','1215499',NULL,NULL,NULL,'Episodio 112',2015,60,NULL,'pt','Vivian de Oliveira, Arme Manente, Rogério Passos, Anderson Souza, Hamsa Hood, Vivianne Jundi','','','Bianka Fernandes (Abigail), Daniel Siwek (Abiú (Adult)), Kaik Brum (Abiú (Child)), Guilherme Winter (Moses), Rayana Carvalho (Adira), Sandro Rocha (Abirão)','Record TV, Casablanca',NULL,NULL,1,1,0,NULL,4,1,1,1,NULL,NULL,NULL,NULL,1,NULL,2,'2023-01-06 02:54:38',NULL,NULL,NULL,NULL,NULL,NULL,NULL,NULL,NULL,1,0,NULL,NULL,NULL,NULL,NULL,NULL,3,2),(240,8,1,113,'TMDB','1215500',NULL,NULL,NULL,'Episodio 113',2015,60,NULL,'pt','Vivian de Oliveira, Arme Manente, Rogério Passos, Anderson Souza, Hamsa Hood, Vivianne Jundi','','','Bianka Fernandes (Abigail), Daniel Siwek (Abiú (Adult)), Kaik Brum (Abiú (Child)), Guilherme Winter (Moses), Rayana Carvalho (Adira), Sandro Rocha (Abirão)','Record TV, Casablanca',NULL,NULL,1,1,0,NULL,4,1,1,1,NULL,NULL,NULL,NULL,1,NULL,2,'2023-01-06 02:54:38',NULL,NULL,NULL,NULL,NULL,NULL,NULL,NULL,NULL,1,0,NULL,NULL,NULL,NULL,NULL,NULL,3,2),(241,8,1,114,'TMDB','1215501',NULL,NULL,NULL,'Episodio 114',2015,60,NULL,'pt','Vivian de Oliveira, Arme Manente, Rogério Passos, Anderson Souza, Hamsa Hood, Vivianne Jundi','','','Bianka Fernandes (Abigail), Daniel Siwek (Abiú (Adult)), Kaik Brum (Abiú (Child)), Guilherme Winter (Moses), Rayana Carvalho (Adira), Sandro Rocha (Abirão)','Record TV, Casablanca',NULL,NULL,1,1,0,NULL,4,1,1,1,NULL,NULL,NULL,NULL,1,NULL,2,'2023-01-06 02:54:38',NULL,NULL,NULL,NULL,NULL,NULL,NULL,NULL,NULL,1,0,NULL,NULL,NULL,NULL,NULL,NULL,3,2),(242,8,1,115,'TMDB','1215502',NULL,NULL,NULL,'Episodio 115',2015,60,NULL,'pt','Vivian de Oliveira, Arme Manente, Rogério Passos, Anderson Souza, Hamsa Hood, Vivianne Jundi','','','Bianka Fernandes (Abigail), Daniel Siwek (Abiú (Adult)), Kaik Brum (Abiú (Child)), Guilherme Winter (Moses), Rayana Carvalho (Adira), Sandro Rocha (Abirão)','Record TV, Casablanca',NULL,NULL,1,1,0,NULL,4,1,1,1,NULL,NULL,NULL,NULL,1,NULL,2,'2023-01-06 02:54:38',NULL,NULL,NULL,NULL,NULL,NULL,NULL,NULL,NULL,1,0,NULL,NULL,NULL,NULL,NULL,NULL,3,2),(243,8,1,116,'TMDB','1215503',NULL,NULL,NULL,'Episodio 116',2015,60,NULL,'pt','Vivian de Oliveira, Arme Manente, Rogério Passos, Anderson Souza, Hamsa Hood, Vivianne Jundi','','','Bianka Fernandes (Abigail), Daniel Siwek (Abiú (Adult)), Kaik Brum (Abiú (Child)), Guilherme Winter (Moses), Rayana Carvalho (Adira), Sandro Rocha (Abirão)','Record TV, Casablanca',NULL,NULL,1,1,0,NULL,4,1,1,1,NULL,NULL,NULL,NULL,1,NULL,2,'2023-01-06 02:54:38',NULL,NULL,NULL,NULL,NULL,NULL,NULL,NULL,NULL,1,0,NULL,NULL,NULL,NULL,NULL,NULL,3,2),(244,8,1,117,'TMDB','1215504',NULL,NULL,NULL,'Episodio 117',2015,60,NULL,'pt','Vivian de Oliveira, Arme Manente, Rogério Passos, Anderson Souza, Hamsa Hood, Vivianne Jundi','','','Bianka Fernandes (Abigail), Daniel Siwek (Abiú (Adult)), Kaik Brum (Abiú (Child)), Guilherme Winter (Moses), Rayana Carvalho (Adira), Sandro Rocha (Abirão)','Record TV, Casablanca',NULL,NULL,1,1,0,NULL,4,1,1,1,NULL,NULL,NULL,NULL,1,NULL,2,'2023-01-06 02:54:38',NULL,NULL,NULL,NULL,NULL,NULL,NULL,NULL,NULL,1,0,NULL,NULL,NULL,NULL,NULL,NULL,3,2),(245,8,1,118,'TMDB','1215505',NULL,NULL,NULL,'Episodio 118',2015,60,NULL,'pt','Vivian de Oliveira, Arme Manente, Rogério Passos, Anderson Souza, Hamsa Hood, Vivianne Jundi','','','Bianka Fernandes (Abigail), Daniel Siwek (Abiú (Adult)), Kaik Brum (Abiú (Child)), Guilherme Winter (Moses), Rayana Carvalho (Adira), Sandro Rocha (Abirão)','Record TV, Casablanca',NULL,NULL,1,1,0,NULL,4,1,1,1,NULL,NULL,NULL,NULL,1,NULL,2,'2023-01-06 02:54:38',NULL,NULL,NULL,NULL,NULL,NULL,NULL,NULL,NULL,1,0,NULL,NULL,NULL,NULL,NULL,NULL,3,2),(246,8,1,119,'TMDB','1215506',NULL,NULL,NULL,'Episodio 119',2015,60,NULL,'pt','Vivian de Oliveira, Arme Manente, Rogério Passos, Anderson Souza, Hamsa Hood, Vivianne Jundi','','','Bianka Fernandes (Abigail), Daniel Siwek (Abiú (Adult)), Kaik Brum (Abiú (Child)), Guilherme Winter (Moses), Rayana Carvalho (Adira), Sandro Rocha (Abirão)','Record TV, Casablanca',NULL,NULL,1,1,0,NULL,4,1,1,1,NULL,NULL,NULL,NULL,1,NULL,2,'2023-01-06 02:54:38',NULL,NULL,NULL,NULL,NULL,NULL,NULL,NULL,NULL,1,0,NULL,NULL,NULL,NULL,NULL,NULL,3,2),(247,8,1,120,'TMDB','1215507',NULL,NULL,NULL,'Episodio 120',2015,60,NULL,'pt','Vivian de Oliveira, Arme Manente, Rogério Passos, Anderson Souza, Hamsa Hood, Vivianne Jundi','','','Bianka Fernandes (Abigail), Daniel Siwek (Abiú (Adult)), Kaik Brum (Abiú (Child)), Guilherme Winter (Moses), Rayana Carvalho (Adira), Sandro Rocha (Abirão)','Record TV, Casablanca',NULL,NULL,1,1,0,NULL,4,1,1,1,NULL,NULL,NULL,NULL,1,NULL,2,'2023-01-06 02:54:38',NULL,NULL,NULL,NULL,NULL,NULL,NULL,NULL,NULL,1,0,NULL,NULL,NULL,NULL,NULL,NULL,3,2),(248,8,1,121,'TMDB','1215508',NULL,NULL,NULL,'Episodio 121',2015,60,NULL,'pt','Vivian de Oliveira, Arme Manente, Rogério Passos, Anderson Souza, Hamsa Hood, Vivianne Jundi','','','Bianka Fernandes (Abigail), Daniel Siwek (Abiú (Adult)), Kaik Brum (Abiú (Child)), Guilherme Winter (Moses), Rayana Carvalho (Adira), Sandro Rocha (Abirão)','Record TV, Casablanca',NULL,NULL,1,1,0,NULL,4,1,1,1,NULL,NULL,NULL,NULL,1,NULL,2,'2023-01-06 02:54:38',NULL,NULL,NULL,NULL,NULL,NULL,NULL,NULL,NULL,1,0,NULL,NULL,NULL,NULL,NULL,NULL,3,2),(249,8,1,122,'TMDB','1215509',NULL,NULL,NULL,'Episodio 122',2015,60,NULL,'pt','Vivian de Oliveira, Arme Manente, Rogério Passos, Anderson Souza, Hamsa Hood, Vivianne Jundi','','','Bianka Fernandes (Abigail), Daniel Siwek (Abiú (Adult)), Kaik Brum (Abiú (Child)), Guilherme Winter (Moses), Rayana Carvalho (Adira), Sandro Rocha (Abirão)','Record TV, Casablanca',NULL,NULL,1,1,0,NULL,4,1,1,1,NULL,NULL,NULL,NULL,1,NULL,2,'2023-01-06 02:54:38',NULL,NULL,NULL,NULL,NULL,NULL,NULL,NULL,NULL,1,0,NULL,NULL,NULL,NULL,NULL,NULL,3,2),(250,8,1,123,'TMDB','1215510',NULL,NULL,NULL,'Episodio 123',2015,60,NULL,'pt','Vivian de Oliveira, Arme Manente, Rogério Passos, Anderson Souza, Hamsa Hood, Vivianne Jundi','','','Bianka Fernandes (Abigail), Daniel Siwek (Abiú (Adult)), Kaik Brum (Abiú (Child)), Guilherme Winter (Moses), Rayana Carvalho (Adira), Sandro Rocha (Abirão)','Record TV, Casablanca',NULL,NULL,1,1,0,NULL,4,1,1,1,NULL,NULL,NULL,NULL,1,NULL,2,'2023-01-06 02:54:38',NULL,NULL,NULL,NULL,NULL,NULL,NULL,NULL,NULL,1,0,NULL,NULL,NULL,NULL,NULL,NULL,3,2),(251,8,1,124,'TMDB','1215511',NULL,NULL,NULL,'Episodio 124',2015,60,NULL,'pt','Vivian de Oliveira, Arme Manente, Rogério Passos, Anderson Souza, Hamsa Hood, Vivianne Jundi','','','Bianka Fernandes (Abigail), Daniel Siwek (Abiú (Adult)), Kaik Brum (Abiú (Child)), Guilherme Winter (Moses), Rayana Carvalho (Adira), Sandro Rocha (Abirão)','Record TV, Casablanca',NULL,NULL,1,1,0,NULL,4,1,1,1,NULL,NULL,NULL,NULL,1,NULL,2,'2023-01-06 02:54:38',NULL,NULL,NULL,NULL,NULL,NULL,NULL,NULL,NULL,1,0,NULL,NULL,NULL,NULL,NULL,NULL,3,2),(252,8,1,125,'TMDB','1215512',NULL,NULL,NULL,'Episodio 125',2015,60,NULL,'pt','Vivian de Oliveira, Arme Manente, Rogério Passos, Anderson Souza, Hamsa Hood, Vivianne Jundi','','','Bianka Fernandes (Abigail), Daniel Siwek (Abiú (Adult)), Kaik Brum (Abiú (Child)), Guilherme Winter (Moses), Rayana Carvalho (Adira), Sandro Rocha (Abirão)','Record TV, Casablanca',NULL,NULL,1,1,0,NULL,4,1,1,1,NULL,NULL,NULL,NULL,1,NULL,2,'2023-01-06 02:54:38',NULL,NULL,NULL,NULL,NULL,NULL,NULL,NULL,NULL,1,0,NULL,NULL,NULL,NULL,NULL,NULL,3,2),(253,8,1,126,'TMDB','1215513',NULL,NULL,NULL,'Episodio 126',2015,60,NULL,'pt','Vivian de Oliveira, Arme Manente, Rogério Passos, Anderson Souza, Hamsa Hood, Vivianne Jundi','','','Bianka Fernandes (Abigail), Daniel Siwek (Abiú (Adult)), Kaik Brum (Abiú (Child)), Guilherme Winter (Moses), Rayana Carvalho (Adira), Sandro Rocha (Abirão)','Record TV, Casablanca',NULL,NULL,1,1,0,NULL,4,1,1,1,NULL,NULL,NULL,NULL,1,NULL,2,'2023-01-06 02:54:38',NULL,NULL,NULL,NULL,NULL,NULL,NULL,NULL,NULL,1,0,NULL,NULL,NULL,NULL,NULL,NULL,3,2),(254,8,1,127,'TMDB','1215514',NULL,NULL,NULL,'Episodio 127',2015,60,NULL,'pt','Vivian de Oliveira, Arme Manente, Rogério Passos, Anderson Souza, Hamsa Hood, Vivianne Jundi','','','Bianka Fernandes (Abigail), Daniel Siwek (Abiú (Adult)), Kaik Brum (Abiú (Child)), Guilherme Winter (Moses), Rayana Carvalho (Adira), Sandro Rocha (Abirão)','Record TV, Casablanca',NULL,NULL,1,1,0,NULL,4,1,1,1,NULL,NULL,NULL,NULL,1,NULL,2,'2023-01-06 02:54:38',NULL,NULL,NULL,NULL,NULL,NULL,NULL,NULL,NULL,1,0,NULL,NULL,NULL,NULL,NULL,NULL,3,2),(255,8,1,128,'TMDB','1215515',NULL,NULL,NULL,'Episodio 128',2015,60,NULL,'pt','Vivian de Oliveira, Arme Manente, Rogério Passos, Anderson Souza, Hamsa Hood, Vivianne Jundi','','','Bianka Fernandes (Abigail), Daniel Siwek (Abiú (Adult)), Kaik Brum (Abiú (Child)), Guilherme Winter (Moses), Rayana Carvalho (Adira), Sandro Rocha (Abirão)','Record TV, Casablanca',NULL,NULL,1,1,0,NULL,4,1,1,1,NULL,NULL,NULL,NULL,1,NULL,2,'2023-01-06 02:54:38',NULL,NULL,NULL,NULL,NULL,NULL,NULL,NULL,NULL,1,0,NULL,NULL,NULL,NULL,NULL,NULL,3,2),(256,8,1,129,'TMDB','1215516',NULL,NULL,NULL,'Episodio 129',2015,60,NULL,'pt','Vivian de Oliveira, Arme Manente, Rogério Passos, Anderson Souza, Hamsa Hood, Vivianne Jundi','','','Bianka Fernandes (Abigail), Daniel Siwek (Abiú (Adult)), Kaik Brum (Abiú (Child)), Guilherme Winter (Moses), Rayana Carvalho (Adira), Sandro Rocha (Abirão)','Record TV, Casablanca',NULL,NULL,1,1,0,NULL,4,1,1,1,NULL,NULL,NULL,NULL,1,NULL,2,'2023-01-06 02:54:38',NULL,NULL,NULL,NULL,NULL,NULL,NULL,NULL,NULL,1,0,NULL,NULL,NULL,NULL,NULL,NULL,3,2),(257,8,1,130,'TMDB','1215517',NULL,NULL,NULL,'Episodio 130',2015,60,NULL,'pt','Vivian de Oliveira, Arme Manente, Rogério Passos, Anderson Souza, Hamsa Hood, Vivianne Jundi','','','Bianka Fernandes (Abigail), Daniel Siwek (Abiú (Adult)), Kaik Brum (Abiú (Child)), Guilherme Winter (Moses), Rayana Carvalho (Adira), Sandro Rocha (Abirão)','Record TV, Casablanca',NULL,NULL,1,1,0,NULL,4,1,1,1,NULL,NULL,NULL,NULL,1,NULL,2,'2023-01-06 02:54:38',NULL,NULL,NULL,NULL,NULL,NULL,NULL,NULL,NULL,1,0,NULL,NULL,NULL,NULL,NULL,NULL,3,2),(258,8,1,131,'TMDB','1215518',NULL,NULL,NULL,'Episodio 131',2015,60,NULL,'pt','Vivian de Oliveira, Arme Manente, Rogério Passos, Anderson Souza, Hamsa Hood, Vivianne Jundi','','','Bianka Fernandes (Abigail), Daniel Siwek (Abiú (Adult)), Kaik Brum (Abiú (Child)), Guilherme Winter (Moses), Rayana Carvalho (Adira), Sandro Rocha (Abirão)','Record TV, Casablanca',NULL,NULL,1,1,0,NULL,4,1,1,1,NULL,NULL,NULL,NULL,1,NULL,2,'2023-01-06 02:54:38',NULL,NULL,NULL,NULL,NULL,NULL,NULL,NULL,NULL,1,0,NULL,NULL,NULL,NULL,NULL,NULL,3,2),(259,8,1,132,'TMDB','1215519',NULL,NULL,NULL,'Episodio 132',2015,60,NULL,'pt','Vivian de Oliveira, Arme Manente, Rogério Passos, Anderson Souza, Hamsa Hood, Vivianne Jundi','','','Bianka Fernandes (Abigail), Daniel Siwek (Abiú (Adult)), Kaik Brum (Abiú (Child)), Guilherme Winter (Moses), Rayana Carvalho (Adira), Sandro Rocha (Abirão)','Record TV, Casablanca',NULL,NULL,1,1,0,NULL,4,1,1,1,NULL,NULL,NULL,NULL,1,NULL,2,'2023-01-06 02:54:38',NULL,NULL,NULL,NULL,NULL,NULL,NULL,NULL,NULL,1,0,NULL,NULL,NULL,NULL,NULL,NULL,3,2),(260,8,1,133,'TMDB','1215520',NULL,NULL,NULL,'Episodio 133',2015,60,NULL,'pt','Vivian de Oliveira, Arme Manente, Rogério Passos, Anderson Souza, Hamsa Hood, Vivianne Jundi','','','Bianka Fernandes (Abigail), Daniel Siwek (Abiú (Adult)), Kaik Brum (Abiú (Child)), Guilherme Winter (Moses), Rayana Carvalho (Adira), Sandro Rocha (Abirão)','Record TV, Casablanca',NULL,NULL,1,1,0,NULL,4,1,1,1,NULL,NULL,NULL,NULL,1,NULL,2,'2023-01-06 02:54:38',NULL,NULL,NULL,NULL,NULL,NULL,NULL,NULL,NULL,1,0,NULL,NULL,NULL,NULL,NULL,NULL,3,2),(261,8,1,134,'TMDB','1215521',NULL,NULL,NULL,'Episodio 134',2015,60,NULL,'pt','Vivian de Oliveira, Arme Manente, Rogério Passos, Anderson Souza, Hamsa Hood, Vivianne Jundi','','','Bianka Fernandes (Abigail), Daniel Siwek (Abiú (Adult)), Kaik Brum (Abiú (Child)), Guilherme Winter (Moses), Rayana Carvalho (Adira), Sandro Rocha (Abirão)','Record TV, Casablanca',NULL,NULL,1,1,0,NULL,4,1,1,1,NULL,NULL,NULL,NULL,1,NULL,2,'2023-01-06 02:54:38',NULL,NULL,NULL,NULL,NULL,NULL,NULL,NULL,NULL,1,0,NULL,NULL,NULL,NULL,NULL,NULL,3,2),(262,8,1,135,'TMDB','1215522',NULL,NULL,NULL,'Episodio 135',2015,60,NULL,'pt','Vivian de Oliveira, Arme Manente, Rogério Passos, Anderson Souza, Hamsa Hood, Vivianne Jundi','','','Bianka Fernandes (Abigail), Daniel Siwek (Abiú (Adult)), Kaik Brum (Abiú (Child)), Guilherme Winter (Moses), Rayana Carvalho (Adira), Sandro Rocha (Abirão)','Record TV, Casablanca',NULL,NULL,1,1,0,NULL,4,1,1,1,NULL,NULL,NULL,NULL,1,NULL,2,'2023-01-06 02:54:38',NULL,NULL,NULL,NULL,NULL,NULL,NULL,NULL,NULL,1,0,NULL,NULL,NULL,NULL,NULL,NULL,3,2),(263,8,1,136,'TMDB','1215523',NULL,NULL,NULL,'Episodio 136',2015,60,NULL,'pt','Vivian de Oliveira, Arme Manente, Rogério Passos, Anderson Souza, Hamsa Hood, Vivianne Jundi','','','Bianka Fernandes (Abigail), Daniel Siwek (Abiú (Adult)), Kaik Brum (Abiú (Child)), Guilherme Winter (Moses), Rayana Carvalho (Adira), Sandro Rocha (Abirão)','Record TV, Casablanca',NULL,NULL,1,1,0,NULL,4,1,1,1,NULL,NULL,NULL,NULL,1,NULL,2,'2023-01-06 02:54:38',NULL,NULL,NULL,NULL,NULL,NULL,NULL,NULL,NULL,1,0,NULL,NULL,NULL,NULL,NULL,NULL,3,2),(264,8,1,137,'TMDB','1215524',NULL,NULL,NULL,'Episodio 137',2015,60,NULL,'pt','Vivian de Oliveira, Arme Manente, Rogério Passos, Anderson Souza, Hamsa Hood, Vivianne Jundi','','','Bianka Fernandes (Abigail), Daniel Siwek (Abiú (Adult)), Kaik Brum (Abiú (Child)), Guilherme Winter (Moses), Rayana Carvalho (Adira), Sandro Rocha (Abirão)','Record TV, Casablanca',NULL,NULL,1,1,0,NULL,4,1,1,1,NULL,NULL,NULL,NULL,1,NULL,2,'2023-01-06 02:54:38',NULL,NULL,NULL,NULL,NULL,NULL,NULL,NULL,NULL,1,0,NULL,NULL,NULL,NULL,NULL,NULL,3,2),(265,8,1,138,'TMDB','1215525',NULL,NULL,NULL,'Episodio 138',2015,60,NULL,'pt','Vivian de Oliveira, Arme Manente, Rogério Passos, Anderson Souza, Hamsa Hood, Vivianne Jundi','','','Bianka Fernandes (Abigail), Daniel Siwek (Abiú (Adult)), Kaik Brum (Abiú (Child)), Guilherme Winter (Moses), Rayana Carvalho (Adira), Sandro Rocha (Abirão)','Record TV, Casablanca',NULL,NULL,1,1,0,NULL,4,1,1,1,NULL,NULL,NULL,NULL,1,NULL,2,'2023-01-06 02:54:38',NULL,NULL,NULL,NULL,NULL,NULL,NULL,NULL,NULL,1,0,NULL,NULL,NULL,NULL,NULL,NULL,3,2),(266,8,1,139,'TMDB','1215526',NULL,NULL,NULL,'Episodio 139',2015,60,NULL,'pt','Vivian de Oliveira, Arme Manente, Rogério Passos, Anderson Souza, Hamsa Hood, Vivianne Jundi','','','Bianka Fernandes (Abigail), Daniel Siwek (Abiú (Adult)), Kaik Brum (Abiú (Child)), Guilherme Winter (Moses), Rayana Carvalho (Adira), Sandro Rocha (Abirão)','Record TV, Casablanca',NULL,NULL,1,1,0,NULL,4,1,1,1,NULL,NULL,NULL,NULL,1,NULL,2,'2023-01-06 02:54:38',NULL,NULL,NULL,NULL,NULL,NULL,NULL,NULL,NULL,1,0,NULL,NULL,NULL,NULL,NULL,NULL,3,2),(267,8,1,140,'TMDB','1215527',NULL,NULL,NULL,'Episodio 140',2015,60,NULL,'pt','Vivian de Oliveira, Arme Manente, Rogério Passos, Anderson Souza, Hamsa Hood, Vivianne Jundi','','','Bianka Fernandes (Abigail), Daniel Siwek (Abiú (Adult)), Kaik Brum (Abiú (Child)), Guilherme Winter (Moses), Rayana Carvalho (Adira), Sandro Rocha (Abirão)','Record TV, Casablanca',NULL,NULL,1,1,0,NULL,4,1,1,1,NULL,NULL,NULL,NULL,1,NULL,2,'2023-01-06 02:54:38',NULL,NULL,NULL,NULL,NULL,NULL,NULL,NULL,NULL,1,0,NULL,NULL,NULL,NULL,NULL,NULL,3,2),(268,8,1,141,'TMDB','1215528',NULL,NULL,NULL,'Episodio 141',2015,60,NULL,'pt','Vivian de Oliveira, Arme Manente, Rogério Passos, Anderson Souza, Hamsa Hood, Vivianne Jundi','','','Bianka Fernandes (Abigail), Daniel Siwek (Abiú (Adult)), Kaik Brum (Abiú (Child)), Guilherme Winter (Moses), Rayana Carvalho (Adira), Sandro Rocha (Abirão)','Record TV, Casablanca',NULL,NULL,1,1,0,NULL,4,1,1,1,NULL,NULL,NULL,NULL,1,NULL,2,'2023-01-06 02:54:38',NULL,NULL,NULL,NULL,NULL,NULL,NULL,NULL,NULL,1,0,NULL,NULL,NULL,NULL,NULL,NULL,3,2),(269,8,1,142,'TMDB','1215529',NULL,NULL,NULL,'Episodio 142',2015,60,NULL,'pt','Vivian de Oliveira, Arme Manente, Rogério Passos, Anderson Souza, Hamsa Hood, Vivianne Jundi','','','Bianka Fernandes (Abigail), Daniel Siwek (Abiú (Adult)), Kaik Brum (Abiú (Child)), Guilherme Winter (Moses), Rayana Carvalho (Adira), Sandro Rocha (Abirão)','Record TV, Casablanca',NULL,NULL,1,1,0,NULL,4,1,1,1,NULL,NULL,NULL,NULL,1,NULL,2,'2023-01-06 02:54:38',NULL,NULL,NULL,NULL,NULL,NULL,NULL,NULL,NULL,1,0,NULL,NULL,NULL,NULL,NULL,NULL,3,2),(270,8,1,143,'TMDB','1215530',NULL,NULL,NULL,'Episodio 143',2015,60,NULL,'pt','Vivian de Oliveira, Arme Manente, Rogério Passos, Anderson Souza, Hamsa Hood, Vivianne Jundi','','','Bianka Fernandes (Abigail), Daniel Siwek (Abiú (Adult)), Kaik Brum (Abiú (Child)), Guilherme Winter (Moses), Rayana Carvalho (Adira), Sandro Rocha (Abirão)','Record TV, Casablanca',NULL,NULL,1,1,0,NULL,4,1,1,1,NULL,NULL,NULL,NULL,1,NULL,2,'2023-01-06 02:54:38',NULL,NULL,NULL,NULL,NULL,NULL,NULL,NULL,NULL,1,0,NULL,NULL,NULL,NULL,NULL,NULL,3,2),(271,8,1,144,'TMDB','1215531',NULL,NULL,NULL,'Episodio 144',2015,60,NULL,'pt','Vivian de Oliveira, Arme Manente, Rogério Passos, Anderson Souza, Hamsa Hood, Vivianne Jundi','','','Bianka Fernandes (Abigail), Daniel Siwek (Abiú (Adult)), Kaik Brum (Abiú (Child)), Guilherme Winter (Moses), Rayana Carvalho (Adira), Sandro Rocha (Abirão)','Record TV, Casablanca',NULL,NULL,1,1,0,NULL,4,1,1,1,NULL,NULL,NULL,NULL,1,NULL,2,'2023-01-06 02:54:38',NULL,NULL,NULL,NULL,NULL,NULL,NULL,NULL,NULL,1,0,NULL,NULL,NULL,NULL,NULL,NULL,3,2),(272,8,1,145,'TMDB','1215532',NULL,NULL,NULL,'Episodio 145',2015,60,NULL,'pt','Vivian de Oliveira, Arme Manente, Rogério Passos, Anderson Souza, Hamsa Hood, Vivianne Jundi','','','Bianka Fernandes (Abigail), Daniel Siwek (Abiú (Adult)), Kaik Brum (Abiú (Child)), Guilherme Winter (Moses), Rayana Carvalho (Adira), Sandro Rocha (Abirão)','Record TV, Casablanca',NULL,NULL,1,1,0,NULL,4,1,1,1,NULL,NULL,NULL,NULL,1,NULL,2,'2023-01-06 02:54:38',NULL,NULL,NULL,NULL,NULL,NULL,NULL,NULL,NULL,1,0,NULL,NULL,NULL,NULL,NULL,NULL,3,2),(273,8,1,146,'TMDB','1215533',NULL,NULL,NULL,'Episodio 146',2015,60,NULL,'pt','Vivian de Oliveira, Arme Manente, Rogério Passos, Anderson Souza, Hamsa Hood, Vivianne Jundi','','','Bianka Fernandes (Abigail), Daniel Siwek (Abiú (Adult)), Kaik Brum (Abiú (Child)), Guilherme Winter (Moses), Rayana Carvalho (Adira), Sandro Rocha (Abirão)','Record TV, Casablanca',NULL,NULL,1,1,0,NULL,4,1,1,1,NULL,NULL,NULL,NULL,1,NULL,2,'2023-01-06 02:54:38',NULL,NULL,NULL,NULL,NULL,NULL,NULL,NULL,NULL,1,0,NULL,NULL,NULL,NULL,NULL,NULL,3,2),(274,8,1,147,'TMDB','1215534',NULL,NULL,NULL,'Episodio 147',2015,60,NULL,'pt','Vivian de Oliveira, Arme Manente, Rogério Passos, Anderson Souza, Hamsa Hood, Vivianne Jundi','','','Bianka Fernandes (Abigail), Daniel Siwek (Abiú (Adult)), Kaik Brum (Abiú (Child)), Guilherme Winter (Moses), Rayana Carvalho (Adira), Sandro Rocha (Abirão)','Record TV, Casablanca',NULL,NULL,1,1,0,NULL,4,1,1,1,NULL,NULL,NULL,NULL,1,NULL,2,'2023-01-06 02:54:38',NULL,NULL,NULL,NULL,NULL,NULL,NULL,NULL,NULL,1,0,NULL,NULL,NULL,NULL,NULL,NULL,3,2),(275,8,1,148,'TMDB','1215535',NULL,NULL,NULL,'Episodio 148',2015,60,NULL,'pt','Vivian de Oliveira, Arme Manente, Rogério Passos, Anderson Souza, Hamsa Hood, Vivianne Jundi','','','Bianka Fernandes (Abigail), Daniel Siwek (Abiú (Adult)), Kaik Brum (Abiú (Child)), Guilherme Winter (Moses), Rayana Carvalho (Adira), Sandro Rocha (Abirão)','Record TV, Casablanca',NULL,NULL,1,1,0,NULL,4,1,1,1,NULL,NULL,NULL,NULL,1,NULL,2,'2023-01-06 02:54:38',NULL,NULL,NULL,NULL,NULL,NULL,NULL,NULL,NULL,1,0,NULL,NULL,NULL,NULL,NULL,NULL,3,2),(276,8,1,149,'TMDB','1215536',NULL,NULL,NULL,'Episodio 149',2015,60,NULL,'pt','Vivian de Oliveira, Arme Manente, Rogério Passos, Anderson Souza, Hamsa Hood, Vivianne Jundi','','','Bianka Fernandes (Abigail), Daniel Siwek (Abiú (Adult)), Kaik Brum (Abiú (Child)), Guilherme Winter (Moses), Rayana Carvalho (Adira), Sandro Rocha (Abirão)','Record TV, Casablanca',NULL,NULL,1,1,0,NULL,4,1,1,1,NULL,NULL,NULL,NULL,1,NULL,2,'2023-01-06 02:54:38',NULL,NULL,NULL,NULL,NULL,NULL,NULL,NULL,NULL,1,0,NULL,NULL,NULL,NULL,NULL,NULL,3,2),(277,8,1,150,'TMDB','1215537',NULL,NULL,NULL,'Episodio 150',2015,60,NULL,'pt','Vivian de Oliveira, Arme Manente, Rogério Passos, Anderson Souza, Hamsa Hood, Vivianne Jundi','','','Bianka Fernandes (Abigail), Daniel Siwek (Abiú (Adult)), Kaik Brum (Abiú (Child)), Guilherme Winter (Moses), Rayana Carvalho (Adira), Sandro Rocha (Abirão)','Record TV, Casablanca',NULL,NULL,1,1,0,NULL,4,1,1,1,NULL,NULL,NULL,NULL,1,NULL,2,'2023-01-06 02:54:38',NULL,NULL,NULL,NULL,NULL,NULL,NULL,NULL,NULL,1,0,NULL,NULL,NULL,NULL,NULL,NULL,3,2),(278,8,1,151,'TMDB','1215538',NULL,NULL,NULL,'Episodio 151',2015,60,NULL,'pt','Vivian de Oliveira, Arme Manente, Rogério Passos, Anderson Souza, Hamsa Hood, Vivianne Jundi','','','Bianka Fernandes (Abigail), Daniel Siwek (Abiú (Adult)), Kaik Brum (Abiú (Child)), Guilherme Winter (Moses), Rayana Carvalho (Adira), Sandro Rocha (Abirão)','Record TV, Casablanca',NULL,NULL,1,1,0,NULL,4,1,1,1,NULL,NULL,NULL,NULL,1,NULL,2,'2023-01-06 02:54:38',NULL,NULL,NULL,NULL,NULL,NULL,NULL,NULL,NULL,1,0,NULL,NULL,NULL,NULL,NULL,NULL,3,2),(279,8,1,152,'TMDB','1215539',NULL,NULL,NULL,'Episodio 152',2015,60,NULL,'pt','Vivian de Oliveira, Arme Manente, Rogério Passos, Anderson Souza, Hamsa Hood, Vivianne Jundi','','','Bianka Fernandes (Abigail), Daniel Siwek (Abiú (Adult)), Kaik Brum (Abiú (Child)), Guilherme Winter (Moses), Rayana Carvalho (Adira), Sandro Rocha (Abirão)','Record TV, Casablanca',NULL,NULL,1,1,0,NULL,4,1,1,1,NULL,NULL,NULL,NULL,1,NULL,2,'2023-01-06 02:54:38',NULL,NULL,NULL,NULL,NULL,NULL,NULL,NULL,NULL,1,0,NULL,NULL,NULL,NULL,NULL,NULL,3,2),(280,8,1,153,'TMDB','1215540',NULL,NULL,NULL,'Episodio 153',2015,60,NULL,'pt','Vivian de Oliveira, Arme Manente, Rogério Passos, Anderson Souza, Hamsa Hood, Vivianne Jundi','','','Bianka Fernandes (Abigail), Daniel Siwek (Abiú (Adult)), Kaik Brum (Abiú (Child)), Guilherme Winter (Moses), Rayana Carvalho (Adira), Sandro Rocha (Abirão)','Record TV, Casablanca',NULL,NULL,1,1,0,NULL,4,1,1,1,NULL,NULL,NULL,NULL,1,NULL,2,'2023-01-06 02:54:38',NULL,NULL,NULL,NULL,NULL,NULL,NULL,NULL,NULL,1,0,NULL,NULL,NULL,NULL,NULL,NULL,3,2),(281,8,1,154,'TMDB','1215541',NULL,NULL,NULL,'Episodio 154',2015,60,NULL,'pt','Vivian de Oliveira, Arme Manente, Rogério Passos, Anderson Souza, Hamsa Hood, Vivianne Jundi','','','Bianka Fernandes (Abigail), Daniel Siwek (Abiú (Adult)), Kaik Brum (Abiú (Child)), Guilherme Winter (Moses), Rayana Carvalho (Adira), Sandro Rocha (Abirão)','Record TV, Casablanca',NULL,NULL,1,1,0,NULL,4,1,1,1,NULL,NULL,NULL,NULL,1,NULL,2,'2023-01-06 02:54:38',NULL,NULL,NULL,NULL,NULL,NULL,NULL,NULL,NULL,1,0,NULL,NULL,NULL,NULL,NULL,NULL,3,2),(282,8,1,155,'TMDB','1215542',NULL,NULL,NULL,'Episodio 155',2015,60,NULL,'pt','Vivian de Oliveira, Arme Manente, Rogério Passos, Anderson Souza, Hamsa Hood, Vivianne Jundi','','','Bianka Fernandes (Abigail), Daniel Siwek (Abiú (Adult)), Kaik Brum (Abiú (Child)), Guilherme Winter (Moses), Rayana Carvalho (Adira), Sandro Rocha (Abirão)','Record TV, Casablanca',NULL,NULL,1,1,0,NULL,4,1,1,1,NULL,NULL,NULL,NULL,1,NULL,2,'2023-01-06 02:54:38',NULL,NULL,NULL,NULL,NULL,NULL,NULL,NULL,NULL,1,0,NULL,NULL,NULL,NULL,NULL,NULL,3,2),(283,8,1,156,'TMDB','1215543',NULL,NULL,NULL,'Episodio 156',2015,60,NULL,'pt','Vivian de Oliveira, Arme Manente, Rogério Passos, Anderson Souza, Hamsa Hood, Vivianne Jundi','','','Bianka Fernandes (Abigail), Daniel Siwek (Abiú (Adult)), Kaik Brum (Abiú (Child)), Guilherme Winter (Moses), Rayana Carvalho (Adira), Sandro Rocha (Abirão)','Record TV, Casablanca',NULL,NULL,1,1,0,NULL,4,1,1,1,NULL,NULL,NULL,NULL,1,NULL,2,'2023-01-06 02:54:38',NULL,NULL,NULL,NULL,NULL,NULL,NULL,NULL,NULL,1,0,NULL,NULL,NULL,NULL,NULL,NULL,3,2),(284,8,1,157,'TMDB','1215544',NULL,NULL,NULL,'Episodio 157',2015,60,NULL,'pt','Vivian de Oliveira, Arme Manente, Rogério Passos, Anderson Souza, Hamsa Hood, Vivianne Jundi','','','Bianka Fernandes (Abigail), Daniel Siwek (Abiú (Adult)), Kaik Brum (Abiú (Child)), Guilherme Winter (Moses), Rayana Carvalho (Adira), Sandro Rocha (Abirão)','Record TV, Casablanca',NULL,NULL,1,1,0,NULL,4,1,1,1,NULL,NULL,NULL,NULL,1,NULL,2,'2023-01-06 02:54:38',NULL,NULL,NULL,NULL,NULL,NULL,NULL,NULL,NULL,1,0,NULL,NULL,NULL,NULL,NULL,NULL,3,2),(285,8,1,158,'TMDB','1215545',NULL,NULL,NULL,'Episodio 158',2015,60,NULL,'pt','Vivian de Oliveira, Arme Manente, Rogério Passos, Anderson Souza, Hamsa Hood, Vivianne Jundi','','','Bianka Fernandes (Abigail), Daniel Siwek (Abiú (Adult)), Kaik Brum (Abiú (Child)), Guilherme Winter (Moses), Rayana Carvalho (Adira), Sandro Rocha (Abirão)','Record TV, Casablanca',NULL,NULL,1,1,0,NULL,4,1,1,1,NULL,NULL,NULL,NULL,1,NULL,2,'2023-01-06 02:54:38',NULL,NULL,NULL,NULL,NULL,NULL,NULL,NULL,NULL,1,0,NULL,NULL,NULL,NULL,NULL,NULL,3,2),(286,8,1,159,'TMDB','1215546',NULL,NULL,NULL,'Episodio 159',2015,60,NULL,'pt','Vivian de Oliveira, Arme Manente, Rogério Passos, Anderson Souza, Hamsa Hood, Vivianne Jundi','','','Bianka Fernandes (Abigail), Daniel Siwek (Abiú (Adult)), Kaik Brum (Abiú (Child)), Guilherme Winter (Moses), Rayana Carvalho (Adira), Sandro Rocha (Abirão)','Record TV, Casablanca',NULL,NULL,1,1,0,NULL,4,1,1,1,NULL,NULL,NULL,NULL,1,NULL,2,'2023-01-06 02:54:38',NULL,NULL,NULL,NULL,NULL,NULL,NULL,NULL,NULL,1,0,NULL,NULL,NULL,NULL,NULL,NULL,3,2),(287,8,1,160,'TMDB','1215547',NULL,NULL,NULL,'Episodio 160',2015,60,NULL,'pt','Vivian de Oliveira, Arme Manente, Rogério Passos, Anderson Souza, Hamsa Hood, Vivianne Jundi','','','Bianka Fernandes (Abigail), Daniel Siwek (Abiú (Adult)), Kaik Brum (Abiú (Child)), Guilherme Winter (Moses), Rayana Carvalho (Adira), Sandro Rocha (Abirão)','Record TV, Casablanca',NULL,NULL,1,1,0,NULL,4,1,1,1,NULL,NULL,NULL,NULL,1,NULL,2,'2023-01-06 02:54:38',NULL,NULL,NULL,NULL,NULL,NULL,NULL,NULL,NULL,1,0,NULL,NULL,NULL,NULL,NULL,NULL,3,2),(288,8,1,161,'TMDB','1215548',NULL,NULL,NULL,'Episodio 161',2015,60,NULL,'pt','Vivian de Oliveira, Arme Manente, Rogério Passos, Anderson Souza, Hamsa Hood, Vivianne Jundi','','','Bianka Fernandes (Abigail), Daniel Siwek (Abiú (Adult)), Kaik Brum (Abiú (Child)), Guilherme Winter (Moses), Rayana Carvalho (Adira), Sandro Rocha (Abirão)','Record TV, Casablanca',NULL,NULL,1,1,0,NULL,4,1,1,1,NULL,NULL,NULL,NULL,1,NULL,2,'2023-01-06 02:54:38',NULL,NULL,NULL,NULL,NULL,NULL,NULL,NULL,NULL,1,0,NULL,NULL,NULL,NULL,NULL,NULL,3,2),(289,8,1,162,'TMDB','1215549',NULL,NULL,NULL,'Episodio 162',2015,60,NULL,'pt','Vivian de Oliveira, Arme Manente, Rogério Passos, Anderson Souza, Hamsa Hood, Vivianne Jundi','','','Bianka Fernandes (Abigail), Daniel Siwek (Abiú (Adult)), Kaik Brum (Abiú (Child)), Guilherme Winter (Moses), Rayana Carvalho (Adira), Sandro Rocha (Abirão)','Record TV, Casablanca',NULL,NULL,1,1,0,NULL,4,1,1,1,NULL,NULL,NULL,NULL,1,NULL,2,'2023-01-06 02:54:38',NULL,NULL,NULL,NULL,NULL,NULL,NULL,NULL,NULL,1,0,NULL,NULL,NULL,NULL,NULL,NULL,3,2),(290,8,1,163,'TMDB','1215550',NULL,NULL,NULL,'Episodio 163',2015,60,NULL,'pt','Vivian de Oliveira, Arme Manente, Rogério Passos, Anderson Souza, Hamsa Hood, Vivianne Jundi','','','Bianka Fernandes (Abigail), Daniel Siwek (Abiú (Adult)), Kaik Brum (Abiú (Child)), Guilherme Winter (Moses), Rayana Carvalho (Adira), Sandro Rocha (Abirão)','Record TV, Casablanca',NULL,NULL,1,1,0,NULL,4,1,1,1,NULL,NULL,NULL,NULL,1,NULL,2,'2023-01-06 02:54:38',NULL,NULL,NULL,NULL,NULL,NULL,NULL,NULL,NULL,1,0,NULL,NULL,NULL,NULL,NULL,NULL,3,2),(291,8,1,164,'TMDB','1215551',NULL,NULL,NULL,'Episodio 164',2015,60,NULL,'pt','Vivian de Oliveira, Arme Manente, Rogério Passos, Anderson Souza, Hamsa Hood, Vivianne Jundi','','','Bianka Fernandes (Abigail), Daniel Siwek (Abiú (Adult)), Kaik Brum (Abiú (Child)), Guilherme Winter (Moses), Rayana Carvalho (Adira), Sandro Rocha (Abirão)','Record TV, Casablanca',NULL,NULL,1,1,0,NULL,4,1,1,1,NULL,NULL,NULL,NULL,1,NULL,2,'2023-01-06 02:54:38',NULL,NULL,NULL,NULL,NULL,NULL,NULL,NULL,NULL,1,0,NULL,NULL,NULL,NULL,NULL,NULL,3,2),(292,8,1,165,'TMDB','1215552',NULL,NULL,NULL,'Episodio 165',2015,60,NULL,'pt','Vivian de Oliveira, Arme Manente, Rogério Passos, Anderson Souza, Hamsa Hood, Vivianne Jundi','','','Bianka Fernandes (Abigail), Daniel Siwek (Abiú (Adult)), Kaik Brum (Abiú (Child)), Guilherme Winter (Moses), Rayana Carvalho (Adira), Sandro Rocha (Abirão)','Record TV, Casablanca',NULL,NULL,1,1,0,NULL,4,1,1,1,NULL,NULL,NULL,NULL,1,NULL,2,'2023-01-06 02:54:38',NULL,NULL,NULL,NULL,NULL,NULL,NULL,NULL,NULL,1,0,NULL,NULL,NULL,NULL,NULL,NULL,3,2),(293,8,1,166,'TMDB','1215553',NULL,NULL,NULL,'Episodio 166',2015,60,NULL,'pt','Vivian de Oliveira, Arme Manente, Rogério Passos, Anderson Souza, Hamsa Hood, Vivianne Jundi','','','Bianka Fernandes (Abigail), Daniel Siwek (Abiú (Adult)), Kaik Brum (Abiú (Child)), Guilherme Winter (Moses), Rayana Carvalho (Adira), Sandro Rocha (Abirão)','Record TV, Casablanca',NULL,NULL,1,1,0,NULL,4,1,1,1,NULL,NULL,NULL,NULL,1,NULL,2,'2023-01-06 02:54:38',NULL,NULL,NULL,NULL,NULL,NULL,NULL,NULL,NULL,1,0,NULL,NULL,NULL,NULL,NULL,NULL,3,2),(294,8,1,167,'TMDB','1215554',NULL,NULL,NULL,'Episodio 167',2015,60,NULL,'pt','Vivian de Oliveira, Arme Manente, Rogério Passos, Anderson Souza, Hamsa Hood, Vivianne Jundi','','','Bianka Fernandes (Abigail), Daniel Siwek (Abiú (Adult)), Kaik Brum (Abiú (Child)), Guilherme Winter (Moses), Rayana Carvalho (Adira), Sandro Rocha (Abirão)','Record TV, Casablanca',NULL,NULL,1,1,0,NULL,4,1,1,1,NULL,NULL,NULL,NULL,1,NULL,2,'2023-01-06 02:54:38',NULL,NULL,NULL,NULL,NULL,NULL,NULL,NULL,NULL,1,0,NULL,NULL,NULL,NULL,NULL,NULL,3,2),(295,8,1,168,'TMDB','1215555',NULL,NULL,NULL,'Episodio 168',2015,60,NULL,'pt','Vivian de Oliveira, Arme Manente, Rogério Passos, Anderson Souza, Hamsa Hood, Vivianne Jundi','','','Bianka Fernandes (Abigail), Daniel Siwek (Abiú (Adult)), Kaik Brum (Abiú (Child)), Guilherme Winter (Moses), Rayana Carvalho (Adira), Sandro Rocha (Abirão)','Record TV, Casablanca',NULL,NULL,1,1,0,NULL,4,1,1,1,NULL,NULL,NULL,NULL,1,NULL,2,'2023-01-06 02:54:39',NULL,NULL,NULL,NULL,NULL,NULL,NULL,NULL,NULL,1,0,NULL,NULL,NULL,NULL,NULL,NULL,3,2),(296,8,1,169,'TMDB','1215556',NULL,NULL,NULL,'Episodio 169',2015,60,NULL,'pt','Vivian de Oliveira, Arme Manente, Rogério Passos, Anderson Souza, Hamsa Hood, Vivianne Jundi','','','Bianka Fernandes (Abigail), Daniel Siwek (Abiú (Adult)), Kaik Brum (Abiú (Child)), Guilherme Winter (Moses), Rayana Carvalho (Adira), Sandro Rocha (Abirão)','Record TV, Casablanca',NULL,NULL,1,1,0,NULL,4,1,1,1,NULL,NULL,NULL,NULL,1,NULL,2,'2023-01-06 02:54:39',NULL,NULL,NULL,NULL,NULL,NULL,NULL,NULL,NULL,1,0,NULL,NULL,NULL,NULL,NULL,NULL,3,2),(297,8,1,170,'TMDB','1215557',NULL,NULL,NULL,'Episodio 170',2015,60,NULL,'pt','Vivian de Oliveira, Arme Manente, Rogério Passos, Anderson Souza, Hamsa Hood, Vivianne Jundi','','','Bianka Fernandes (Abigail), Daniel Siwek (Abiú (Adult)), Kaik Brum (Abiú (Child)), Guilherme Winter (Moses), Rayana Carvalho (Adira), Sandro Rocha (Abirão)','Record TV, Casablanca',NULL,NULL,1,1,0,NULL,4,1,1,1,NULL,NULL,NULL,NULL,1,NULL,2,'2023-01-06 02:54:39',NULL,NULL,NULL,NULL,NULL,NULL,NULL,NULL,NULL,1,0,NULL,NULL,NULL,NULL,NULL,NULL,3,2),(298,8,1,171,'TMDB','1215558',NULL,NULL,NULL,'Episodio 171',2015,60,NULL,'pt','Vivian de Oliveira, Arme Manente, Rogério Passos, Anderson Souza, Hamsa Hood, Vivianne Jundi','','','Bianka Fernandes (Abigail), Daniel Siwek (Abiú (Adult)), Kaik Brum (Abiú (Child)), Guilherme Winter (Moses), Rayana Carvalho (Adira), Sandro Rocha (Abirão)','Record TV, Casablanca',NULL,NULL,1,1,0,NULL,4,1,1,1,NULL,NULL,NULL,NULL,1,NULL,2,'2023-01-06 02:54:39',NULL,NULL,NULL,NULL,NULL,NULL,NULL,NULL,NULL,1,0,NULL,NULL,NULL,NULL,NULL,NULL,3,2),(299,8,1,172,'TMDB','1215559',NULL,NULL,NULL,'Episodio 172',2015,60,NULL,'pt','Vivian de Oliveira, Arme Manente, Rogério Passos, Anderson Souza, Hamsa Hood, Vivianne Jundi','','','Bianka Fernandes (Abigail), Daniel Siwek (Abiú (Adult)), Kaik Brum (Abiú (Child)), Guilherme Winter (Moses), Rayana Carvalho (Adira), Sandro Rocha (Abirão)','Record TV, Casablanca',NULL,NULL,1,1,0,NULL,4,1,1,1,NULL,NULL,NULL,NULL,1,NULL,2,'2023-01-06 02:54:39',NULL,NULL,NULL,NULL,NULL,NULL,NULL,NULL,NULL,1,0,NULL,NULL,NULL,NULL,NULL,NULL,3,2),(300,8,1,173,'TMDB','1215560',NULL,NULL,NULL,'Episodio 173',2015,60,NULL,'pt','Vivian de Oliveira, Arme Manente, Rogério Passos, Anderson Souza, Hamsa Hood, Vivianne Jundi','','','Bianka Fernandes (Abigail), Daniel Siwek (Abiú (Adult)), Kaik Brum (Abiú (Child)), Guilherme Winter (Moses), Rayana Carvalho (Adira), Sandro Rocha (Abirão)','Record TV, Casablanca',NULL,NULL,1,1,0,NULL,4,1,1,1,NULL,NULL,NULL,NULL,1,NULL,2,'2023-01-06 02:54:39',NULL,NULL,NULL,NULL,NULL,NULL,NULL,NULL,NULL,1,0,NULL,NULL,NULL,NULL,NULL,NULL,3,2),(301,8,1,174,'TMDB','1215561',NULL,NULL,NULL,'Episodio 174',2015,60,NULL,'pt','Vivian de Oliveira, Arme Manente, Rogério Passos, Anderson Souza, Hamsa Hood, Vivianne Jundi','','','Bianka Fernandes (Abigail), Daniel Siwek (Abiú (Adult)), Kaik Brum (Abiú (Child)), Guilherme Winter (Moses), Rayana Carvalho (Adira), Sandro Rocha (Abirão)','Record TV, Casablanca',NULL,NULL,1,1,0,NULL,4,1,1,1,NULL,NULL,NULL,NULL,1,NULL,2,'2023-01-06 02:54:39',NULL,NULL,NULL,NULL,NULL,NULL,NULL,NULL,NULL,1,0,NULL,NULL,NULL,NULL,NULL,NULL,3,2),(302,8,1,175,'TMDB','1215562',NULL,NULL,NULL,'Episodio 175',2015,60,NULL,'pt','Vivian de Oliveira, Arme Manente, Rogério Passos, Anderson Souza, Hamsa Hood, Vivianne Jundi','','','Bianka Fernandes (Abigail), Daniel Siwek (Abiú (Adult)), Kaik Brum (Abiú (Child)), Guilherme Winter (Moses), Rayana Carvalho (Adira), Sandro Rocha (Abirão)','Record TV, Casablanca',NULL,NULL,1,1,0,NULL,4,1,1,1,NULL,NULL,NULL,NULL,1,NULL,2,'2023-01-06 02:54:39',NULL,NULL,NULL,NULL,NULL,NULL,NULL,NULL,NULL,1,0,NULL,NULL,NULL,NULL,NULL,NULL,3,2),(303,8,1,176,'TMDB','1215563',NULL,NULL,NULL,'Episodio 176 (Final)',2015,60,NULL,'pt','Vivian de Oliveira, Arme Manente, Rogério Passos, Anderson Souza, Hamsa Hood, Vivianne Jundi','','','Bianka Fernandes (Abigail), Daniel Siwek (Abiú (Adult)), Kaik Brum (Abiú (Child)), Guilherme Winter (Moses), Rayana Carvalho (Adira), Sandro Rocha (Abirão)','Record TV, Casablanca',NULL,NULL,1,1,0,NULL,4,1,1,1,NULL,NULL,NULL,NULL,1,NULL,2,'2023-01-06 02:54:39',NULL,NULL,NULL,NULL,NULL,NULL,NULL,NULL,NULL,1,0,NULL,NULL,NULL,NULL,NULL,NULL,3,2),(304,8,1,177,'TMDB','2740700',NULL,NULL,NULL,'Episodio 177',2015,60,NULL,'pt','Vivian de Oliveira, Arme Manente, Rogério Passos, Anderson Souza, Hamsa Hood, Vivianne Jundi','','','Bianka Fernandes (Abigail), Daniel Siwek (Abiú (Adult)), Kaik Brum (Abiú (Child)), Guilherme Winter (Moses), Rayana Carvalho (Adira), Sandro Rocha (Abirão)','Record TV, Casablanca',NULL,NULL,1,1,0,NULL,4,1,1,1,NULL,NULL,NULL,NULL,1,NULL,2,'2023-01-06 02:54:39',NULL,NULL,NULL,NULL,NULL,NULL,NULL,NULL,NULL,1,0,NULL,NULL,NULL,NULL,NULL,NULL,3,2),(305,8,1,178,'TMDB','2740701',NULL,NULL,NULL,'Episodio 178',2015,60,NULL,'pt','Vivian de Oliveira, Arme Manente, Rogério Passos, Anderson Souza, Hamsa Hood, Vivianne Jundi','','','Bianka Fernandes (Abigail), Daniel Siwek (Abiú (Adult)), Kaik Brum (Abiú (Child)), Guilherme Winter (Moses), Rayana Carvalho (Adira), Sandro Rocha (Abirão)','Record TV, Casablanca',NULL,NULL,1,1,0,NULL,4,1,1,1,NULL,NULL,NULL,NULL,1,NULL,2,'2023-01-06 02:54:39',NULL,NULL,NULL,NULL,NULL,NULL,NULL,NULL,NULL,1,0,NULL,NULL,NULL,NULL,NULL,NULL,3,2),(306,8,1,179,'TMDB','2740702',NULL,NULL,NULL,'Episodio 179',2015,60,NULL,'pt','Vivian de Oliveira, Arme Manente, Rogério Passos, Anderson Souza, Hamsa Hood, Vivianne Jundi','','','Bianka Fernandes (Abigail), Daniel Siwek (Abiú (Adult)), Kaik Brum (Abiú (Child)), Guilherme Winter (Moses), Rayana Carvalho (Adira), Sandro Rocha (Abirão)','Record TV, Casablanca',NULL,NULL,1,1,0,NULL,4,1,1,1,NULL,NULL,NULL,NULL,1,NULL,2,'2023-01-06 02:54:39',NULL,NULL,NULL,NULL,NULL,NULL,NULL,NULL,NULL,1,0,NULL,NULL,NULL,NULL,NULL,NULL,3,2),(307,8,1,180,'TMDB','2740703',NULL,NULL,NULL,'Episodio 180',2015,60,NULL,'pt','Vivian de Oliveira, Arme Manente, Rogério Passos, Anderson Souza, Hamsa Hood, Vivianne Jundi','','','Bianka Fernandes (Abigail), Daniel Siwek (Abiú (Adult)), Kaik Brum (Abiú (Child)), Guilherme Winter (Moses), Rayana Carvalho (Adira), Sandro Rocha (Abirão)','Record TV, Casablanca',NULL,NULL,1,1,0,NULL,4,1,1,1,NULL,NULL,NULL,NULL,1,NULL,2,'2023-01-06 02:54:39',NULL,NULL,NULL,NULL,NULL,NULL,NULL,NULL,NULL,1,0,NULL,NULL,NULL,NULL,NULL,NULL,3,2),(308,8,1,181,'TMDB','2740704',NULL,NULL,NULL,'Episodio 181',2015,60,NULL,'pt','Vivian de Oliveira, Arme Manente, Rogério Passos, Anderson Souza, Hamsa Hood, Vivianne Jundi','','','Bianka Fernandes (Abigail), Daniel Siwek (Abiú (Adult)), Kaik Brum (Abiú (Child)), Guilherme Winter (Moses), Rayana Carvalho (Adira), Sandro Rocha (Abirão)','Record TV, Casablanca',NULL,NULL,1,1,0,NULL,4,1,1,1,NULL,NULL,NULL,NULL,1,NULL,2,'2023-01-06 02:54:39',NULL,NULL,NULL,NULL,NULL,NULL,NULL,NULL,NULL,1,0,NULL,NULL,NULL,NULL,NULL,NULL,3,2),(309,8,1,182,'TMDB','2740705',NULL,NULL,NULL,'Episodio 182',2015,60,NULL,'pt','Vivian de Oliveira, Arme Manente, Rogério Passos, Anderson Souza, Hamsa Hood, Vivianne Jundi','','','Bianka Fernandes (Abigail), Daniel Siwek (Abiú (Adult)), Kaik Brum (Abiú (Child)), Guilherme Winter (Moses), Rayana Carvalho (Adira), Sandro Rocha (Abirão)','Record TV, Casablanca',NULL,NULL,1,1,0,NULL,4,1,1,1,NULL,NULL,NULL,NULL,1,NULL,2,'2023-01-06 02:54:39',NULL,NULL,NULL,NULL,NULL,NULL,NULL,NULL,NULL,1,0,NULL,NULL,NULL,NULL,NULL,NULL,3,2),(310,8,1,183,'TMDB','2740706',NULL,NULL,NULL,'Episodio 183',2015,60,NULL,'pt','Vivian de Oliveira, Arme Manente, Rogério Passos, Anderson Souza, Hamsa Hood, Vivianne Jundi','','','Bianka Fernandes (Abigail), Daniel Siwek (Abiú (Adult)), Kaik Brum (Abiú (Child)), Guilherme Winter (Moses), Rayana Carvalho (Adira), Sandro Rocha (Abirão)','Record TV, Casablanca',NULL,NULL,1,1,0,NULL,4,1,1,1,NULL,NULL,NULL,NULL,1,NULL,2,'2023-01-06 02:54:39',NULL,NULL,NULL,NULL,NULL,NULL,NULL,NULL,NULL,1,0,NULL,NULL,NULL,NULL,NULL,NULL,3,2),(311,8,1,184,'TMDB','2740707',NULL,NULL,NULL,'Episodio 184',2015,60,NULL,'pt','Vivian de Oliveira, Arme Manente, Rogério Passos, Anderson Souza, Hamsa Hood, Vivianne Jundi','','','Bianka Fernandes (Abigail), Daniel Siwek (Abiú (Adult)), Kaik Brum (Abiú (Child)), Guilherme Winter (Moses), Rayana Carvalho (Adira), Sandro Rocha (Abirão)','Record TV, Casablanca',NULL,NULL,1,1,0,NULL,4,1,1,1,NULL,NULL,NULL,NULL,1,NULL,2,'2023-01-06 02:54:39',NULL,NULL,NULL,NULL,NULL,NULL,NULL,NULL,NULL,1,0,NULL,NULL,NULL,NULL,NULL,NULL,3,2),(312,8,1,185,'TMDB','2740708',NULL,NULL,NULL,'Episodio 185',2015,60,NULL,'pt','Vivian de Oliveira, Arme Manente, Rogério Passos, Anderson Souza, Hamsa Hood, Vivianne Jundi','','','Bianka Fernandes (Abigail), Daniel Siwek (Abiú (Adult)), Kaik Brum (Abiú (Child)), Guilherme Winter (Moses), Rayana Carvalho (Adira), Sandro Rocha (Abirão)','Record TV, Casablanca',NULL,NULL,1,1,0,NULL,4,1,1,1,NULL,NULL,NULL,NULL,1,NULL,2,'2023-01-06 02:54:39',NULL,NULL,NULL,NULL,NULL,NULL,NULL,NULL,NULL,1,0,NULL,NULL,NULL,NULL,NULL,NULL,3,2),(313,8,1,186,'TMDB','2740709',NULL,NULL,NULL,'Episodio 186',2015,60,NULL,'pt','Vivian de Oliveira, Arme Manente, Rogério Passos, Anderson Souza, Hamsa Hood, Vivianne Jundi','','','Bianka Fernandes (Abigail), Daniel Siwek (Abiú (Adult)), Kaik Brum (Abiú (Child)), Guilherme Winter (Moses), Rayana Carvalho (Adira), Sandro Rocha (Abirão)','Record TV, Casablanca',NULL,NULL,1,1,0,NULL,4,1,1,1,NULL,NULL,NULL,NULL,1,NULL,2,'2023-01-06 02:54:39',NULL,NULL,NULL,NULL,NULL,NULL,NULL,NULL,NULL,1,0,NULL,NULL,NULL,NULL,NULL,NULL,3,2),(314,8,1,187,'TMDB','2740710',NULL,NULL,NULL,'Episodio 187',2015,60,NULL,'pt','Vivian de Oliveira, Arme Manente, Rogério Passos, Anderson Souza, Hamsa Hood, Vivianne Jundi','','','Bianka Fernandes (Abigail), Daniel Siwek (Abiú (Adult)), Kaik Brum (Abiú (Child)), Guilherme Winter (Moses), Rayana Carvalho (Adira), Sandro Rocha (Abirão)','Record TV, Casablanca',NULL,NULL,1,1,0,NULL,4,1,1,1,NULL,NULL,NULL,NULL,1,NULL,2,'2023-01-06 02:54:39',NULL,NULL,NULL,NULL,NULL,NULL,NULL,NULL,NULL,1,0,NULL,NULL,NULL,NULL,NULL,NULL,3,2),(315,8,1,188,'TMDB','2740711',NULL,NULL,NULL,'Episodio 188',2015,60,NULL,'pt','Vivian de Oliveira, Arme Manente, Rogério Passos, Anderson Souza, Hamsa Hood, Vivianne Jundi','','','Bianka Fernandes (Abigail), Daniel Siwek (Abiú (Adult)), Kaik Brum (Abiú (Child)), Guilherme Winter (Moses), Rayana Carvalho (Adira), Sandro Rocha (Abirão)','Record TV, Casablanca',NULL,NULL,1,1,0,NULL,4,1,1,1,NULL,NULL,NULL,NULL,1,NULL,2,'2023-01-06 02:54:39',NULL,NULL,NULL,NULL,NULL,NULL,NULL,NULL,NULL,1,0,NULL,NULL,NULL,NULL,NULL,NULL,3,2),(316,8,1,189,'TMDB','2740712',NULL,NULL,NULL,'Episodio 189',2015,60,NULL,'pt','Vivian de Oliveira, Arme Manente, Rogério Passos, Anderson Souza, Hamsa Hood, Vivianne Jundi','','','Bianka Fernandes (Abigail), Daniel Siwek (Abiú (Adult)), Kaik Brum (Abiú (Child)), Guilherme Winter (Moses), Rayana Carvalho (Adira), Sandro Rocha (Abirão)','Record TV, Casablanca',NULL,NULL,1,1,0,NULL,4,1,1,1,NULL,NULL,NULL,NULL,1,NULL,2,'2023-01-06 02:54:39',NULL,NULL,NULL,NULL,NULL,NULL,NULL,NULL,NULL,1,0,NULL,NULL,NULL,NULL,NULL,NULL,3,2),(317,8,1,190,'TMDB','2740713',NULL,NULL,NULL,'Episodio 190',2015,60,NULL,'pt','Vivian de Oliveira, Arme Manente, Rogério Passos, Anderson Souza, Hamsa Hood, Vivianne Jundi','','','Bianka Fernandes (Abigail), Daniel Siwek (Abiú (Adult)), Kaik Brum (Abiú (Child)), Guilherme Winter (Moses), Rayana Carvalho (Adira), Sandro Rocha (Abirão)','Record TV, Casablanca',NULL,NULL,1,1,0,NULL,4,1,1,1,NULL,NULL,NULL,NULL,1,NULL,2,'2023-01-06 02:54:39',NULL,NULL,NULL,NULL,NULL,NULL,NULL,NULL,NULL,1,0,NULL,NULL,NULL,NULL,NULL,NULL,3,2),(318,9,1,1,'TMDB','1473876',NULL,NULL,NULL,'Los Años del Exilio',1996,NULL,NULL,'en','Roger Young','Lionel Chetwynd','',NULL,'Coproducción Estados Unidos-España-Francia-Italia; TNT, Antena 3 Televisión, Beta Film GmbH,','Moisés, adoptado por la hija del Faraón, crece como príncipe en Egipto, pero la fidelidad a su pueblo lo hará tener que marcharse al desierto, donde Dios lo llamará...',NULL,1,1,0,NULL,4,1,1,1,NULL,NULL,NULL,NULL,1,NULL,2,'2023-01-06 04:32:55',NULL,NULL,NULL,NULL,NULL,NULL,NULL,NULL,NULL,1,0,NULL,NULL,NULL,NULL,NULL,NULL,3,2),(319,9,1,2,'TMDB','1473877',NULL,NULL,NULL,'La Tierra Prometida',1996,NULL,NULL,'en','Roger Young','Lionel Chetwynd','Marco Frisina',NULL,'Coproducción Estados Unidos-España-Francia-Italia; TNT, Antena 3 Televisión, Beta Film GmbH,','Narra las historias más importantes del viejo testamento. Aparecen escenas tan familiares como: el descubrimiento de Moisés en el Nilo, las plagas, el milagro del Mar Rojo...y la anunciación de los Diez Mandamientos en el Monte Sinaí',NULL,1,1,0,NULL,4,1,1,1,NULL,NULL,NULL,NULL,1,NULL,2,'2023-01-06 04:32:55',NULL,NULL,NULL,NULL,NULL,NULL,NULL,NULL,NULL,1,0,NULL,NULL,NULL,NULL,NULL,NULL,3,2),(320,10,1,1,'TMDB','1274883',NULL,NULL,NULL,'Episodio 1',2006,88,NULL,'en','Robert Dornhelm','Ron Hutchinson','Randy Edelman','Dougray Scott (Moses), Linus Roache (Aaron), Naveen Andrews (Menerith), Mía Maestro (Zipporah), Padma Lakshmi (Princess Bithia), Omar Sharif (Jethro), Paul Rhys (Ramses), Claire Bloom (Rani), Ashley Artus (Sichem), Silas Carson (Jered), Simon De Selva (Overseer #1), Susan Lynch (Miriam), Ben Hammersley (Young Moses), Hanane Ibrahimi (Tribes Woman #2), Khanssa Machkkour (Young Miriam), Firlid Othminni (Young Gershom), Sally Patrick (Tribes Woman #1), Richard O\'Brien (Anander)','Hallmark Entertainment',NULL,NULL,1,1,0,NULL,4,1,1,1,NULL,NULL,NULL,NULL,1,NULL,2,'2023-01-06 04:45:50',NULL,NULL,NULL,NULL,NULL,NULL,NULL,NULL,NULL,1,0,NULL,NULL,NULL,NULL,NULL,NULL,3,2),(321,10,1,2,'TMDB','1274884',NULL,NULL,NULL,'Episodio 2',2006,88,NULL,'en','Robert Dornhelm','Ron Hutchinson','Randy Edelman','Dougray Scott (Moses), Linus Roache (Aaron), Naveen Andrews (Menerith), Mía Maestro (Zipporah), Padma Lakshmi (Princess Bithia), Omar Sharif (Jethro), Paul Rhys (Ramses), Claire Bloom (Rani), Ashley Artus (Sichem), Silas Carson (Jered), Simon De Selva (Overseer #1), Susan Lynch (Miriam), Ben Hammersley (Young Moses), Hanane Ibrahimi (Tribes Woman #2), Khanssa Machkkour (Young Miriam), Firlid Othminni (Young Gershom), Sally Patrick (Tribes Woman #1), Richard O\'Brien (Anander)','Hallmark Entertainment',NULL,NULL,1,1,0,NULL,4,1,1,1,NULL,NULL,NULL,NULL,1,NULL,2,'2023-01-06 04:45:50',NULL,NULL,NULL,NULL,NULL,NULL,NULL,NULL,NULL,1,0,NULL,NULL,NULL,NULL,NULL,NULL,3,2),(335,12,1,11,'TMDB','2331',NULL,'tt0199232','Jesus','Jesús',1999,110,'CZ DE IT US','en','Roger Young','Suzette Couture','Patrick Williams','Jeremy Sisto (Jesus), Debra Messing (Maria Madalena), Jacqueline Bisset (Maria), Gary Oldman (Poncio Pilatus), Elena Sofia Ricci (Herodias), Maria Cristina Heller (Martha of Bethany), Stefania Rocca (Mary of Bethany), Armin Mueller-Stahl (José), David O\'Hara (Joao Batista), Claudio Amendola (Barrabás), Christian Kohlund (Caifás), G.W. Bailey (Livio), Luca Zingaretti (Peter), Luca Barbareschi (Herodes Antipas), Jeroen Krabbé (Satan - Man), Peter Gevisser (Lazarus)','Ceská televize, Five Mile River Films, Beta Film, CBS Studios, Lux Vide','Vida obra y muerte de Jesus de Nazareth. Jesús, hijo de José y María, trabaja como carpintero recorriendo las tierras de Galilea. Desde bien pequeño, descubre que es hijo de Dios y que ha venido a la Tierra para redimir al hombre de todos sus pecados. El pueblo de Israel, dominado por Roma, intenta ver en él un libertador que expulse al Gobernador Poncio Pilatos, un hombre que desde su llegada muestra un insultante menosprecio por el pueblo judío. (Fuente: TMDB)','https://image.tmdb.org/t/p/original/eVIBcMgHra4hNcsaVEW9ksEiCi2.jpg',1,1,0,NULL,4,1,1,1,NULL,NULL,NULL,NULL,1,NULL,2,'2023-01-06 18:46:16',NULL,NULL,NULL,NULL,NULL,NULL,NULL,NULL,NULL,1,0,NULL,NULL,NULL,NULL,NULL,NULL,3,2),(336,12,1,10,'TMDB','2700',NULL,'tt0168331','Esther','Esther',1999,90,'DE IT US','en','Raffaele Mertes','Sandy Niemand','Ennio Morricone, Carlo Siliotto','Louise Lombard (Esther), Ornella Muti (Konigin Waschti), F. Murray Abraham (Mordechai), Jürgen Prochnow (Haman), Thomas Kretschmann (Konig Xerxes), John Hollis (Harbona), Umberto Orsini (Memuchan), Phil Davies (Hegai), Natasha Williams (Maimuna), Peter Halliday (Karschena), Christopher Ettridge (Hatach), Darren Bransford (Nehemia), Nicola Harrington (Mara), Peter Guinness (Admatha), Bruce Purchase (Hauptmann der Wache), Ilza Prestinari (Zeresch), Hassani Shapi (Schetar), Karl Geary (Dalfon)',NULL,'El Rey de los persas, convoca a su atractiva esposa Vashti, para mostrar su belleza a los invitados, la orgullosa reina se niega a venir. El rey rápidamente le prohíbe a ella volver a estar en su presencia, y da órdenes para que le traigan a las vírgenes jóvenes más hermosas de la tierra. La joven judía Esther, hija adoptiva de su tío Mardoqueo, se encuentra entre las niñas seleccionadas. (Fuente: TMDB)','https://image.tmdb.org/t/p/original/hbDYOr8rc6kDL0l3P2xRcDEDcrH.jpg',1,1,0,NULL,4,1,1,1,NULL,NULL,NULL,NULL,1,NULL,2,'2023-01-06 18:46:16',NULL,NULL,NULL,NULL,NULL,NULL,NULL,NULL,NULL,1,0,NULL,NULL,NULL,NULL,NULL,NULL,3,2),(337,12,1,13,'TMDB','58433',NULL,'tt0303668','The Apocalypse','La Biblia: Apocalipsis',2000,90,NULL,'en','Raffaele Mertes','Raffaele Mertes, Gianmario Pagano, Francesco Contaldo','Marco Frisina','Richard Harris (John), Benjamin Sadler (Valerius), Christian Kohlund (Quintus Maximus), Vittoria Belvedere (Irene), Erol Sander (Ionicus), Ian Duncan (Demetrius), Bruce Payne (Domitian), Walter Nudo (Hermes), Constantine Gregory (Corvus), Luca Ward (Eracle), Matt Patresi (Titone), Loris Loddi (Watchman), Massimiliano Pazzaglia (Silvano), Aaron Taylor-Johnson (Johanan), Alex McSweeney (Lucius), Carlo Greco (Senator), Luigi Diberti (Elder), Paolo Villaggio (Gaio), Jan Michelini (Christ)','Lube, A-Film Home Entertainment','Año 90 d.C. Imperio Romano. El emperador Domiciano, como los demás emperadores, exige ser adorado como un dios, pero los cristianos se niegan a reconocer su carácter divino. (FILMAFFINITY)','https://image.tmdb.org/t/p/original/hOwTkAgULeJGSKWmI4C4YnWV5dD.jpg',1,1,0,NULL,4,1,1,1,NULL,NULL,NULL,NULL,1,NULL,2,'2023-01-06 18:46:16',NULL,NULL,NULL,NULL,NULL,NULL,NULL,NULL,NULL,1,0,NULL,NULL,NULL,NULL,NULL,NULL,3,2),(338,12,1,8,'TMDB','58430',NULL,'tt0143889','Solomon','Salomón',1997,180,'US','en','Roger Young','Bradley T. Winter','Ennio Morricone, Patrick Williams','Ben Cross (Salomone), Maria Grazia Cucinotta (Abisag), Stefania Rocca (Anna), Vivica A. Fox (Regina di Saba), Anouk Aimée (Betsabea), Max von Sydow (Davide), Umberto Orsini (Natan), Richard Dillane (Jeroboam), Marta Zoffoli (Basemah), Ivan Kaye (Adonijah), G.W. Bailey (Azarel), Dexter Fletcher (Rehoboam), Roger Hammond (Zadok), Michael Culkin (Hiram of Naphtali), Stefan Gubser (Abiathar), Pete Lee-Wilson (Ahlijah), Ahmed Boulane (Farmir Sidon), Thom Hoffman (General Brealah)',NULL,'David, ahora un hombre viejo, sigue siendo el rey de Israel. Entre sus hijos, Adonías el ambicioso y el astuto Salomón. Los dos jóvenes son feroces rivales, ya que ambos son herederos potenciales al trono y sólo uno puede serlo. Durante una expedición de caza, Adonías desafía a su hermano Salomón para una carrera de carros. Mientras que Salomón, aunque valiente, aún conserva un poco de precaución, el temerario Adonías está deseoso de ganar a toda costa y pierde el control de su carro. Salomón lo lleva gravemente herido a Jerusalén. En el camino se encuentran con Abisag... (Fuente: TMDB)','https://image.tmdb.org/t/p/original/4DY1Bh5wfnit8bXyknuwyVDdRqH.jpg',1,1,0,NULL,4,1,1,1,NULL,NULL,NULL,NULL,1,NULL,2,'2023-01-06 18:46:16',NULL,NULL,NULL,NULL,NULL,NULL,NULL,NULL,NULL,1,0,NULL,NULL,NULL,NULL,NULL,NULL,3,2),(339,12,1,5,'TMDB','2719',NULL,'tt0117086','Moses','Moisés',1995,182,'DE IT US','en','Roger Young','Lionel Chetwynd','Ennio Morricone, Marco Frisina','Ben Kingsley (Moses), Frank Langella (Pharao Mernefta), Christopher Lee (Pharao Ramses), Anna Galiena (Ptira), Anita Zagaria (Jochebet), Enrico Lo Verso (Josua), Philippe Leroy (Tuntmin), David Suchet (Aaron), Geraldine McEwan (Mirjam), Maurice Roeves (Zerak), Anthony Higgins (Korah), Dudley Sutton (Hoherpriester), Philip Stone (Jitro), Federico Pacifici (Hur), Sonia Braga (Zippora), Anton Lesser (Eliav), Urbano Barberini (Nachbi), Paolo Calabresi (Palti), Riccardo Salerno (Kaleb)',NULL,'Tras ser hallado en un cesto por una princesa egipcia de la familia real, Moisés, un niño judío, vivirá durante años disfrutando del lujo y los privilegios de la corte faraónica. Pero, cuando averigua cuál es su origen, abandona Egipto y se retira al desierto para meditar. Llega entonces a la conclusión de que su misión es liberar a los esclavos hebreos, pero esto lo enfrentará con el Faraón, que intentará por todos los medios evitar que Moisés saque a los judíos de Egipto para conducirlos a la Tierra Prometida. (Fuente: TMDB)','https://image.tmdb.org/t/p/original/u8hChTsHfE793Y8z17IpZ0ke1s.jpg',1,1,0,NULL,4,1,1,1,NULL,NULL,NULL,NULL,1,NULL,2,'2023-01-06 18:46:16',NULL,NULL,NULL,NULL,NULL,NULL,NULL,NULL,NULL,1,0,NULL,NULL,NULL,NULL,NULL,NULL,3,2),(340,12,1,4,'TMDB','2405',NULL,'tt0113483','Joseph','José, los sueños del faraón',1995,195,'DE IT US','en','Roger Young','Lionel Chetwynd, James Carrington','Ennio Morricone, Marco Frisina','Ben Kingsley (Potifar), Paul Mercurio (Josef), Dominique Sanda (Lea), Lesley Ann Warren (Potifars Frau), Martin Landau (Jakob), Alice Krige (Rahel), Warren Clarke (Ednan), Monica Bellucci (Pharaos Frau), Stefano Dionisi (Pharao), Valéria Cavalli (Asenat), Kelly Miracco (Tamar), Gloria Carlin (Bilha), Michael Angelis (Ruben), Vincenzo Nicoli (Simeon), Colin Bruce (Levi), Michael Attwell (Juda), Davide Cincis (Dan), Rodolfo Corsato (Naftali), Pete Lee-Wilson (Gad), Selva Rasalingam (Ascher)','Beta Film, Lux Vide, Turner Pictures, Quinta Communications, Lube Productions','Adaptación televisiva de la historia bíblica de José, un muchacho que posee un don extraordinario que le permite adivinar el futuro a través de los sueños. Tras ser abandonado por sus hermanos y vendido como esclavo por unos beduinos, con el tiempo llega a ser un príncipe de Egipto. (Fuente: TMDB)','https://image.tmdb.org/t/p/original/gRkNuUjBvUxLZMGniK8a4CzU10j.jpg',1,1,0,NULL,4,1,1,1,NULL,NULL,NULL,NULL,1,NULL,2,'2023-01-06 18:46:16',NULL,NULL,NULL,NULL,NULL,NULL,NULL,NULL,NULL,1,0,NULL,NULL,NULL,NULL,NULL,NULL,3,2),(341,12,1,7,'TMDB','2734',NULL,'tt0118933','David','La Biblia: David',1997,190,'DE IT US','en','Robert Markowitz','Larry Gross','Ennio Morricone, Carlo Siliotto','Nathaniel Parker (David), Jonathan Pryce (Saul), Leonard Nimoy (Samuel), Sheryl Lee (Batseba), Ben Daniels (Jonatan), Richard Ashcroft (Abner), Gideon Turner (David als Heranwachsender), Maurice Roeves (Joab), Dominic Rowan (Abschalom), Edward Hall (Amnon), Clara Bellar (Tamar), Gina Bellman (Michal), Franco Nero (Natan), Mohamad Belfikh (Zadok), Peter-Hugo Daly (Ahitofel), Lina Sastri (Abigail), Peter Woodthorpe (Nabal), Marco Leonardi (Urija), Luke Elliot (Salomon)','Turner Network Television, Five Mile River Films, Beta Film, Lux Vide','Las tribus de Israel necesitan un rey para derrotar a la fuerza superior de los filisteos. El profeta Samuel da a los hebreos su primer rey, Saúl, un simple granjero, quien con la ayuda de Dios se convierte en un guerrero valiente y poderoso que dirige a las tribus unidas de Israel contra sus enemigos. Saulo, sin embargo, tiene dudas incesantes sobre su misión. No es lo suficientemente confiable de la sabiduría divina, actúa por su propia voluntad y por lo tanto los pecados contra el Señor. El influyente profeta Samuel se aleja de Saúl con el fin de seleccionar a un nuevo rey según la voluntad de Dios: David. Cuando David sale victorioso de su encuentro con Goliat, el guerrero de los filisteos más potente, se convierte en un héroe. Su fama despierta los celos del rey Saúl, quien siente que David le va a disputar su reinado. (FILMAFFINITY)','https://image.tmdb.org/t/p/original/PZZEIftzyQpqn1BoAXfX3B6l9B.jpg',1,1,0,NULL,4,1,1,1,NULL,NULL,NULL,NULL,1,NULL,2,'2023-01-06 18:46:16',NULL,NULL,NULL,NULL,NULL,NULL,NULL,NULL,NULL,1,0,NULL,NULL,NULL,NULL,NULL,NULL,3,2),(342,12,1,2,'TMDB','2701',NULL,'tt0109036','Abraham','Abraham',1993,175,'AT DE IT US','en','Joseph Sargent','Robert McKee','Ennio Morricone, Marco Frisina','Richard Harris (Abraham), Barbara Hershey (Sara), Carolina Rosi (Hagar), Vittorio Gassman (Terach), Andrea Prodan (Lot), Gottfried John (Eliezer), Kevin McNally (Nahor), Simona Ferraro (Lots Frau), Tom Radcliffe (Serug), Jude Alderson (Micha), Evelina Meghnagi (Reuma), Danny Mertsoy (Ismael als Kind), Giuseppe Peluso (Ismael als Heranwachsender), Timur Yusef (Isaak als Kind), Taylor Scipio (Isaak als Heranwachsender), Paolo Bonacelli (Melchisedek), Mattia Sbragia (Mamre)','Beta Film, Quinta Communications, Lube','Esta apasionante dramatización de la vida de Abraham, el siervo de Dios más probado y el padre del judaísmo, abarca desde la búsqueda del patriarca de la Tierra Prometida hasta el sacrificio de su hijo, Isaac. (Fuente: TMDB)','https://image.tmdb.org/t/p/original/pMPWn4L4cbgHi9o5LaA7MExUDWa.jpg',1,1,0,NULL,4,1,1,1,NULL,NULL,NULL,NULL,1,NULL,2,'2023-01-06 18:46:16',NULL,NULL,NULL,NULL,NULL,NULL,NULL,NULL,NULL,1,0,NULL,NULL,NULL,NULL,NULL,NULL,3,2),(343,12,1,3,'TMDB','2712',NULL,'tt0110175','Jacob','Jacob',1994,91,'DE IT AT US','en','Peter Hall','Lionel Chetwynd, Francesco Maria Nappi','Ennio Morricone, Marco Frisina','Matthew Modine (Jakob), Lara Flynn Boyle (Rahel), Sean Bean (Esau), Joss Ackland (Isaak), Juliet Aubrey (Lea), Irene Papas (Rebekka), Giancarlo Giannini (Laban), Christoph Waltz (Morasch), Christoph M. Ohrt (Beor), Philip Locke (Wahrsager), Cecilia Dazzi (Bilha), Yvonne Scio (Jehudit), Garry Cooper (Kanaaniter  1), Bev Willis (Kanaaniter  2), James Hayes (Jobonaham), Pádraig Lynch (Gaham), William Sleigh (Trurim), Linda Polan (Hebamme), Peter Gordon (Schafhirte)','Ceská televize, Beta Film, Lux Vide, ARD, RAI, ORF, Turner Pictures (I), Quinta Communications','En la tierra de Canaán, Isaac, el hijo de Abraham, vive con su mujer Rebeca y sus hijos gemelos Esaú y Jacob. Esaú, el primogénito, es un cazador fuerte y valiente con un apetito voraz por los placeres sensuales. Jacob es pastor, y más tierno y compasivo que su hermano. Los dos son el orgullo de su padre, pero Jacob es el preferido de su madre, que está convencida de que él es el legítimo heredero de Isaac y de Abraham. (Fuente: TMDB)','https://image.tmdb.org/t/p/original/bmwFf3fMgBKqtiST5sQ7wapeLFB.jpg',1,1,0,NULL,4,1,1,1,NULL,NULL,NULL,NULL,1,NULL,2,'2023-01-06 18:46:16',NULL,NULL,NULL,NULL,NULL,NULL,NULL,NULL,NULL,1,0,NULL,NULL,NULL,NULL,NULL,NULL,3,2),(344,12,1,6,'TMDB','58427',NULL,'tt0117547','Samson and Delilah','Sansón y Dalila',1996,180,'IT US','en','Nicolas Roeg','Nicolas Roeg, Allan Scott','Ennio Morricone, Marco Frisina','Elizabeth Hurley (Dalila), Eric Thal (Samson), Dennis Hopper (Generale Tariq), Debora Caprioglio (Rani), Jale Arikan (Noemi), Diana Rigg (Mara), Ben Becker (Prinz Sidqa), Pinkas Braun (Harach), Michael Gambon (King Hamun), Daniel Massey (Ira), Paul Freeman (Manoach), Alessandro Gassmann (Amrok), Sebastian Knapp (Yoram), Karl Tessler (Jehiel), Luke Mullaney (Amram), Tim Gallagher (Habor), Matt Green (Yoram Giovane), Mark McGann (Mahal), Nick Simons (Capraio)','Lux Vide, Turner Pictures (I), Lube, Beta Film','Debido a las ofensas cometidas contra Dios, los israelitas viven como esclavos bajo el dominio de los filisteos. Pero el Señor escucha las plegarias de su pueblo y les envía a un niño llamado Sansón, que llegará tener la fuerza de cien hombres y les ayudará a vencer a sus enemigos. Pronto, la noticia de la descomunal fuerza de Sansón llega a oídos del Rey Hanun y de la bella cortesana Dalila, a la que Sansón salva del ataque de un león. (Fuente: TMDB)','https://image.tmdb.org/t/p/original/2KMiwP8m3t2qbnONGgDbyjdDXuY.jpg',1,1,0,NULL,4,1,1,1,NULL,NULL,NULL,NULL,1,NULL,2,'2023-01-06 18:46:16',NULL,NULL,NULL,NULL,NULL,NULL,NULL,NULL,NULL,1,0,NULL,NULL,NULL,NULL,NULL,NULL,3,2),(345,12,1,1,'TMDB','2703',NULL,'tt0109884','Genesi: La creazione e il diluvio','Génesis',1994,135,'DE IT MA','it','Ermanno Olmi','Ermanno Olmi','Ennio Morricone','Omero Antonutti (Noah), Sabir Aziz (Adam), Haddou Zoubida (Eva), Annabi Abdelialil (Kain), B. Haddan Mohammed (Abel), Paul Scofield (Der alte Mann)',NULL,'Una oscuridad que todo lo envuelve. De repente, la voz de un niño, asustada, interrogante, atraviesa la oscuridad ... Los primeros rayos de luz parpadeantes comienzan a esculpir formas misteriosas de la oscuridad ... Entre ellos, un hombre muy viejo. Él tranquiliza al niño, exhortándolo a ver las maravillas de la tierra. Y es con los ojos de este niño que seremos testigos de la creación del mundo. (Fuente: TMDB)','https://image.tmdb.org/t/p/original/5UBkq5v92nKiAJiNWpYdFLHO4LT.jpg',1,1,0,NULL,4,1,1,1,NULL,NULL,NULL,NULL,1,NULL,2,'2023-01-06 18:46:16',NULL,NULL,NULL,NULL,NULL,NULL,NULL,NULL,NULL,1,0,NULL,NULL,NULL,NULL,NULL,NULL,3,2),(346,12,1,9,'TMDB','33201',NULL,'tt0174792','Jeremiah','La Biblia: Jeremías',1998,90,'IT','en','Harry Winer','Harry Winer','Bruce Broughton','Patrick Dempsey (Jeremiah), Oliver Reed (General Safan), Klaus Maria Brandauer (King Nebuchadnezzar), Leonor Varela (Judith), Anna Maguire (Young Girl), Anita Zagaria (Jeremiah\'s Mother), Vincent Regan (King Sedecia), Andrea Occhipinti (King Joiakim), Michael Cronin (Chelkia), Stuart Bunce (Baruch), Roger May (Elshuma), Simon Kunz (Gemariah), Silas Carson (Hananiah), Franco Castellano (Babylonian Minister), Damian Myerscough (Ephraim), Chris Pavlo (Hanamel), Luke Sheppard (Child Jeremiah)',NULL,'Jeremías, hijo del sacerdote de Jerusalén y descendiente de Aarón, recibe desde su infancia señales de que ha sido elegido como profeta de la palabra. Sus primeras intervenciones chocan con el pensamiento del Rey Josías, quien le aparta de Jerusalén al ser acusado de no seguir las enseñanzas del Señor. (Fuente: TMDB)','https://image.tmdb.org/t/p/original/gqMvXtHp4JIprXzjfv24IgYxlnP.jpg',1,1,0,NULL,4,1,1,1,NULL,NULL,NULL,NULL,1,NULL,2,'2023-01-06 18:46:16',NULL,NULL,NULL,NULL,NULL,NULL,NULL,NULL,NULL,1,0,NULL,NULL,NULL,NULL,NULL,NULL,3,2),(347,12,1,12,'TMDB','2707',NULL,'tt0270621','Saint Paul','Pablo de Tarso',2000,170,'CZ DE IT US','en','Roger Young','Gianmario Pagano, Gareth Jones','Carlo Siliotto','Johannes Brandrup (Paulus), Thomas Lockyer (Ruben), Barbora Bobulová (Dina), Ennio Fantastichini (Simon Petrus), Giorgio Pasotti (Johannes), Franco Nero (Gamaliel), Daniela Poggi (Maria), Umberto Orsini (Tribun), Christian Brendel (Jakobus), Giovanni Lombardo Radice (Herodes Antipas), Ian Ricketts (Amos), Jack Hedley (Hoherpriester), Massimo Sarchielli (Ananias), Riccardo Sardone (Stephanus), Faith Brook (Sara), Maria Cristina Heller (Hagar), Craig Huston (Gaius)',NULL,'Miniserie de TV de 2 episodios. Saúl de Tarso es un hombre de temperamento violento e implacable, perseguidor de los cristianos en Palestina. En uno de sus ataques a los acólitos de la nueva religión, cae de su caballo cegado por una deslumbrante luz, escuchando a la vez la voz de Jesús. A partir de ese momento, Saúl se convierte en San Pablo Apostol, tomando la palabra de Cristo con la misión de convertir a los gentiles. (Fuente: TMDB)','https://image.tmdb.org/t/p/original/zircChBvhgZrHrJiY4Voo7d0ODo.jpg',1,1,0,NULL,4,1,1,1,NULL,NULL,NULL,NULL,1,NULL,2,'2023-01-06 18:46:16',NULL,NULL,NULL,NULL,NULL,NULL,NULL,NULL,NULL,1,0,NULL,NULL,NULL,NULL,NULL,NULL,3,2),(348,13,1,1,'TMDB','890652',NULL,NULL,NULL,'El Principio',2013,120,NULL,'en','Crispin Reece, Christopher Spencer, Tony Mitchell','Richard Bedser','','Diogo Morgado (Jesus Christ), Keith David (Narrator), Roma Downey (Mother Mary), Sebastian Knapp (John), Adrian Schiller (Caiaphas), Paul Brightwell (Malchus), Greg Hicks (Pontius Pilate), Amber Rose Revah (Mary Magdalene), Louise Delamere (Claudia), Darwin Shaw (Peter), William Houston (Moses), Paul Marc Davis (Simon), Con O\'Neill (Paul), Francis Magee (Saul), Mohamen Mehdi Ouazanni (Satan), Andrew Scarborough (Joshua), Paul Freeman, Joe Wredden (Judas)','LightWorkers Media, History Channel. Emitida por: History Channel','Noe perdura la ira de Dios; Abraham llega a la Tierra Prometida, pero aún debe probar su fe en Dios; Moisés conduce a los israelitas de Egipto, y su fe en Dios es recompensado cuando las partes del Mar Rojo para permitir que los hijos de Israel para escapar de los carros de Faraón; Moisés pronuncia su mensaje final de Dios-los Diez Mandamientos.','https://image.tmdb.org/t/p/original/7qF0UkyH865w6xLAIziuB0llyq4.jpg',1,1,0,NULL,4,1,1,1,NULL,NULL,NULL,NULL,1,NULL,2,'2023-01-06 19:32:58',NULL,NULL,NULL,NULL,NULL,NULL,NULL,NULL,NULL,1,0,NULL,NULL,NULL,NULL,NULL,NULL,3,2),(349,13,1,2,'TMDB','1050932',NULL,NULL,NULL,'Patria',2013,120,NULL,'en','Crispin Reece, Christopher Spencer, Tony Mitchell','Richard Bedser','','Diogo Morgado (Jesus Christ), Keith David (Narrator), Roma Downey (Mother Mary), Sebastian Knapp (John), Adrian Schiller (Caiaphas), Paul Brightwell (Malchus), Greg Hicks (Pontius Pilate), Amber Rose Revah (Mary Magdalene), Louise Delamere (Claudia), Darwin Shaw (Peter), William Houston (Moses), Paul Marc Davis (Simon), Con O\'Neill (Paul), Francis Magee (Saul), Mohamen Mehdi Ouazanni (Satan), Andrew Scarborough (Joshua), Paul Freeman, Joe Wredden (Judas)','LightWorkers Media, History Channel. Emitida por: History Channel','Mientras está en el exilio, Dios le dice a Moisés en la Zarza Ardiente que liberará a los israelitas de la esclavitud. Moisés regresa a Egipto y, con la ayuda de diez plagas devastadoras y el milagro de la separación del Mar Rojo, lleva a los israelitas a la libertad. En el Monte Sinaí, Moisés recibe leyes de Dios que prepararán a los israelitas para la vida en una nueva tierra.','https://image.tmdb.org/t/p/original/7f2lQ6JWN9ElylsSY3AOoQbayyw.jpg',1,1,0,NULL,4,1,1,1,NULL,NULL,NULL,NULL,1,NULL,2,'2023-01-06 19:32:58',NULL,NULL,NULL,NULL,NULL,NULL,NULL,NULL,NULL,1,0,NULL,NULL,NULL,NULL,NULL,NULL,3,2),(350,13,1,3,'TMDB','1050933',NULL,NULL,NULL,'Esperanza',2013,120,NULL,'en','Crispin Reece, Christopher Spencer, Tony Mitchell','Richard Bedser','','Diogo Morgado (Jesus Christ), Keith David (Narrator), Roma Downey (Mother Mary), Sebastian Knapp (John), Adrian Schiller (Caiaphas), Paul Brightwell (Malchus), Greg Hicks (Pontius Pilate), Amber Rose Revah (Mary Magdalene), Louise Delamere (Claudia), Darwin Shaw (Peter), William Houston (Moses), Paul Marc Davis (Simon), Con O\'Neill (Paul), Francis Magee (Saul), Mohamen Mehdi Ouazanni (Satan), Andrew Scarborough (Joshua), Paul Freeman, Joe Wredden (Judas)','LightWorkers Media, History Channel. Emitida por: History Channel','Josué conquista Jericó; Delilah traiciona a Sansón mientras los israelitas luchan contra los filisteos; Samuel unge a David King, un movimiento que podría arrojar a la nación a la guerra civil; Saúl se consume con los celos cuando David derrota a Goliat; El rey David inaugura una edad de oro para Israel, pero pronto es seducido por el poder y la lujuria por Betsabé; Dios perdona a David, y su hijo, Salomón, edifica el templo de Dios en Jerusalén.','https://image.tmdb.org/t/p/original/fZp2PY6TJ1q13JFnBF4UVeIDg1s.jpg',1,1,0,NULL,4,1,1,1,NULL,NULL,NULL,NULL,1,NULL,2,'2023-01-06 19:32:58',NULL,NULL,NULL,NULL,NULL,NULL,NULL,NULL,NULL,1,0,NULL,NULL,NULL,NULL,NULL,NULL,3,2),(351,13,1,4,'TMDB','1050934',NULL,NULL,NULL,'Misión',2013,120,NULL,'en','Crispin Reece, Christopher Spencer, Tony Mitchell','Richard Bedser','','Diogo Morgado (Jesus Christ), Keith David (Narrator), Roma Downey (Mother Mary), Sebastian Knapp (John), Adrian Schiller (Caiaphas), Paul Brightwell (Malchus), Greg Hicks (Pontius Pilate), Amber Rose Revah (Mary Magdalene), Louise Delamere (Claudia), Darwin Shaw (Peter), William Houston (Moses), Paul Marc Davis (Simon), Con O\'Neill (Paul), Francis Magee (Saul), Mohamen Mehdi Ouazanni (Satan), Andrew Scarborough (Joshua), Paul Freeman, Joe Wredden (Judas)','LightWorkers Media, History Channel. Emitida por: History Channel','Jesús y sus discípulos se mueven de ciudad en ciudad predicando el amor y el perdón. Sin embargo, no todos aprueban estos métodos radicales. Los milagros de Jesús son cada vez más prodigiosos, hasta que vence a la propia muerte y resucita a Lázaro de la tumba.','https://image.tmdb.org/t/p/original/bsOpKK93tCcu1E9XOqCx0aixRdB.jpg',1,1,0,NULL,4,1,1,1,NULL,NULL,NULL,NULL,1,NULL,2,'2023-01-06 19:32:58',NULL,NULL,NULL,NULL,NULL,NULL,NULL,NULL,NULL,1,0,NULL,NULL,NULL,NULL,NULL,NULL,3,2),(352,13,1,5,'TMDB','1050935',NULL,NULL,NULL,'Pasión',2013,120,NULL,'en','Crispin Reece, Christopher Spencer, Tony Mitchell','Richard Bedser','','Diogo Morgado (Jesus Christ), Keith David (Narrator), Roma Downey (Mother Mary), Sebastian Knapp (John), Adrian Schiller (Caiaphas), Paul Brightwell (Malchus), Greg Hicks (Pontius Pilate), Amber Rose Revah (Mary Magdalene), Louise Delamere (Claudia), Darwin Shaw (Peter), William Houston (Moses), Paul Marc Davis (Simon), Con O\'Neill (Paul), Francis Magee (Saul), Mohamen Mehdi Ouazanni (Satan), Andrew Scarborough (Joshua), Paul Freeman, Joe Wredden (Judas), Matthew Gravelle (Thomas)','LightWorkers Media, History Channel. Emitida por: History Channel','Jesús es condenado a la crucifixión. El pueblo de Jerusalén se lamenta mientras Jesús es obligado a arrastrar la cruz hasta el Gólgota, donde es crucificado a la vista de todos. Mientras la vida abandona su cuerpo, el cielo se oscurece y la tierra tiembla. Su madre llora.','https://image.tmdb.org/t/p/original/oYGXiYCgq3gynK36nUyiKCXCHyL.jpg',1,1,0,NULL,4,1,1,1,NULL,NULL,NULL,NULL,1,NULL,2,'2023-01-06 19:32:58',NULL,NULL,NULL,NULL,NULL,NULL,NULL,NULL,NULL,1,0,NULL,NULL,NULL,NULL,NULL,NULL,3,2),(353,14,1,2,'TMDB','505436',NULL,'tt6556670','Qu\'est-ce qu\'on a encore fait au Bon Dieu ?','Dios mío, ¿pero qué te hemos hecho… ahora?',2019,99,'FR','fr','Philippe de Chauveron, Troy Gregory, Pascale Guerre, Sonia Mandelbaum, Manuela Muller','Philippe de Chauveron, Guy Laurent','Marc Chouarain','Christian Clavier (Claude Verneuil), Chantal Lauby (Marie Verneuil), Ary Abittan (David Benichou), Medi Sadoun (Rachid Benassem), Frédéric Chau (Chao Ling), Noom Diawara (Charles Koffi), Frédérique Bel (Isabelle), Julia Piaton (Odile), Émilie Caen (Ségolene), Élodie Fontan (Laure), Pascal N\'Zonzi (André Koffi), Salimata Kamate (Madeleine Koffi), Tatiana Rojo (Viviane Koffi), Claudia Tagbo (Nicole), Hedi Bouchenafa (Arash), Loic Legendre (Le curé), Patson (Faux Vigneron), Gilles Cohen (Patrick)','TF1 Films Production, Les Films du 24, Les Films du Premier','Claude y Marie Verneuil se enfrentan a una nueva crisis doméstica. Sus cuatro yernos (Rachid, David, Chao y Charles) están decididos a abandonar Francia con sus mujeres y niños para probar suerte en el extranjero. Incapaces de imaginar a su familia lejos de ellos, Claude y Marie están listos para hacer cualquier cosa para contenerlos. Mientras tanto, la familia Koffi aterriza en Francia para la boda de su hija. (Fuente: TMDB)','https://image.tmdb.org/t/p/original/cy7tQPnjJT2bC07FD4gUBJG2N7w.jpg',0,0,0,NULL,5,1,1,1,NULL,NULL,NULL,NULL,1,NULL,2,'2023-01-08 00:30:15',NULL,NULL,NULL,NULL,NULL,NULL,NULL,NULL,NULL,1,0,NULL,NULL,NULL,NULL,NULL,NULL,3,2),(354,14,1,3,'TMDB','714869',NULL,'tt10405142','Qu\'est-ce qu\'on a tous fait au Bon Dieu ?','Dios mío, ¿pero qué nos has hecho?',2022,98,'FR','fr','Philippe de Chauveron','Philippe de Chauveron, Guy Laurent','','Christian Clavier (Claude Verneuil), Chantal Lauby (Marie Verneuil), Ary Abittan (David Benichou), Medi Sadoun (Rachid Benassem), Frédéric Chau (Chao Ling), Noom Diawara (Charles Koffi), Frédérique Bel (Isabelle), Émilie Caen (Ségolene), Élodie Fontan (Laure), Alice David (Odile), Pascal N\'Zonzi (André Koffi), Salimata Kamate (Madeleine Koffi), Tatiana Rojo (Viviane Koffi), Abbes Zahmani (Mohamed Benassem), Farida Ouchani (Moktaria Benassem), Bing Yin (Dong Ling), Heling Li (Xhu Ling)','UGC, Orange Studio','Para los 40 años de matrimonio de Claude y Marie Verneuil, sus cuatro hijas deciden organizar una gran fiesta sorpresa en la casa familiar de Chinon e invitar a los padres de cada uno de los yernos allí, durante unos días. (Fuente: TMDB)','https://image.tmdb.org/t/p/original/6fx6UQHcUdMhchwmIaDMchBTJt0.jpg',0,0,0,NULL,5,1,1,1,NULL,NULL,NULL,NULL,1,NULL,2,'2023-01-08 00:30:15',NULL,NULL,NULL,NULL,NULL,NULL,NULL,NULL,NULL,1,0,NULL,NULL,NULL,NULL,NULL,NULL,3,2),(355,14,1,1,'TMDB','262391',NULL,'tt2800240','Qu\'est-ce qu\'on a fait au Bon Dieu ?','Dios mío, ¿pero qué te hemos hecho?',2014,97,'FR','fr','Philippe de Chauveron, Luc Bricault, Coline Perruchon, Moritz Parisius, Bruce Amic, Leonard Gaultier','Philippe de Chauveron, Guy Laurent','Marc Chouarain','Christian Clavier (Claude Verneuil), Chantal Lauby (Marie Verneuil), Ary Abittan (David Benichou), Medi Sadoun (Rachid Benassem), Frédéric Chau (Chao Ling), Noom Diawara (Charles Koffi), Frédérique Bel (Isabelle Verneuil - wife of Benassem), Julia Piaton (Odile Verneuil - wife of Benichou), Émilie Caen (Ségolene Verneuil - wife of Ling), Élodie Fontan (Laure Verneuil), Pascal N\'Zonzi (André Koffi), Salimata Kamate (Madeleine Koffi), Tatiana Rojo (Viviane Koffi), Élie Semoun (Psychologist)','UGC','Claude y Marie Verneuil, un matrimonio católico y muy conservador, tienen cuatro hijas, a las que han tratado de inculcar sus valores y principios. Sin embargo, las chicas sólo les han dado disgustos: la mayor se casó con un musulmán; la segunda, con un judío, y la tercera, con un chino. El matrimonio deposita todas sus esperanzas en la hija menor, esperando que, al menos ella, se case por la iglesia. (Fuente: TMDB)','https://image.tmdb.org/t/p/original/bH0Fc3rS7zzt3FB7j9RgZC2xTzc.jpg',0,0,0,NULL,5,1,1,1,NULL,NULL,NULL,NULL,1,NULL,2,'2023-01-08 00:30:15',NULL,NULL,NULL,NULL,NULL,NULL,NULL,NULL,NULL,1,0,NULL,NULL,NULL,NULL,NULL,NULL,3,2),(356,16,1,1,'TMDB','361658',NULL,NULL,NULL,'Nuestros antepasados los chinos',1994,26,NULL,'fr','','','Michel Legrand, Lisbeth Gillan','Roger Carel (Narrateur), Albert Augier (Voice), Olivier Destrez (Voice), Michel Paulin (Voice), Patrick Préjean (Voice), Sady Rebbot (Voice), Gilles Tamiz (Voice)','Procidis','Pólvora, el primer explosivo, primero un juguete antes de convertirse en un arma. Inventado por los chinos, ha recorrido el mundo y realmente ha revolucionado el arte de la guerra ...','https://image.tmdb.org/t/p/original/lGwaPZloOeK9pNldAnJTrwnQddO.jpg',0,1,0,2,2,1,1,1,NULL,NULL,NULL,NULL,NULL,NULL,2,'2023-01-13 19:11:50',NULL,NULL,NULL,NULL,NULL,NULL,NULL,NULL,NULL,1,0,NULL,NULL,NULL,NULL,NULL,NULL,3,2),(357,16,1,2,'TMDB','361659',NULL,NULL,NULL,'Arquímedes y los griegos',1994,26,NULL,'fr','','','Michel Legrand, Lisbeth Gillan','Roger Carel (Narrateur), Albert Augier (Voice), Olivier Destrez (Voice), Michel Paulin (Voice), Patrick Préjean (Voice), Sady Rebbot (Voice), Gilles Tamiz (Voice)','Procidis','Maestro les cuenta a los niños sobre las invenciones del sabio Arquímedes ...','https://image.tmdb.org/t/p/original/w8ySYK8DaXK16MrmloUtP0XpTYI.jpg',0,1,0,2,2,1,1,1,NULL,NULL,NULL,NULL,NULL,NULL,2,'2023-01-13 19:11:50',NULL,NULL,NULL,NULL,NULL,NULL,NULL,NULL,NULL,1,0,NULL,NULL,NULL,NULL,NULL,NULL,3,2),(358,16,1,3,'TMDB','361665',NULL,NULL,NULL,'Herón de Alejandría',1994,26,NULL,'fr','','','Michel Legrand, Lisbeth Gillan','Roger Carel (Narrateur), Albert Augier (Voice), Olivier Destrez (Voice), Michel Paulin (Voice), Patrick Préjean (Voice), Sady Rebbot (Voice), Gilles Tamiz (Voice)','Procidis','Desde su fundación por Alejandro Magno, un ex alumno de Aristóteles, Alejandría ha sido un importante centro cultural y científico. Maestro evoca al genio poco conocido que fue Heron, un culto inventor que toca todo, uno de los últimos grandes representantes de la escuela de Alejandría ...','https://image.tmdb.org/t/p/original/ynFmS0PpriAGbPERTR6Mngegg09.jpg',0,1,0,2,2,1,1,1,NULL,NULL,NULL,NULL,NULL,NULL,2,'2023-01-13 19:11:50',NULL,NULL,NULL,NULL,NULL,NULL,NULL,NULL,NULL,1,0,NULL,NULL,NULL,NULL,NULL,NULL,3,2),(359,16,1,4,'TMDB','361660',NULL,NULL,NULL,'La medición del tiempo',1994,26,NULL,'fr','','','Michel Legrand, Lisbeth Gillan','Roger Carel (Narrateur), Albert Augier (Voice), Olivier Destrez (Voice), Michel Paulin (Voice), Patrick Préjean (Voice), Sady Rebbot (Voice), Gilles Tamiz (Voice)','Procidis','Si los chinos inventaron el reloj de agua, fue en Francia donde se inventó el primer reloj de peso ...','https://image.tmdb.org/t/p/original/jeQJsXohgflUfq3M6sBtdNtbua3.jpg',0,1,0,2,2,1,1,1,NULL,NULL,NULL,NULL,NULL,NULL,2,'2023-01-13 19:11:50',NULL,NULL,NULL,NULL,NULL,NULL,NULL,NULL,NULL,1,0,NULL,NULL,NULL,NULL,NULL,NULL,3,2),(360,16,1,5,'TMDB','361666',NULL,NULL,NULL,'Enrique el navegante y la cartografía',1994,26,NULL,'fr','','','Michel Legrand, Lisbeth Gillan','Roger Carel (Narrateur), Albert Augier (Voice), Olivier Destrez (Voice), Michel Paulin (Voice), Patrick Préjean (Voice), Sady Rebbot (Voice), Gilles Tamiz (Voice)','Procidis','Hasta finales de la Edad Media, los únicos mapas fiables eran los elaborados por Ptolomeo más de 1000 años antes. El miedo impedía a los marineros aventurarse más allá del mundo conocido. En el siglo XV, el rey Enrique, tercer hijo del rey Juan de Portugal, se dedicó al descubrimiento de los mares a través de la navegación. Se inician expediciones hacia el corazón de África, por las costas hasta Cabo Bojador o \"Cabo del Miedo\". Henry y todos los intrépidos navegantes portugueses empujaron los límites del conocimiento del mundo e hicieron posible dibujar nuevos mapas ...','https://image.tmdb.org/t/p/original/67ztABQd3OZPaqJsnZaMEpOEN9o.jpg',0,1,0,2,2,1,1,1,NULL,NULL,NULL,NULL,NULL,NULL,2,'2023-01-13 19:11:50',NULL,NULL,NULL,NULL,NULL,NULL,NULL,NULL,NULL,1,0,NULL,NULL,NULL,NULL,NULL,NULL,3,2),(361,16,1,6,'TMDB','361667',NULL,NULL,NULL,'Gutenberg y la imprenta',1994,26,NULL,'fr','','','Michel Legrand, Lisbeth Gillan','Roger Carel (Narrateur), Albert Augier (Voice), Olivier Destrez (Voice), Michel Paulin (Voice), Patrick Préjean (Voice), Sady Rebbot (Voice), Gilles Tamiz (Voice)','Procidis','Conoce al que inventó los caracteres metálicos de la imprenta y que supo superar todas las dificultades para imprimir su primer libro, la Biblia ...','https://image.tmdb.org/t/p/original/Alx0SSpyBeaGwyxxShktlNZFEKR.jpg',0,1,0,2,2,1,1,1,NULL,NULL,NULL,NULL,NULL,NULL,2,'2023-01-13 19:11:50',NULL,NULL,NULL,NULL,NULL,NULL,NULL,NULL,NULL,1,0,NULL,NULL,NULL,NULL,NULL,NULL,3,2),(362,16,1,7,'TMDB','361645',NULL,NULL,NULL,'Leonardo Da Vinci',1994,26,NULL,'fr','','','Michel Legrand, Lisbeth Gillan','Roger Carel (Narrateur), Albert Augier (Voice), Olivier Destrez (Voice), Michel Paulin (Voice), Patrick Préjean (Voice), Sady Rebbot (Voice), Gilles Tamiz (Voice)','Procidis','Leonardo adquirió en Florencia, en el taller del maestro Verrocchio, sus primeras habilidades en pintura y escultura. Pero pronto lo instó a seguir actuando: trazó planes para ciudades, carreteras y fortificaciones. Reconoció muy rápidamente su entorno, que dotó en muchas áreas a Leonardo, era un todoterreno. Pero a Laurenzio de Medici, que tiene influencia y poder en Florencia, no le agradaba mucho el joven Leonardo. Decepcionado de que no apreciamos sus habilidades, como resultado se fue a Milán, Leonardo ...','https://image.tmdb.org/t/p/original/6hEeOsEuShmmpRXhijNS6CvFaG5.jpg',0,1,0,2,2,1,1,1,NULL,NULL,NULL,NULL,NULL,NULL,2,'2023-01-13 19:11:50',NULL,NULL,NULL,NULL,NULL,NULL,NULL,NULL,NULL,1,0,NULL,NULL,NULL,NULL,NULL,NULL,3,2),(363,16,1,8,'TMDB','361646',NULL,NULL,NULL,'Médicos',1994,26,NULL,'fr','','','Michel Legrand, Lisbeth Gillan','Roger Carel (Narrateur), Albert Augier (Voice), Olivier Destrez (Voice), Michel Paulin (Voice), Patrick Préjean (Voice), Sady Rebbot (Voice), Gilles Tamiz (Voice)','Procidis','Si ahora tenemos dolor de cabeza, solemos tomar una pastilla. Pero en la antigüedad - según lo informado por Maestro - fue la eliminación de una causa más grave los dolores de cabeza. Abrieron el cráneo del paciente porque se creía que pequeño, esto causaría quejas de animales atrapados. Y ya estamos viendo con el desarrollo de la medicina. Partiendo de los chinos, babilonios y egipcios, llegamos a los griegos. Fue Hipócrates, quien se ocupó como uno de los primeros y científicamente intensivos con las enfermedades y su tratamiento ...','https://image.tmdb.org/t/p/original/3GS0EB9Q1FOLjGFWIRVnkkRabiM.jpg',0,1,0,2,2,1,1,1,NULL,NULL,NULL,NULL,NULL,NULL,2,'2023-01-13 19:11:50',NULL,NULL,NULL,NULL,NULL,NULL,NULL,NULL,NULL,1,0,NULL,NULL,NULL,NULL,NULL,NULL,3,2),(364,16,1,9,'TMDB','361647',NULL,NULL,NULL,'Galileo',1994,26,NULL,'fr','','','Michel Legrand, Lisbeth Gillan','Roger Carel (Narrateur), Albert Augier (Voice), Olivier Destrez (Voice), Michel Paulin (Voice), Patrick Préjean (Voice), Sady Rebbot (Voice), Gilles Tamiz (Voice)','Procidis','Vemos al joven Galileo en Pisa, donde está creciendo. Un día, mientras estaba con su amigo en lo alto de la torre inclinada, se le ocurrió la pregunta de si el corpulento amigo lograría saltar al fondo profundo más rápido, más liviano que el Galileo. Varios años después, Galileo encuentra la respuesta a esta pregunta. En 1578, Galileo escribió a uno de la Universidad de Pisa, en el campo de la anatomía. Un día, mientras visitaba una iglesia, ingresó a través de un proyecto en movimiento para compensar el candelabro. Galileo estudió el movimiento e inventó el péndulo ...','https://image.tmdb.org/t/p/original/ghqasNz0fVqaF3rIF6H0LkALKDJ.jpg',0,1,0,2,2,1,1,1,NULL,NULL,NULL,NULL,NULL,NULL,2,'2023-01-13 19:11:50',NULL,NULL,NULL,NULL,NULL,NULL,NULL,NULL,NULL,1,0,NULL,NULL,NULL,NULL,NULL,NULL,3,2),(365,16,1,10,'TMDB','958409',NULL,NULL,NULL,'Newton',1994,26,NULL,'fr','','','Michel Legrand, Lisbeth Gillan','Roger Carel (Narrateur), Albert Augier (Voice), Olivier Destrez (Voice), Michel Paulin (Voice), Patrick Préjean (Voice), Sady Rebbot (Voice), Gilles Tamiz (Voice)','Procidis','Maestro comienza con su historia y dice que los astronautas en el espacio solo fueron posibles gracias a los brillantes descubrimientos y cálculos de un tal Isaac Newton. Cuando era niño, pastoreaba las ovejas de su padre Isaac. Pero incluso a esta temprana edad, mostró al inventor de un gran talento. Desarrolló varias máquinas, inventó relojes de agua y construyó cometas sofisticadas. En la finca de su padre, desarrolló su teoría del cálculo de la luz, luego cayó como un día una manzana de un árbol sobre su cabeza, era un Newton, sería que la ley de la gravedad ...','https://image.tmdb.org/t/p/original/6G9rnKT9v9LFa1vdT7g2SRl4fNy.jpg',0,1,0,2,2,1,1,1,NULL,NULL,NULL,NULL,NULL,NULL,2,'2023-01-13 19:11:50',NULL,NULL,NULL,NULL,NULL,NULL,NULL,NULL,NULL,1,0,NULL,NULL,NULL,NULL,NULL,NULL,3,2),(366,16,1,11,'TMDB','361648',NULL,NULL,NULL,'Buffon',1994,26,NULL,'fr','','','Michel Legrand, Lisbeth Gillan','Roger Carel (Narrateur), Albert Augier (Voice), Olivier Destrez (Voice), Michel Paulin (Voice), Patrick Préjean (Voice), Sady Rebbot (Voice), Gilles Tamiz (Voice)','Procidis','Recordemos que Galileo había demostrado que la tierra gira alrededor del sol. Newton descubrió la ley de la gravedad. Y un obispo irlandés llamado James Ussher cree saber exactamente de acuerdo con sus cálculos de la Biblia en el nacimiento de nuestro planeta el 29 de octubre de 4004 a. C. Fue el naturalista francés Georges Louis de Buffon, quien señaló lo absurdo de este cálculo. Ahora sabemos dónde surgieron las primeras formas de vida, como la propagación de la vida del agua a la tierra, ya que siempre se desarrollaron formas más complejas y muchas más. Además de esta \"historia de nuestra tierra y de la vida\" estaba sin duda Georges Louis de Buffon.','https://image.tmdb.org/t/p/original/cAY1rpy6xLRk5nB9mwez8kXKLM0.jpg',0,1,0,2,2,1,1,1,NULL,NULL,NULL,NULL,NULL,NULL,2,'2023-01-13 19:11:50',NULL,NULL,NULL,NULL,NULL,NULL,NULL,NULL,NULL,1,0,NULL,NULL,NULL,NULL,NULL,NULL,3,2),(367,16,1,12,'TMDB','361649',NULL,NULL,NULL,'Lavoisier y la química',1994,26,NULL,'fr','','','Michel Legrand, Lisbeth Gillan','Roger Carel (Narrateur), Albert Augier (Voice), Olivier Destrez (Voice), Michel Paulin (Voice), Patrick Préjean (Voice), Sady Rebbot (Voice), Gilles Tamiz (Voice)','Procidis','“Hoy hace mucho calor”. Así comienza su historia y Maestro invita a su audiencia a un viaje hacia la química. Un nombre está indisolublemente ligado al desarrollo de esta ciencia: Lavoisier. Incluso con 17 años, Lavoisier trabajó con el fenómeno “calor \"Pronto, piensa, cómo mejorar la iluminación nocturna en París. A los 25 años, es miembro de la Real Academia de Ciencias. Descubre que el aire es una mezcla de gases ...','https://image.tmdb.org/t/p/original/uE9rm99obZ3NRaRdzoyekrMETuR.jpg',0,1,0,2,2,1,1,1,NULL,NULL,NULL,NULL,NULL,NULL,2,'2023-01-13 19:11:50',NULL,NULL,NULL,NULL,NULL,NULL,NULL,NULL,NULL,1,0,NULL,NULL,NULL,NULL,NULL,NULL,3,2),(368,16,1,13,'TMDB','361661',NULL,NULL,NULL,'Stephenson a todo vapor',1994,26,NULL,'fr','','','Michel Legrand, Lisbeth Gillan','Roger Carel (Narrateur), Albert Augier (Voice), Olivier Destrez (Voice), Michel Paulin (Voice), Patrick Préjean (Voice), Sady Rebbot (Voice), Gilles Tamiz (Voice)','Procidis','Incluso en los días de Garza de Alejandría conocía el poder del vapor, sin saber cómo podían ser razonablemente posibles. Fue a finales del siglo XVII, cuando un tal Papin Denis resolvió este problema. A él le debemos la invención de la olla a presión de vapor. Otros investigadores abordaron el fenómeno del \"vapor\" en varias ocasiones. Primero New-comen, y luego James Watt. Él es el científico Stephenson, su máquina de vapor \"que vale la pena matar\" está construida sobre ruedas, que maneja con la ayuda de vapor. Este es el nacimiento de la locomotora de vapor ...','https://image.tmdb.org/t/p/original/mYroko2SP9ym6ML82utnM3tU2py.jpg',0,1,0,2,2,1,1,1,NULL,NULL,NULL,NULL,NULL,NULL,2,'2023-01-13 19:11:50',NULL,NULL,NULL,NULL,NULL,NULL,NULL,NULL,NULL,1,0,NULL,NULL,NULL,NULL,NULL,NULL,3,2),(369,16,1,14,'TMDB','361662',NULL,NULL,NULL,'Faraday y la electricidad',1995,26,NULL,'fr','','','Michel Legrand, Lisbeth Gillan','Roger Carel (Narrateur), Albert Augier (Voice), Olivier Destrez (Voice), Michel Paulin (Voice), Patrick Préjean (Voice), Sady Rebbot (Voice), Gilles Tamiz (Voice)','Procidis','Por este motivo, Maestro ha elegido el tema de la \"electricidad\". El primer encuentro con este misterioso fenómeno fue y para las personas la descarga de un rayo. Ha sido durante mucho tiempo un misterio para esta fuerza misteriosa, para un tal Michael Faraday debería resolverlo. Estaba a principios del siglo XIX en Inglaterra, hijo de un pobre herrero. Al principio fue la insaciable curiosidad del niño que experimentó mucho y se sorprendió por los arrebatos autoinducidos de sus padres y su entorno. Muy temprano en Faraday reconoce que un \"imán en movimiento\" dispara corrientes eléctricas. Investigador incansable y busca explicaciones de esta situación ...','https://image.tmdb.org/t/p/original/oHLYY7YcoF3oyvhDBdUo7IFx7X9.jpg',0,1,0,2,2,1,1,1,NULL,NULL,NULL,NULL,NULL,NULL,2,'2023-01-13 19:11:50',NULL,NULL,NULL,NULL,NULL,NULL,NULL,NULL,NULL,1,0,NULL,NULL,NULL,NULL,NULL,NULL,3,2),(370,16,1,15,'TMDB','361663',NULL,NULL,NULL,'Darwin y la evolución',1995,26,NULL,'fr','','','Michel Legrand, Lisbeth Gillan','Roger Carel (Narrateur), Albert Augier (Voice), Olivier Destrez (Voice), Michel Paulin (Voice), Patrick Préjean (Voice), Sady Rebbot (Voice), Gilles Tamiz (Voice)','Procidis','Es el año 1860. En una reunión, un tal obispo Wilberforce cuestiona la teoría de Charles Darwin: \"¿Se supone que el hombre desciende de los simios? ¡Imposible! Entonces los abuelos de Darwin tendrían que haber sido los mismos simios ...\". Esta disputa fue provocada por la publicación de Darwin sobre \"El origen de las especies\". No hay duda de que los humanos no descienden de los simios. Darwin nunca dijo eso tampoco. Pero hoy sabemos, gracias a Darwin, que tenemos un origen común con los simios y que estamos relativamente \"estrechamente\" relacionados con ellos.','https://image.tmdb.org/t/p/original/nBRpAmUluosoeK2hSYlS7Nahtyy.jpg',0,1,0,2,2,1,1,1,NULL,NULL,NULL,NULL,NULL,NULL,2,'2023-01-13 19:11:50',NULL,NULL,NULL,NULL,NULL,NULL,NULL,NULL,NULL,1,0,NULL,NULL,NULL,NULL,NULL,NULL,3,2),(371,16,1,16,'TMDB','361664',NULL,NULL,NULL,'Mendel y los guisantes',1995,26,NULL,'fr','','','Michel Legrand, Lisbeth Gillan','Roger Carel (Narrateur), Albert Augier (Voice), Olivier Destrez (Voice), Michel Paulin (Voice), Patrick Préjean (Voice), Sady Rebbot (Voice), Gilles Tamiz (Voice)','Procidis','Maestro cuenta en este episodio la historia de un hombre que logró cazar las leyes de la herencia y formular: Gregor Mendel. Incluso de niño aprendió de su padre cómo mejorar los árboles frutales mediante injertos. Y luego hace las dos primeras preguntas: ¿Por qué algunos árboles tienen frutos particularmente hermosos? ¿Por qué algunos animales de las ovejas son particularmente fuertes y poderosos? Y sobre todo, la pregunta crucial: ¿qué leyes son las características de los padres sobre los hijos y sobre la próxima generación ...?','https://image.tmdb.org/t/p/original/gMo5AVr1dTutrSzcj5uEoYvHpwk.jpg',0,1,0,2,2,1,1,1,NULL,NULL,NULL,NULL,NULL,NULL,2,'2023-01-13 19:11:50',NULL,NULL,NULL,NULL,NULL,NULL,NULL,NULL,NULL,1,0,NULL,NULL,NULL,NULL,NULL,NULL,3,2),(372,16,1,17,'TMDB','361650',NULL,NULL,NULL,'Pasteur y los microorganismos',1995,26,NULL,'fr','','','Michel Legrand, Lisbeth Gillan','Roger Carel (Narrateur), Albert Augier (Voice), Olivier Destrez (Voice), Michel Paulin (Voice), Patrick Préjean (Voice), Sady Rebbot (Voice), Gilles Tamiz (Voice)','Procidis','Fue el científico francés Louis Pasteur, quien en el siglo XIX hizo el gran descubrimiento de que nuestro mundo está lleno de pequeños organismos microscópicos. Pasteur pronto descubrió que algunos de estos organismos desencadenaban enfermedades como difteria, peste, fiebre tifoidea, fiebre amarilla, cólera, tuberculosis, influenza y rabia. Fue un descubrimiento revolucionario para su época. Pasteur examinó cómo se transmiten estas enfermedades y qué papel ha jugado la higiene.','https://image.tmdb.org/t/p/original/hcNeCEPBOI8EwS9m6vsS8IETjFv.jpg',0,1,0,2,2,1,1,1,NULL,NULL,NULL,NULL,NULL,NULL,2,'2023-01-13 19:11:50',NULL,NULL,NULL,NULL,NULL,NULL,NULL,NULL,NULL,1,0,NULL,NULL,NULL,NULL,NULL,NULL,3,2),(373,16,1,18,'TMDB','361651',NULL,NULL,NULL,'Edison y la ciencia aplicada',1995,26,NULL,'fr','','','Michel Legrand, Lisbeth Gillan','Roger Carel (Narrateur), Albert Augier (Voice), Olivier Destrez (Voice), Michel Paulin (Voice), Patrick Préjean (Voice), Sady Rebbot (Voice), Gilles Tamiz (Voice)','Procidis','En este episodio se cuenta la historia de un maestro de los inventores más brillantes de todos los tiempos: Thomas Alva Edison. Nació en 1847 en Milan, Ohio. Edison ya estaba en los últimos años, muy curioso. Devoró todos los libros de ciencia y empezó a experimentar en casa. Las explosiones y las ventanas rotas no son infrecuentes. Puede registrar 1300 patentes durante su vida. La lista de sus inventos era interminable, así que mejoró el teléfono de Graham Bell, desarrolló el fonógrafo y el proyector de películas. Lo más destacado de su carrera fue, sin embargo, representar la invención de la iluminación eléctrica mediante lámparas incandescentes, lo que lo hizo famoso en todo el mundo.','https://image.tmdb.org/t/p/original/s4kEZjqDiRcgedtpXInbUFL0jNW.jpg',0,1,0,2,2,1,1,1,NULL,NULL,NULL,NULL,NULL,NULL,2,'2023-01-13 19:11:50',NULL,NULL,NULL,NULL,NULL,NULL,NULL,NULL,NULL,1,0,NULL,NULL,NULL,NULL,NULL,NULL,3,2),(374,16,1,19,'TMDB','361652',NULL,NULL,NULL,'Marconi y las ondas',1995,26,NULL,'fr','','','Michel Legrand, Lisbeth Gillan','Roger Carel (Narrateur), Albert Augier (Voice), Olivier Destrez (Voice), Michel Paulin (Voice), Patrick Préjean (Voice), Sady Rebbot (Voice), Gilles Tamiz (Voice)','Procidis','\"Comunicaciones\" es la palabra, basada en el Maestro comienza su historia. Primero describe los métodos aventureros del antiguo Egipto y los griegos, sin mencionar la transmisión de mensajes por señales de humo con los indios. Pero no fue hasta el siglo XIX que un italiano descubrió la transferencia mediante ondas. Se trataba de Guillermo Marconi, que el 25 de abril de 1874 nació en Bolonia. Marconi desarrolló una campana que se podía operar sin cables ...','https://image.tmdb.org/t/p/original/pnjC4uXzcgTKlxpyH5owtka2Ga2.jpg',0,1,0,2,2,1,1,1,NULL,NULL,NULL,NULL,NULL,NULL,2,'2023-01-13 19:11:50',NULL,NULL,NULL,NULL,NULL,NULL,NULL,NULL,NULL,1,0,NULL,NULL,NULL,NULL,NULL,NULL,3,2),(375,16,1,20,'TMDB','361653',NULL,NULL,NULL,'Ford y el automóvil',1995,26,NULL,'fr','','','Michel Legrand, Lisbeth Gillan','Roger Carel (Narrateur), Albert Augier (Voice), Olivier Destrez (Voice), Michel Paulin (Voice), Patrick Préjean (Voice), Sady Rebbot (Voice), Gilles Tamiz (Voice)','Procidis','Maestro va al inicio de esta secuencia en un verdadero clásico y que su historia ya está zanjada: el automóvil. Al principio se produjo la invención de la rueda, que para los antiguos fue un avance revolucionario. Pasarían varios siglos, hasta que finalmente el estadounidense Henry Ford a fines del siglo XIX desarrolló automóviles, que se fabricaban en producción en masa.','https://image.tmdb.org/t/p/original/aXBteqZg18j6HW0JlSJJt7FmjfC.jpg',0,1,0,2,2,1,1,1,NULL,NULL,NULL,NULL,NULL,NULL,2,'2023-01-13 19:11:50',NULL,NULL,NULL,NULL,NULL,NULL,NULL,NULL,NULL,1,0,NULL,NULL,NULL,NULL,NULL,NULL,3,2),(376,16,1,21,'TMDB','361654',NULL,NULL,NULL,'La aviación',1995,26,NULL,'fr','','','Michel Legrand, Lisbeth Gillan','Roger Carel (Narrateur), Albert Augier (Voice), Olivier Destrez (Voice), Michel Paulin (Voice), Patrick Préjean (Voice), Sady Rebbot (Voice), Gilles Tamiz (Voice)','Procidis','El sueño de volar, un sueño tan antiguo como la humanidad misma. Al principio fue Ícaro y luego Clément Ader, quien desarrolló una máquina de vapor de vuelo basada en el principio de las alas de murciélago. Luego Otto Lilienthal y sus planeadores. Sin mencionar a los hermanos Wright, el avión desarrollado y construido conjuntamente. En 1908, el francés Blériot cruzó el Canal. 1927 sucede que Charles Lindbergh cruza el Atlántico. El sueño de volar se ha cumplido.','https://image.tmdb.org/t/p/original/ccQ1aMGkOWV1Tt7YuUG0oWdHw7P.jpg',0,1,0,2,2,1,1,1,NULL,NULL,NULL,NULL,NULL,NULL,2,'2023-01-13 19:11:50',NULL,NULL,NULL,NULL,NULL,NULL,NULL,NULL,NULL,1,0,NULL,NULL,NULL,NULL,NULL,NULL,3,2),(377,16,1,22,'TMDB','956848',NULL,NULL,NULL,'Marie Curie',1995,26,NULL,'fr','','','Michel Legrand, Lisbeth Gillan','Roger Carel (Narrateur), Albert Augier (Voice), Olivier Destrez (Voice), Michel Paulin (Voice), Patrick Préjean (Voice), Sady Rebbot (Voice), Gilles Tamiz (Voice)','Procidis','Maestro comienza su historia en Polonia, en particular en Varsovia a partir de 1867. Es el 7 de noviembre nace Marie Sklodowska, que es hoy, recibió más de 60 años después de su muerte, cuando Madame Curie en la historia. En 1891, Marie fue a estudiar a París. En Francia, a las mujeres se les permite estudiar en la universidad, lo que pasó en su país de origen no es posible. Estudió física y matemáticas, conoció a su futuro marido, el físico Pierre Curie y se ocupa de los misteriosos rayos.','https://image.tmdb.org/t/p/original/nk2nNH8PVrrLmA9kAG5vnmFn0uw.jpg',0,1,0,2,2,1,1,1,NULL,NULL,NULL,NULL,NULL,NULL,2,'2023-01-13 19:11:50',NULL,NULL,NULL,NULL,NULL,NULL,NULL,NULL,NULL,1,0,NULL,NULL,NULL,NULL,NULL,NULL,3,2),(378,16,1,23,'TMDB','958428',NULL,NULL,NULL,'Einstein',1995,26,NULL,'fr','','','Michel Legrand, Lisbeth Gillan','Roger Carel (Narrateur), Albert Augier (Voice), Olivier Destrez (Voice), Michel Paulin (Voice), Patrick Préjean (Voice), Sady Rebbot (Voice), Gilles Tamiz (Voice)','Procidis','Einstein, físico de origen alemán, es autor de las teorías de la relatividad y revisa las nociones físicas de espacio y tiempo ...','https://image.tmdb.org/t/p/original/nE8kY0bVLtWevAYmk16oN4R5H3K.jpg',0,1,0,2,2,1,1,1,NULL,NULL,NULL,NULL,NULL,NULL,2,'2023-01-13 19:11:50',NULL,NULL,NULL,NULL,NULL,NULL,NULL,NULL,NULL,1,0,NULL,NULL,NULL,NULL,NULL,NULL,3,2),(379,16,1,24,'TMDB','361655',NULL,NULL,NULL,'Lorenz el padre de los gansos',1995,26,NULL,'fr','','','Michel Legrand, Lisbeth Gillan','Roger Carel (Narrateur), Albert Augier (Voice), Olivier Destrez (Voice), Michel Paulin (Voice), Patrick Préjean (Voice), Sady Rebbot (Voice), Gilles Tamiz (Voice)','Procidis','Desde el principio, el joven Lorenz había descubierto su amor por los animales. En la casa de sus padres en Altenberg, Austria, había más que suficiente: perros, monos, gansos, patos y muchos más. Lorenz estudió primero el comportamiento de los cuervos, que terminó en un entorno natural. Observó su cortejo, apareamiento, la eclosión de los pichones y su primer vuelo.','https://image.tmdb.org/t/p/original/6EqNuDZOK7PL5Zsw9oyw8MFrIyH.jpg',0,1,0,2,2,1,1,1,NULL,NULL,NULL,NULL,NULL,NULL,2,'2023-01-13 19:11:50',NULL,NULL,NULL,NULL,NULL,NULL,NULL,NULL,NULL,1,0,NULL,NULL,NULL,NULL,NULL,NULL,3,2),(380,16,1,25,'TMDB','361656',NULL,NULL,NULL,'Armstrong y la luna',1995,26,NULL,'fr','','','Michel Legrand, Lisbeth Gillan','Roger Carel (Narrateur), Albert Augier (Voice), Olivier Destrez (Voice), Michel Paulin (Voice), Patrick Préjean (Voice), Sady Rebbot (Voice), Gilles Tamiz (Voice)','Procidis','En 1969, después de muchas aventuras, Neil Armstrong finalmente puso un pie en la Luna ...','https://image.tmdb.org/t/p/original/wfgJrxvXL7ZN9adQi3vxzrStUuu.jpg',0,1,0,2,2,1,1,1,NULL,NULL,NULL,NULL,NULL,NULL,2,'2023-01-13 19:11:50',NULL,NULL,NULL,NULL,NULL,NULL,NULL,NULL,NULL,1,0,NULL,NULL,NULL,NULL,NULL,NULL,3,2),(381,16,1,26,'TMDB','361657',NULL,NULL,NULL,'¿Mañana?',1995,26,NULL,'fr','','','Michel Legrand, Lisbeth Gillan','Roger Carel (Narrateur), Albert Augier (Voice), Olivier Destrez (Voice), Michel Paulin (Voice), Patrick Préjean (Voice), Sady Rebbot (Voice), Gilles Tamiz (Voice)','Procidis','Los niños se preguntan qué queda por descubrir. Maestro los tranquiliza: los orígenes de la vida y los misterios del cosmos siguen siendo enigmas ...','https://image.tmdb.org/t/p/original/mE6qzniCcdlHkSw2c5nbI8HjFNG.jpg',0,1,0,2,2,1,1,1,NULL,NULL,NULL,NULL,NULL,NULL,2,'2023-01-13 19:11:50',NULL,NULL,NULL,NULL,NULL,NULL,NULL,NULL,NULL,1,0,NULL,NULL,NULL,NULL,NULL,NULL,3,2),(382,16,1,1,'TMDB','1378285',NULL,NULL,NULL,'Episodio 1',1981,120,NULL,'fr','','','Michel Legrand, Lisbeth Gillan','Anthony Hopkins (Paul of Tarsus), Robert Foxworth (Peter the Fisherman), Eddie Albert (Festus), Raymond Burr (Herod Agrippa I), José Ferrer (Gamaliel), Jon Finch (Luke), David Gwillim (Mark), Herbert Lom (Barnabas), Jean Peters (Priscilla), Julian Fellowes (Nero), Shanit Keter (Daphne), Denis Lill (James I), John Rhys-Davies (Silas), Gareth Thomas (Julius), Giannis Voglis (John), Clive Arrindell (Timothy), Kenneth Colley (Theodotus), Vernon Dobtcheff (High Priest of Herod)','Procidis',NULL,NULL,NULL,NULL,NULL,NULL,NULL,1,1,1,NULL,NULL,NULL,NULL,NULL,NULL,2,'2023-02-01 02:46:00',NULL,NULL,NULL,NULL,NULL,NULL,NULL,NULL,NULL,1,NULL,NULL,NULL,NULL,NULL,NULL,NULL,3,2),(383,16,1,2,'TMDB','1378286',NULL,NULL,NULL,'Episodio 2',1981,120,NULL,'fr','','','Michel Legrand, Lisbeth Gillan','Anthony Hopkins (Paul of Tarsus), Robert Foxworth (Peter the Fisherman), Eddie Albert (Festus), Raymond Burr (Herod Agrippa I), José Ferrer (Gamaliel), Jon Finch (Luke), David Gwillim (Mark), Herbert Lom (Barnabas), Jean Peters (Priscilla), Julian Fellowes (Nero), Shanit Keter (Daphne), Denis Lill (James I), John Rhys-Davies (Silas), Gareth Thomas (Julius), Giannis Voglis (John), Clive Arrindell (Timothy), Kenneth Colley (Theodotus), Vernon Dobtcheff (High Priest of Herod)','Procidis',NULL,NULL,NULL,NULL,NULL,NULL,NULL,1,1,1,NULL,NULL,NULL,NULL,NULL,NULL,2,'2023-02-01 02:46:01',NULL,NULL,NULL,NULL,NULL,NULL,NULL,NULL,NULL,1,NULL,NULL,NULL,NULL,NULL,NULL,NULL,3,2);
/*!40000 ALTER TABLE `prod_3capitulos` ENABLE KEYS */;
UNLOCK TABLES;

--
-- Table structure for table `prod_4edicion`
--

DROP TABLE IF EXISTS `prod_4edicion`;
/*!40101 SET @saved_cs_client     = @@character_set_client */;
/*!50503 SET character_set_client = utf8mb4 */;
CREATE TABLE `prod_4edicion` (
  `id` int(10) unsigned NOT NULL AUTO_INCREMENT,
  `pelicula_id` int(10) unsigned DEFAULT NULL,
  `coleccion_id` int(10) unsigned DEFAULT NULL,
  `capitulo_id` int(10) unsigned DEFAULT NULL,
  `nombre_original` varchar(70) DEFAULT NULL,
  `nombre_castellano` varchar(70) DEFAULT NULL,
  `duracion` smallint(5) unsigned DEFAULT NULL,
  `ano_estreno` smallint(5) unsigned DEFAULT NULL,
  `ano_fin` smallint(5) unsigned DEFAULT NULL,
  `paises_id` varchar(14) DEFAULT NULL,
  `idioma_original_id` varchar(2) DEFAULT NULL,
  `direccion` varchar(100) DEFAULT NULL,
  `guion` varchar(100) DEFAULT NULL,
  `musica` varchar(100) DEFAULT NULL,
  `actores` varchar(500) DEFAULT NULL,
  `produccion` varchar(100) DEFAULT NULL,
  `sinopsis` varchar(900) DEFAULT NULL,
  `avatar` varchar(18) DEFAULT NULL,
  `avatar_url` varchar(100) DEFAULT NULL,
  `cfc` tinyint(1) unsigned DEFAULT NULL,
  `ocurrio` tinyint(1) unsigned DEFAULT NULL,
  `musical` tinyint(1) unsigned DEFAULT NULL,
  `tipo_actuacion_id` tinyint(3) unsigned DEFAULT NULL,
  `publico_id` tinyint(3) unsigned DEFAULT NULL,
  `personaje_id` smallint(5) unsigned DEFAULT NULL,
  `hecho_id` smallint(5) unsigned DEFAULT NULL,
  `valor_id` smallint(5) unsigned DEFAULT NULL,
  `editado_por_id` int(10) unsigned NOT NULL,
  `editado_en` datetime NOT NULL DEFAULT utc_timestamp(),
  PRIMARY KEY (`id`),
  UNIQUE KEY `id` (`id`),
  KEY `pelicula_id` (`pelicula_id`),
  KEY `coleccion_id` (`coleccion_id`),
  KEY `capitulo_id` (`capitulo_id`),
  KEY `idioma_original_id` (`idioma_original_id`),
  KEY `publico_sugerido_id` (`publico_id`),
  KEY `personaje_id` (`personaje_id`),
  KEY `hecho_id` (`hecho_id`),
  KEY `valor_id` (`valor_id`),
  KEY `editado_por_id` (`editado_por_id`),
  KEY `prod_4edicion_FK` (`tipo_actuacion_id`),
  CONSTRAINT `prod_4edicion_FK` FOREIGN KEY (`tipo_actuacion_id`) REFERENCES `prod_tipos_actuacion` (`id`),
  CONSTRAINT `prod_4edicion_ibfk_1` FOREIGN KEY (`pelicula_id`) REFERENCES `prod_1peliculas` (`id`),
  CONSTRAINT `prod_4edicion_ibfk_10` FOREIGN KEY (`personaje_id`) REFERENCES `rclv_1personajes` (`id`),
  CONSTRAINT `prod_4edicion_ibfk_11` FOREIGN KEY (`hecho_id`) REFERENCES `rclv_2hechos` (`id`),
  CONSTRAINT `prod_4edicion_ibfk_12` FOREIGN KEY (`valor_id`) REFERENCES `rclv_3valores` (`id`),
  CONSTRAINT `prod_4edicion_ibfk_13` FOREIGN KEY (`editado_por_id`) REFERENCES `usuarios` (`id`),
  CONSTRAINT `prod_4edicion_ibfk_2` FOREIGN KEY (`coleccion_id`) REFERENCES `prod_2colecciones` (`id`),
  CONSTRAINT `prod_4edicion_ibfk_3` FOREIGN KEY (`capitulo_id`) REFERENCES `prod_3capitulos` (`id`),
  CONSTRAINT `prod_4edicion_ibfk_6` FOREIGN KEY (`idioma_original_id`) REFERENCES `aux_idiomas` (`id`),
  CONSTRAINT `prod_4edicion_ibfk_9` FOREIGN KEY (`publico_id`) REFERENCES `prod_publicos` (`id`)
) ENGINE=InnoDB AUTO_INCREMENT=75 DEFAULT CHARSET=utf8mb4;
/*!40101 SET character_set_client = @saved_cs_client */;

--
-- Dumping data for table `prod_4edicion`
--

LOCK TABLES `prod_4edicion` WRITE;
/*!40000 ALTER TABLE `prod_4edicion` DISABLE KEYS */;
INSERT INTO `prod_4edicion` VALUES (7,NULL,2,NULL,'Love Comes Softly',NULL,NULL,NULL,NULL,NULL,NULL,NULL,NULL,'Ken Thorne, Michael Wetherwax, William Ashford, Kevin Kiner, Stephen Graziano, Stephen McKeon',NULL,NULL,NULL,NULL,NULL,NULL,NULL,NULL,NULL,NULL,NULL,NULL,NULL,10,'2022-03-16 23:25:22'),(8,6,NULL,NULL,NULL,NULL,NULL,NULL,NULL,NULL,NULL,NULL,NULL,NULL,NULL,NULL,NULL,'1671621230750.jpg',NULL,1,1,0,NULL,4,53,1,1,10,'2022-12-21 11:13:50'),(9,7,NULL,NULL,NULL,NULL,NULL,NULL,NULL,NULL,NULL,NULL,NULL,NULL,NULL,NULL,NULL,'1671639372462.jpg',NULL,1,1,0,NULL,4,11,1,1,10,'2022-12-21 16:16:13'),(11,8,NULL,NULL,NULL,NULL,NULL,NULL,NULL,NULL,NULL,NULL,NULL,NULL,NULL,NULL,NULL,NULL,NULL,1,1,0,NULL,4,11,NULL,NULL,10,'2022-12-22 01:40:25'),(12,9,NULL,NULL,NULL,NULL,NULL,NULL,NULL,NULL,NULL,NULL,NULL,NULL,NULL,NULL,NULL,'1671673650869.jpg',NULL,1,1,0,NULL,4,11,1,1,10,'2022-12-22 01:47:30'),(13,NULL,3,NULL,NULL,NULL,NULL,NULL,NULL,NULL,NULL,'Franco Zeffirelli, Piero Amati, Pippo Pisciotto, Mohamed Abbazi','Suso Cecchi d\'Amico, Franco Zeffirelli, Anthony Burgess',NULL,NULL,NULL,NULL,NULL,NULL,1,1,0,NULL,4,11,NULL,NULL,10,'2022-12-22 02:05:53'),(14,10,NULL,NULL,NULL,NULL,NULL,NULL,NULL,NULL,NULL,NULL,NULL,NULL,NULL,NULL,NULL,'1671676166835.jpg',NULL,1,1,0,NULL,4,54,1,1,10,'2022-12-22 02:29:26'),(15,NULL,4,NULL,NULL,NULL,200,NULL,NULL,NULL,NULL,NULL,NULL,NULL,NULL,NULL,NULL,'1671680289755.jpg',NULL,1,1,0,NULL,4,55,1,1,10,'2022-12-22 03:38:09'),(17,11,NULL,NULL,NULL,NULL,NULL,NULL,NULL,NULL,NULL,NULL,NULL,NULL,NULL,NULL,NULL,'1671837847046.jpg',NULL,0,1,0,NULL,3,52,21,13,10,'2022-12-23 23:24:07'),(18,12,NULL,NULL,NULL,NULL,NULL,NULL,NULL,NULL,NULL,NULL,NULL,NULL,NULL,NULL,NULL,'1671838114554.jpg',NULL,0,1,0,NULL,3,1,23,1,10,'2022-12-23 23:28:34'),(19,13,NULL,NULL,NULL,NULL,NULL,NULL,NULL,NULL,NULL,NULL,NULL,NULL,NULL,NULL,NULL,'1672346224950.jpg',NULL,1,1,0,NULL,4,57,1,1,10,'2022-12-29 20:37:05'),(20,14,NULL,NULL,NULL,NULL,NULL,NULL,NULL,NULL,NULL,NULL,'Desconocido','Desconocido',NULL,NULL,'Historia donde se narran las apariciones de la Virgen de Guadalupe, tal y como se plasman en el documento Nican Mopohua, de Antonio Valeriano.','1672492680107.jpg',NULL,1,1,0,NULL,2,1,24,1,10,'2022-12-31 13:18:00'),(21,15,NULL,NULL,NULL,NULL,NULL,NULL,NULL,'CO ES',NULL,'Rafael Lara','Edui Tijerina','Alejandro Karo','Julián Gil, Mayrin Villanueva, Fernando Allende, Santiago Ramundo, Sergio Goyri, Gaby Espino, Eugenio Siller, Lincoln Palomeque, Marlene Favela, Sérgio Marone',NULL,'Narra la vida de Jesús a partir de su estadía en el desierto del Valle del Jordán pasando por el viacrucis y llegando a la resurrección.','1673009185861.jpg',NULL,1,1,0,NULL,5,11,1,1,10,'2023-01-01 21:03:25'),(22,16,NULL,NULL,NULL,NULL,NULL,NULL,NULL,'US',NULL,NULL,'Tom Fontana','Bill Conti',NULL,'Fatima Productions, Paramount Television, Paulist Productions','Judas Iscariote. Un poblador de la judea y vendedor de vinos con una feroz inclinación hacia la rebeldía. Resentido por el tratamiento que su gente recibe de los opresores romanos, Judas anhela algo de acción extrema. Tras oír los rumores de que hay un Mesías entre ellos, Judas siente que el momento ha llegado y sale a la búsqueda de Jesús de Nazaret, el profeta que con tiernas palabras predica sobre el amor, cura a los enfermos y causa conmoción. Acogido en su grupo de discípulos, Judas se ve inmediatamente intimidado por Jesús. Pero la tensión pronto aflora y mientras Jesús hace uso de sus poderes espirituales y rechaza la violencia, Judas tiene en mente utilizar tácticas mucho más físicas. Este enfrentamiento de ideales y los crecientes celos de Judas conspiran con los eventos. Al tiempo que las autoridades se van acercando, Judas es incitado a cometer el acto más extremo de traición.','1672608158721.jpg',NULL,1,1,0,NULL,5,54,1,1,10,'2023-01-01 21:22:38'),(23,17,NULL,NULL,NULL,NULL,NULL,NULL,NULL,NULL,NULL,NULL,NULL,NULL,NULL,NULL,NULL,'1672610778698.jpg',NULL,1,1,0,NULL,4,58,1,1,10,'2023-01-01 22:06:18'),(24,18,NULL,NULL,NULL,NULL,NULL,NULL,NULL,NULL,NULL,NULL,NULL,NULL,NULL,NULL,NULL,'1672611190114.jpg',NULL,1,1,0,NULL,4,58,1,1,10,'2023-01-01 22:13:10'),(27,NULL,6,NULL,NULL,NULL,NULL,NULL,NULL,NULL,NULL,NULL,NULL,NULL,NULL,NULL,NULL,'1672623272997.jpg',NULL,1,1,0,NULL,5,NULL,1,1,10,'2023-01-02 01:34:33'),(28,NULL,NULL,27,NULL,NULL,NULL,NULL,NULL,NULL,NULL,NULL,NULL,NULL,NULL,NULL,NULL,'1672623779776.jpg',NULL,NULL,NULL,NULL,NULL,NULL,58,NULL,NULL,10,'2023-01-02 01:43:00'),(31,NULL,NULL,24,NULL,NULL,NULL,NULL,NULL,NULL,NULL,NULL,NULL,NULL,NULL,NULL,NULL,NULL,NULL,NULL,NULL,NULL,NULL,NULL,54,NULL,NULL,10,'2023-01-02 01:44:54'),(32,NULL,NULL,22,NULL,NULL,NULL,NULL,NULL,NULL,NULL,NULL,NULL,NULL,NULL,'Lux Vide, Epsilon TV Production',NULL,NULL,NULL,NULL,NULL,NULL,NULL,NULL,13,NULL,NULL,10,'2023-01-02 01:45:37'),(34,NULL,NULL,23,NULL,NULL,NULL,NULL,NULL,NULL,NULL,NULL,NULL,NULL,NULL,'Lux Vide, Epsilon TV Production',NULL,NULL,NULL,NULL,NULL,NULL,NULL,NULL,59,NULL,NULL,10,'2023-01-02 01:46:00'),(35,21,NULL,NULL,NULL,NULL,NULL,NULL,NULL,NULL,NULL,NULL,NULL,NULL,NULL,NULL,NULL,'1672625305862.jpg',NULL,1,1,0,NULL,4,60,1,1,10,'2023-01-02 02:08:26'),(36,1,NULL,NULL,NULL,NULL,NULL,NULL,NULL,NULL,NULL,'William Rieadq',NULL,NULL,NULL,NULL,NULL,NULL,NULL,NULL,NULL,NULL,NULL,NULL,NULL,NULL,NULL,10,'2023-01-03 20:46:05'),(38,22,NULL,NULL,NULL,NULL,NULL,NULL,NULL,'ES',NULL,NULL,NULL,NULL,NULL,NULL,NULL,NULL,NULL,1,1,0,NULL,4,NULL,NULL,NULL,10,'2023-01-05 19:03:24'),(39,NULL,7,NULL,NULL,NULL,NULL,NULL,NULL,NULL,NULL,'Richard Rich','Orson Scott Card, Brian Nissen','Desconocido','Dibujos animados','Nest Family Entertainment, Rich Animation Studios, Crest Animation Productions','Historias Animadas del Nuevo Testamento','1672947626077.jpg',NULL,1,1,0,NULL,2,11,1,51,10,'2023-01-05 19:40:26'),(40,23,NULL,NULL,NULL,NULL,NULL,NULL,NULL,NULL,NULL,NULL,'Desconocido','Desconocido',NULL,'Desconocido','Desconocido desconocido','1672948598038.jpg',NULL,1,1,0,NULL,4,60,1,1,10,'2023-01-05 19:56:38'),(42,NULL,8,NULL,NULL,NULL,60,NULL,NULL,NULL,NULL,NULL,'Vivian de Oliveira','Daniel Figueiredo',NULL,NULL,NULL,'1672973675223.jpg',NULL,1,1,0,NULL,4,61,1,1,10,'2023-01-06 02:54:35'),(43,25,NULL,NULL,NULL,NULL,NULL,NULL,NULL,NULL,NULL,NULL,NULL,NULL,NULL,NULL,'Desconocido desconocido','1672975984862.jpg',NULL,1,1,0,NULL,2,61,1,1,10,'2023-01-06 03:33:05'),(46,27,NULL,NULL,NULL,NULL,NULL,NULL,NULL,NULL,NULL,NULL,NULL,'Daniel Figueiredo',NULL,NULL,NULL,'1672977009004.jpg',NULL,1,1,0,NULL,4,61,1,1,10,'2023-01-06 03:50:09'),(47,28,NULL,NULL,NULL,NULL,NULL,NULL,NULL,NULL,NULL,NULL,NULL,'Desconocido',NULL,NULL,'Desconocido desconocido','1672977406297.jpg',NULL,1,1,0,NULL,2,61,1,1,10,'2023-01-06 03:56:46'),(48,29,NULL,NULL,NULL,NULL,NULL,NULL,NULL,NULL,NULL,NULL,NULL,NULL,NULL,'Coproducción Reino Unido-Italia; Associated Television (ATV), ITC, Radiotelevisione Italiana (RAI)',NULL,'1672977525521.jpg',NULL,1,1,0,NULL,4,61,1,1,10,'2023-01-06 03:58:45'),(49,30,NULL,NULL,NULL,NULL,50,NULL,NULL,'AU',NULL,'Richard Slapczynski','Paul Leadon','Tony King','Dibujos animados','Burbank Animation Studios','Nada más nacer, Moisés, un bebé hebreo, es abandonado en el Nilo por su madre. La esposa del faraón encuentra al pequeño y decide criarlo como a su propio hijo. Moisés crece junto a su hermano egipcio, Ramsés, entre juegos y travesuras. Cuando Moisés se hace hombre descubre la verdad de su nacimiento y, confuso, huye al desierto. Allí se une a un grupo de nómadas hebreos y se hace pastor. Un día, Dios se le aparece en forma de arbusto en llamas y le encomienda la misión de liberar a los esclavos hebreos que retiene el Faraón. Moisés vuelve a Egipto para exigir la liberación de su pueblo y encuentra que Ramsés se ha convertido en el nuevo Faraón. (FILMAFFINITY)','1672977852784.jpg',NULL,1,1,0,NULL,2,61,1,1,10,'2023-01-06 04:04:12'),(50,31,NULL,NULL,NULL,NULL,70,NULL,NULL,'ES',NULL,NULL,NULL,'Guido De Gaetano, Paolo Zavallone','Dibujos animados','Mondo TV','Desconocido desconocido','1672978704981.jpg',NULL,1,1,0,NULL,2,61,1,1,10,'2023-01-06 04:18:25'),(51,26,NULL,NULL,NULL,NULL,109,NULL,NULL,'US',NULL,'Brenda Chapman, Steve Hickner, Simon Wells','Philip LaZebnik, Nicholas Meyer','Desconocido','Dibujos animados','Dreamworks Pictures',NULL,NULL,NULL,1,1,0,NULL,2,61,NULL,NULL,10,'2023-01-06 04:29:15'),(52,NULL,9,NULL,NULL,NULL,NULL,NULL,NULL,NULL,NULL,'Roger Young','Lionel Chetwynd','Marco Frisina','Ben Kingsley, Frank Langella, Christopher Lee, Anna Galiena, Enrico Lo Verso, David Suchet, Maurice Roeves, Anthony Higgins, Philippe Leroy, Philip Stone, Anton Lesser, Anita Zagaria, Dudley Sutton','Coproducción Estados Unidos-España-Francia-Italia; TNT, Antena 3 Televisión, Beta Film GmbH,','Tras ser hallado en un cesto por una princesa egipcia de la familia real, Moisés, un niño judío, vivirá durante años disfrutando del lujo y los privilegios de la corte faraónica. Pero, cuando averigua cuál es su origen, abandona Egipto y se retira al desierto para meditar. Llega entonces a la conclusión de que su misión es liberar a los esclavos hebreos, pero esto lo enfrentará con el Faraón, que intentará por todos los medios evitar que Moisés saque a los judíos de Egipto para conducirlos a la Tierra Prometida. (FILMAFFINITY)','1672979575101.jpg',NULL,1,1,0,NULL,4,61,1,1,10,'2023-01-06 04:32:55'),(53,32,NULL,NULL,NULL,NULL,NULL,NULL,NULL,NULL,NULL,NULL,NULL,NULL,NULL,NULL,NULL,'1672979785298.jpg',NULL,1,1,0,NULL,4,61,1,1,10,'2023-01-06 04:36:25'),(54,NULL,10,NULL,NULL,NULL,88,NULL,NULL,NULL,NULL,NULL,NULL,NULL,NULL,'Hallmark Entertainment',NULL,'1672980349406.jpg',NULL,1,1,0,NULL,4,61,1,1,10,'2023-01-06 04:45:49'),(55,33,NULL,NULL,NULL,NULL,NULL,NULL,NULL,NULL,NULL,NULL,NULL,NULL,NULL,NULL,NULL,'1672980604641.jpg',NULL,1,1,0,NULL,2,61,1,1,10,'2023-01-06 04:50:04'),(57,34,NULL,NULL,NULL,NULL,45,NULL,NULL,NULL,NULL,NULL,NULL,'David Evans','Dibujos animados',NULL,'Moisés, quien fue recogido de una cesta que iba a la deriva en el río Nilo cuando era pequeño, huye de su malvado hermanastro Ramsés, y se marcha al desierto en compañía de un pájaro cantarín y algo escandaloso llamado Whistler. Su narra cómo salvó a su gente de la esclavitud y les condujo a la tierra de la leche y de la miel, abrió las aguas del Mar Rojo, y recibió las tablas de la ley con los Diez Mandamientos en el Monte Shaí. (FILMAFFINITY)',NULL,NULL,1,1,0,NULL,2,61,NULL,NULL,10,'2023-01-06 04:55:59'),(58,35,NULL,NULL,NULL,NULL,91,NULL,NULL,NULL,NULL,NULL,NULL,'Alejandro Karo',NULL,'Beverly Hills Entertainment','Desconocido','1672607004857.jpg',NULL,1,1,0,NULL,4,11,1,1,10,'2023-01-06 12:46:26'),(60,NULL,12,NULL,NULL,NULL,NULL,NULL,NULL,NULL,NULL,NULL,NULL,NULL,NULL,NULL,NULL,'1673030775241.jpg',NULL,1,1,0,NULL,4,NULL,1,1,10,'2023-01-06 18:46:15'),(61,NULL,13,NULL,NULL,NULL,120,NULL,NULL,NULL,NULL,NULL,NULL,'Lorne Balfe, Hans Zimmer',NULL,'LightWorkers Media, History Channel. Emitida por: History Channel',NULL,'1673033577318.jpg',NULL,1,1,0,NULL,4,NULL,1,1,10,'2023-01-06 19:32:57'),(62,36,NULL,NULL,NULL,'Quédate un poco',NULL,NULL,NULL,NULL,NULL,NULL,NULL,'Ibrahim Maalouf',NULL,NULL,'Gad Elmaleh, afincado en Estados Unidos desde hace tres años, volvió a Francia sin atreverse a confesar ante su familia que lo hizo para convertirse al catolicismo. Cuando los padres de Gad, David y Régine, escuchan la noticia, es una pesadilla: su hijo no podría haberlo hecho peor. Decididos a devolver a Gad a su judaísmo, harán de su conversión un campo de batalla. Dios lo hará... (fuente: cine.com)','1673137412092.jpg',NULL,0,0,0,NULL,5,1,1,52,10,'2023-01-08 00:23:32'),(65,NULL,14,NULL,'Qu\'est-ce qu\'on a fait au Bon Dieu ?','Dios mío, ¿pero qué te hemos hecho?',NULL,NULL,NULL,NULL,NULL,'Philippe de Chauveron, Luc Bricault, Coline Perruchon, Moritz Parisius, Bruce Amic',NULL,NULL,NULL,NULL,NULL,NULL,NULL,0,0,0,NULL,5,NULL,NULL,11,10,'2023-01-08 00:31:34'),(66,37,NULL,NULL,NULL,NULL,NULL,NULL,NULL,NULL,NULL,NULL,NULL,NULL,NULL,NULL,NULL,NULL,NULL,1,1,0,1,4,53,1,1,10,'2023-01-13 12:32:30'),(69,40,NULL,NULL,NULL,NULL,NULL,NULL,NULL,NULL,NULL,NULL,NULL,NULL,NULL,NULL,NULL,NULL,NULL,1,1,0,1,4,11,1,1,10,'2023-01-13 15:56:27'),(71,NULL,16,NULL,NULL,NULL,26,NULL,NULL,NULL,NULL,'Albert Barillé','Albert Barillé',NULL,NULL,NULL,NULL,NULL,NULL,0,1,0,2,2,NULL,1,1,10,'2023-01-13 16:22:50'),(74,43,NULL,NULL,NULL,NULL,NULL,NULL,NULL,NULL,NULL,NULL,NULL,NULL,NULL,NULL,NULL,NULL,NULL,1,1,0,1,4,NULL,NULL,NULL,10,'2023-01-26 13:51:18');
/*!40000 ALTER TABLE `prod_4edicion` ENABLE KEYS */;
UNLOCK TABLES;

--
-- Table structure for table `prod_categ1`
--

DROP TABLE IF EXISTS `prod_categ1`;
/*!40101 SET @saved_cs_client     = @@character_set_client */;
/*!50503 SET character_set_client = utf8mb4 */;
CREATE TABLE `prod_categ1` (
  `id` varchar(3) NOT NULL,
  `orden` tinyint(3) unsigned NOT NULL,
  `nombre` varchar(50) NOT NULL,
  PRIMARY KEY (`id`)
) ENGINE=InnoDB DEFAULT CHARSET=utf8mb4;
/*!40101 SET character_set_client = @saved_cs_client */;

--
-- Dumping data for table `prod_categ1`
--

LOCK TABLES `prod_categ1` WRITE;
/*!40000 ALTER TABLE `prod_categ1` DISABLE KEYS */;
INSERT INTO `prod_categ1` VALUES ('CFC',1,'Centradas en la Fe Católica'),('VPC',2,'Valores Presentes en la Cultura');
/*!40000 ALTER TABLE `prod_categ1` ENABLE KEYS */;
UNLOCK TABLES;

--
-- Table structure for table `prod_categ2_sub`
--

DROP TABLE IF EXISTS `prod_categ2_sub`;
/*!40101 SET @saved_cs_client     = @@character_set_client */;
/*!50503 SET character_set_client = utf8mb4 */;
CREATE TABLE `prod_categ2_sub` (
  `id` varchar(3) NOT NULL,
  `orden_abm` tinyint(3) unsigned NOT NULL,
  `orden_cons` tinyint(3) unsigned DEFAULT NULL,
  `nombre` varchar(50) NOT NULL,
  `cfc` tinyint(1) DEFAULT NULL,
  `vpc` tinyint(1) DEFAULT NULL,
  `rclv_necesario` varchar(10) DEFAULT NULL,
  `pers_codigo` varchar(3) DEFAULT NULL,
  `hechos_codigo` varchar(3) DEFAULT NULL,
  `url` varchar(20) NOT NULL,
  PRIMARY KEY (`id`)
) ENGINE=InnoDB DEFAULT CHARSET=utf8mb4;
/*!40101 SET character_set_client = @saved_cs_client */;

--
-- Dumping data for table `prod_categ2_sub`
--

LOCK TABLES `prod_categ2_sub` WRITE;
/*!40000 ALTER TABLE `prod_categ2_sub` DISABLE KEYS */;
INSERT INTO `prod_categ2_sub` VALUES ('AMA',6,4,'Apariciones Marianas',1,0,'hecho','AMA','ama','ap_marianas'),('ANT',8,3,'Antiguo Testamento',1,0,'personaje','ANT','ant','ant_testamento'),('BIO',7,5,'Biografías',0,1,'personaje',NULL,NULL,'bios'),('CNT',5,2,'Contemporáneos de Jesús',1,0,'personaje','CNT','cnt','contemporaneos'),('DOC',3,9,'Documentales',1,1,NULL,NULL,NULL,'documentales'),('HAG',7,5,'Hagiografías',1,0,'personaje','HAG','pst','hagiografias'),('HIG',9,6,'Historias de la Iglesia',1,0,NULL,NULL,NULL,'historias'),('HIS',9,6,'Historias',0,1,'hecho',NULL,NULL,'historias'),('JSS',4,1,'Jesús',1,0,'personaje','JSS','jss','jesus'),('MUS',1,8,'Musicales',1,1,NULL,NULL,NULL,'musicales'),('NOV',2,7,'Novelas',1,1,NULL,NULL,NULL,'novelas');
/*!40000 ALTER TABLE `prod_categ2_sub` ENABLE KEYS */;
UNLOCK TABLES;

--
-- Table structure for table `prod_publicos`
--

DROP TABLE IF EXISTS `prod_publicos`;
/*!40101 SET @saved_cs_client     = @@character_set_client */;
/*!50503 SET character_set_client = utf8mb4 */;
CREATE TABLE `prod_publicos` (
  `id` tinyint(3) unsigned NOT NULL AUTO_INCREMENT,
  `orden` tinyint(3) unsigned NOT NULL,
  `nombre` varchar(100) NOT NULL,
  PRIMARY KEY (`id`)
) ENGINE=InnoDB AUTO_INCREMENT=6 DEFAULT CHARSET=utf8mb4;
/*!40101 SET character_set_client = @saved_cs_client */;

--
-- Dumping data for table `prod_publicos`
--

LOCK TABLES `prod_publicos` WRITE;
/*!40000 ALTER TABLE `prod_publicos` DISABLE KEYS */;
INSERT INTO `prod_publicos` VALUES (1,5,'Menores solamente'),(2,4,'Menores (apto familia)'),(3,3,'Familia'),(4,2,'Mayores (apto familia)'),(5,1,'Mayores solamente');
/*!40000 ALTER TABLE `prod_publicos` ENABLE KEYS */;
UNLOCK TABLES;

--
-- Table structure for table `prod_si_no_parcial`
--

DROP TABLE IF EXISTS `prod_si_no_parcial`;
/*!40101 SET @saved_cs_client     = @@character_set_client */;
/*!50503 SET character_set_client = utf8mb4 */;
CREATE TABLE `prod_si_no_parcial` (
  `id` tinyint(3) unsigned NOT NULL AUTO_INCREMENT,
  `productos` varchar(10) NOT NULL,
  `links` varchar(10) NOT NULL,
  `si` tinyint(1) NOT NULL,
  `no` tinyint(1) NOT NULL,
  PRIMARY KEY (`id`)
) ENGINE=InnoDB AUTO_INCREMENT=4 DEFAULT CHARSET=utf8mb4;
/*!40101 SET character_set_client = @saved_cs_client */;

--
-- Dumping data for table `prod_si_no_parcial`
--

LOCK TABLES `prod_si_no_parcial` WRITE;
/*!40000 ALTER TABLE `prod_si_no_parcial` DISABLE KEYS */;
INSERT INTO `prod_si_no_parcial` VALUES (1,'SI','SI',1,0),(2,'Parcial','Tal vez',0,0),(3,'NO','NO',0,1);
/*!40000 ALTER TABLE `prod_si_no_parcial` ENABLE KEYS */;
UNLOCK TABLES;

--
-- Table structure for table `prod_tipos_actuacion`
--

DROP TABLE IF EXISTS `prod_tipos_actuacion`;
/*!40101 SET @saved_cs_client     = @@character_set_client */;
/*!50503 SET character_set_client = utf8mb4 */;
CREATE TABLE `prod_tipos_actuacion` (
  `id` tinyint(3) unsigned NOT NULL AUTO_INCREMENT,
  `orden` tinyint(3) unsigned NOT NULL,
  `nombre` varchar(30) NOT NULL,
  `anime` tinyint(1) NOT NULL,
  `documental` tinyint(1) NOT NULL,
  PRIMARY KEY (`id`)
) ENGINE=InnoDB AUTO_INCREMENT=4 DEFAULT CHARSET=utf8mb4;
/*!40101 SET character_set_client = @saved_cs_client */;

--
-- Dumping data for table `prod_tipos_actuacion`
--

LOCK TABLES `prod_tipos_actuacion` WRITE;
/*!40000 ALTER TABLE `prod_tipos_actuacion` DISABLE KEYS */;
INSERT INTO `prod_tipos_actuacion` VALUES (1,1,'Actuada',0,0),(2,2,'Animé',1,0),(3,3,'Documental',0,1);
/*!40000 ALTER TABLE `prod_tipos_actuacion` ENABLE KEYS */;
UNLOCK TABLES;

--
-- Table structure for table `rclv_1personajes`
--

DROP TABLE IF EXISTS `rclv_1personajes`;
/*!40101 SET @saved_cs_client     = @@character_set_client */;
/*!50503 SET character_set_client = utf8mb4 */;
CREATE TABLE `rclv_1personajes` (
  `id` smallint(5) unsigned NOT NULL AUTO_INCREMENT,
  `nombre` varchar(30) NOT NULL,
  `dia_del_ano_id` smallint(5) unsigned DEFAULT NULL,
  `ano` smallint(6) DEFAULT NULL,
  `apodo` varchar(30) DEFAULT NULL,
  `sexo_id` varchar(1) DEFAULT NULL,
  `epoca_id` varchar(3) DEFAULT NULL,
  `categoria_id` varchar(3) DEFAULT NULL,
  `rol_iglesia_id` varchar(3) DEFAULT NULL,
  `proceso_id` varchar(3) DEFAULT NULL,
  `ap_mar_id` smallint(5) unsigned DEFAULT NULL,
  `prods_aprob` tinyint(1) DEFAULT 0,
  `creado_por_id` int(10) unsigned NOT NULL,
  `creado_en` datetime DEFAULT utc_timestamp(),
  `alta_analizada_por_id` int(10) unsigned DEFAULT NULL,
  `alta_analizada_en` datetime DEFAULT NULL,
  `lead_time_creacion` decimal(4,2) unsigned DEFAULT NULL,
  `editado_por_id` int(10) unsigned DEFAULT NULL,
  `editado_en` datetime DEFAULT NULL,
  `edic_analizada_por_id` int(10) unsigned DEFAULT NULL,
  `edic_analizada_en` datetime DEFAULT NULL,
  `lead_time_edicion` decimal(4,2) unsigned DEFAULT NULL,
  `status_registro_id` tinyint(3) unsigned DEFAULT 1,
  `perenne` tinyint(1) DEFAULT NULL,
  `motivo_id` tinyint(3) unsigned DEFAULT NULL,
  `sugerido_por_id` int(10) unsigned DEFAULT NULL,
  `sugerido_en` datetime DEFAULT NULL,
  `capturado_por_id` int(10) unsigned DEFAULT NULL,
  `capturado_en` datetime DEFAULT NULL,
  `captura_activa` tinyint(1) DEFAULT NULL,
  PRIMARY KEY (`id`),
  UNIQUE KEY `nombre` (`nombre`),
  KEY `dia_del_ano_id` (`dia_del_ano_id`),
  KEY `sexo_id` (`sexo_id`),
  KEY `categoria_id` (`categoria_id`),
  KEY `proceso_id` (`proceso_id`),
  KEY `rol_iglesia_id` (`rol_iglesia_id`),
  KEY `creado_por_id` (`creado_por_id`),
  KEY `alta_analizada_por_id` (`alta_analizada_por_id`),
  KEY `editado_por_id` (`editado_por_id`),
  KEY `edic_analizada_por_id` (`edic_analizada_por_id`),
  KEY `status_registro_id` (`status_registro_id`),
  KEY `sugerido_por_id` (`sugerido_por_id`),
  KEY `motivo_id` (`motivo_id`),
  KEY `capturado_por_id` (`capturado_por_id`),
  KEY `ap_mar_id` (`ap_mar_id`),
  KEY `rclv_1personajes_FK` (`epoca_id`),
  CONSTRAINT `rclv_1personajes_FK` FOREIGN KEY (`epoca_id`) REFERENCES `rclv_epocas` (`id`),
  CONSTRAINT `rclv_1personajes_ibfk_1` FOREIGN KEY (`dia_del_ano_id`) REFERENCES `rclv_dias` (`id`),
  CONSTRAINT `rclv_1personajes_ibfk_10` FOREIGN KEY (`edic_analizada_por_id`) REFERENCES `usuarios` (`id`),
  CONSTRAINT `rclv_1personajes_ibfk_11` FOREIGN KEY (`status_registro_id`) REFERENCES `aux_status_registro` (`id`),
  CONSTRAINT `rclv_1personajes_ibfk_12` FOREIGN KEY (`sugerido_por_id`) REFERENCES `usuarios` (`id`),
  CONSTRAINT `rclv_1personajes_ibfk_13` FOREIGN KEY (`motivo_id`) REFERENCES `altas_motivos_rech` (`id`),
  CONSTRAINT `rclv_1personajes_ibfk_14` FOREIGN KEY (`capturado_por_id`) REFERENCES `usuarios` (`id`),
  CONSTRAINT `rclv_1personajes_ibfk_15` FOREIGN KEY (`ap_mar_id`) REFERENCES `rclv_2hechos` (`id`),
  CONSTRAINT `rclv_1personajes_ibfk_2` FOREIGN KEY (`sexo_id`) REFERENCES `aux_sexos` (`id`),
  CONSTRAINT `rclv_1personajes_ibfk_3` FOREIGN KEY (`categoria_id`) REFERENCES `prod_categ1` (`id`),
  CONSTRAINT `rclv_1personajes_ibfk_5` FOREIGN KEY (`proceso_id`) REFERENCES `rclv_procs_canon` (`id`),
  CONSTRAINT `rclv_1personajes_ibfk_6` FOREIGN KEY (`rol_iglesia_id`) REFERENCES `aux_roles_iglesia` (`id`),
  CONSTRAINT `rclv_1personajes_ibfk_7` FOREIGN KEY (`creado_por_id`) REFERENCES `usuarios` (`id`),
  CONSTRAINT `rclv_1personajes_ibfk_8` FOREIGN KEY (`alta_analizada_por_id`) REFERENCES `usuarios` (`id`),
  CONSTRAINT `rclv_1personajes_ibfk_9` FOREIGN KEY (`editado_por_id`) REFERENCES `usuarios` (`id`)
) ENGINE=InnoDB AUTO_INCREMENT=65 DEFAULT CHARSET=utf8mb4;
/*!40101 SET character_set_client = @saved_cs_client */;

--
-- Dumping data for table `rclv_1personajes`
--

LOCK TABLES `rclv_1personajes` WRITE;
/*!40000 ALTER TABLE `rclv_1personajes` DISABLE KEYS */;
INSERT INTO `rclv_1personajes` VALUES (1,'Ninguno',400,0,'',NULL,NULL,NULL,NULL,NULL,2,0,1,'2022-03-16 23:25:20',2,'2022-03-17 23:25:20',NULL,NULL,NULL,NULL,NULL,24.00,3,0,NULL,NULL,NULL,NULL,NULL,NULL),(11,'Jesús de Nazaret',400,0,'','V','jss','CFC','FDR','STV',2,0,2,'2022-03-16 23:25:20',2,'2022-03-17 23:25:20',NULL,NULL,NULL,NULL,NULL,24.00,3,0,NULL,NULL,NULL,NULL,NULL,NULL),(12,'María, madre de Jesús',400,0,'Santa María','M','cnt','CFC','LCM','STM',2,0,2,'2022-03-16 23:25:20',2,'2022-03-17 23:25:20',NULL,NULL,NULL,NULL,NULL,24.00,3,0,NULL,NULL,NULL,NULL,NULL,NULL),(13,'José, padre de Jesús',79,0,'San José','V','cnt','CFC','LCV','STV',2,0,2,'2022-03-16 23:25:20',2,'2022-03-17 23:25:20',NULL,NULL,NULL,NULL,NULL,24.00,3,0,NULL,NULL,NULL,NULL,NULL,NULL),(21,'Teresa de Calcuta',249,1910,'Madre Teresa','M','pst','CFC','REM','STM',2,1,2,'2022-03-16 23:25:20',2,'2022-03-17 23:25:20',NULL,NULL,NULL,NULL,NULL,24.00,3,0,NULL,NULL,NULL,10,'2023-02-08 02:11:00',1),(22,'Juan XXIII',285,1958,'','V','pst','CFC','PPV','STV',2,1,2,'2022-03-16 23:25:20',2,'2022-03-17 23:25:20',NULL,NULL,NULL,NULL,NULL,24.00,3,0,NULL,NULL,NULL,NULL,NULL,NULL),(23,'Juan Bosco',31,1815,'Don Bosco','V','pst','CFC','SCV','STV',2,1,2,'2022-03-16 23:25:20',2,'2022-03-17 23:25:20',NULL,NULL,NULL,NULL,NULL,24.00,3,0,NULL,NULL,NULL,NULL,NULL,NULL),(24,'Juan Pablo II',296,1920,'','V','pst','CFC','PPV','STV',2,1,2,'2022-03-16 23:25:20',2,'2022-03-17 23:25:20',NULL,NULL,NULL,NULL,NULL,24.00,3,0,NULL,NULL,NULL,NULL,NULL,NULL),(25,'Bernadette Soubirous',107,1844,'Bernadette','M','pst','CFC','REM','STM',25,0,2,'2022-03-16 23:25:20',2,'2022-03-17 23:25:20',NULL,NULL,NULL,NULL,NULL,24.00,3,0,NULL,NULL,NULL,NULL,NULL,NULL),(26,'Martín Lutero',305,1483,'Lutero','V','pst','CFC','APN','NNV',2,0,2,'2022-03-16 23:25:20',2,'2022-03-17 23:25:20',NULL,NULL,NULL,NULL,NULL,24.00,3,0,NULL,NULL,NULL,NULL,NULL,NULL),(27,'Pastorcitos de Fátima',51,1844,'','M','pst','CFC','LSM','STX',26,0,2,'2022-03-16 23:25:20',2,'2022-03-17 23:25:20',NULL,NULL,NULL,NULL,NULL,24.00,3,0,NULL,NULL,NULL,NULL,NULL,NULL),(51,'Mohandas Gandhi',30,1869,'Mahatma Gandhi','V','pst','VPC','NNV','NNV',2,0,2,'2022-03-16 23:25:20',2,'2022-03-17 23:25:20',NULL,NULL,NULL,NULL,NULL,24.00,3,0,NULL,NULL,NULL,NULL,NULL,NULL),(52,'Nelson Mandela',340,1918,'Madiba','V','pst','VPC','NNV','NNV',2,0,2,'2022-03-16 23:25:20',2,'2022-03-17 23:25:20',NULL,NULL,NULL,NULL,NULL,24.00,3,0,NULL,NULL,NULL,NULL,NULL,NULL),(53,'Damián de Veuster',131,1840,'Padre Damián','V','pst','CFC','SCV','STV',2,0,10,'2022-12-19 22:40:29',11,'2022-12-21 11:07:55',36.46,NULL,NULL,NULL,NULL,NULL,3,0,NULL,NULL,NULL,NULL,NULL,NULL),(54,'Judas Iscariote',400,0,'','V','cnt','CFC','ALV','NNV',2,0,10,'2022-12-22 01:29:13',NULL,NULL,NULL,NULL,NULL,NULL,NULL,NULL,1,0,NULL,NULL,NULL,NULL,NULL,NULL),(55,'Pablo VI',150,1897,'Bautista Montini','V','pst','CFC','PPV','STV',2,0,10,'2022-12-22 03:36:00',NULL,NULL,NULL,NULL,NULL,NULL,NULL,NULL,1,0,NULL,NULL,NULL,NULL,NULL,NULL),(56,'Pedro y Pablo',181,0,'','V','cnt','CFC','ALV','STV',2,0,10,'2022-12-22 03:42:11',NULL,NULL,NULL,NULL,NULL,NULL,NULL,NULL,1,0,NULL,NULL,NULL,NULL,NULL,NULL),(57,'Francisco de Asís',284,1180,'','V','pst','CFC','REV','STV',2,0,10,'2022-12-29 20:36:53',NULL,NULL,NULL,NULL,NULL,NULL,NULL,NULL,1,0,NULL,NULL,NULL,NULL,NULL,NULL),(58,'María Magdalena',204,0,'','M','cnt','CFC','LSM','STM',2,0,10,'2023-01-01 21:57:23',NULL,NULL,NULL,NULL,NULL,NULL,NULL,NULL,1,0,NULL,NULL,NULL,NULL,NULL,NULL),(59,'Tomás apóstol',185,0,'','V','cnt','CFC','ALV','STV',2,0,10,'2023-01-02 01:18:52',NULL,NULL,NULL,NULL,NULL,NULL,NULL,NULL,1,0,NULL,NULL,NULL,NULL,NULL,NULL),(60,'Pablo de Tarso',181,0,'','V','cnt','CFC','LSV','STV',2,0,10,'2023-01-02 01:52:55',NULL,NULL,NULL,NULL,NULL,NULL,NULL,NULL,1,0,NULL,NULL,NULL,NULL,NULL,NULL),(61,'Moisés',248,0,'','V','ant','CFC','LCV','STV',2,0,10,'2023-01-06 11:54:20',NULL,NULL,NULL,NULL,NULL,NULL,NULL,NULL,1,0,NULL,NULL,NULL,NULL,NULL,NULL);
/*!40000 ALTER TABLE `rclv_1personajes` ENABLE KEYS */;
UNLOCK TABLES;

--
-- Table structure for table `rclv_2hechos`
--

DROP TABLE IF EXISTS `rclv_2hechos`;
/*!40101 SET @saved_cs_client     = @@character_set_client */;
/*!50503 SET character_set_client = utf8mb4 */;
CREATE TABLE `rclv_2hechos` (
  `id` smallint(5) unsigned NOT NULL AUTO_INCREMENT,
  `nombre` varchar(30) NOT NULL,
  `dia_del_ano_id` smallint(5) unsigned DEFAULT NULL,
  `ano` smallint(6) DEFAULT NULL,
  `solo_cfc` tinyint(1) DEFAULT 0,
  `ant` tinyint(1) DEFAULT 0,
  `jss` tinyint(1) DEFAULT 0,
  `cnt` tinyint(1) DEFAULT 0,
  `pst` tinyint(1) DEFAULT 0,
  `ama` tinyint(1) DEFAULT 0,
  `prods_aprob` tinyint(1) DEFAULT 0,
  `creado_por_id` int(10) unsigned NOT NULL,
  `creado_en` datetime DEFAULT utc_timestamp(),
  `alta_analizada_por_id` int(10) unsigned DEFAULT NULL,
  `alta_analizada_en` datetime DEFAULT NULL,
  `lead_time_creacion` decimal(4,2) unsigned DEFAULT NULL,
  `editado_por_id` int(10) unsigned DEFAULT NULL,
  `editado_en` datetime DEFAULT NULL,
  `edic_analizada_por_id` int(10) unsigned DEFAULT NULL,
  `edic_analizada_en` datetime DEFAULT NULL,
  `lead_time_edicion` decimal(4,2) unsigned DEFAULT NULL,
  `status_registro_id` tinyint(3) unsigned DEFAULT 1,
  `perenne` tinyint(1) DEFAULT NULL,
  `motivo_id` tinyint(3) unsigned DEFAULT NULL,
  `sugerido_por_id` int(10) unsigned DEFAULT NULL,
  `sugerido_en` datetime DEFAULT NULL,
  `capturado_por_id` int(10) unsigned DEFAULT NULL,
  `capturado_en` datetime DEFAULT NULL,
  `captura_activa` tinyint(1) DEFAULT NULL,
  PRIMARY KEY (`id`),
  UNIQUE KEY `nombre` (`nombre`),
  KEY `dia_del_ano_id` (`dia_del_ano_id`),
  KEY `creado_por_id` (`creado_por_id`),
  KEY `alta_analizada_por_id` (`alta_analizada_por_id`),
  KEY `editado_por_id` (`editado_por_id`),
  KEY `edic_analizada_por_id` (`edic_analizada_por_id`),
  KEY `status_registro_id` (`status_registro_id`),
  KEY `sugerido_por_id` (`sugerido_por_id`),
  KEY `motivo_id` (`motivo_id`),
  KEY `capturado_por_id` (`capturado_por_id`),
  CONSTRAINT `rclv_2hechos_ibfk_1` FOREIGN KEY (`dia_del_ano_id`) REFERENCES `rclv_dias` (`id`),
  CONSTRAINT `rclv_2hechos_ibfk_2` FOREIGN KEY (`creado_por_id`) REFERENCES `usuarios` (`id`),
  CONSTRAINT `rclv_2hechos_ibfk_3` FOREIGN KEY (`alta_analizada_por_id`) REFERENCES `usuarios` (`id`),
  CONSTRAINT `rclv_2hechos_ibfk_4` FOREIGN KEY (`editado_por_id`) REFERENCES `usuarios` (`id`),
  CONSTRAINT `rclv_2hechos_ibfk_5` FOREIGN KEY (`edic_analizada_por_id`) REFERENCES `usuarios` (`id`),
  CONSTRAINT `rclv_2hechos_ibfk_6` FOREIGN KEY (`status_registro_id`) REFERENCES `aux_status_registro` (`id`),
  CONSTRAINT `rclv_2hechos_ibfk_7` FOREIGN KEY (`sugerido_por_id`) REFERENCES `usuarios` (`id`),
  CONSTRAINT `rclv_2hechos_ibfk_8` FOREIGN KEY (`motivo_id`) REFERENCES `altas_motivos_rech` (`id`),
  CONSTRAINT `rclv_2hechos_ibfk_9` FOREIGN KEY (`capturado_por_id`) REFERENCES `usuarios` (`id`)
) ENGINE=InnoDB AUTO_INCREMENT=53 DEFAULT CHARSET=utf8mb4;
/*!40101 SET character_set_client = @saved_cs_client */;

--
-- Dumping data for table `rclv_2hechos`
--

LOCK TABLES `rclv_2hechos` WRITE;
/*!40000 ALTER TABLE `rclv_2hechos` DISABLE KEYS */;
INSERT INTO `rclv_2hechos` VALUES (1,'Ninguno',400,0,0,0,0,0,0,0,0,1,'2022-03-16 23:25:20',2,'2022-03-17 23:25:20',NULL,NULL,NULL,NULL,NULL,24.00,3,0,NULL,NULL,NULL,NULL,NULL,NULL),(2,'No presenció ninguna',400,0,1,0,0,0,0,1,0,2,'2022-03-16 23:25:20',2,'2022-03-17 23:25:20',NULL,NULL,NULL,NULL,NULL,24.00,3,0,NULL,NULL,NULL,NULL,NULL,NULL),(11,'Navidad',359,0,1,0,1,1,0,0,0,2,'2022-03-16 23:25:20',2,'2022-03-17 23:25:20',NULL,NULL,NULL,NULL,NULL,24.00,3,0,NULL,NULL,NULL,NULL,NULL,NULL),(12,'Semana Santa',100,33,1,0,1,1,0,0,0,2,'2022-03-16 23:25:20',2,'2022-03-17 23:25:20',NULL,NULL,NULL,NULL,NULL,24.00,3,0,NULL,NULL,NULL,NULL,NULL,NULL),(13,'Sem. Santa - Pasión del Señor',105,33,1,0,1,1,0,0,0,2,'2022-03-16 23:25:20',2,'2022-03-17 23:25:20',NULL,NULL,NULL,NULL,NULL,24.00,3,0,NULL,NULL,NULL,NULL,NULL,NULL),(14,'Sem. Santa - Resurrección',107,33,1,0,1,1,0,0,0,2,'2022-03-16 23:25:20',2,'2022-03-17 23:25:20',NULL,NULL,NULL,NULL,NULL,24.00,3,0,NULL,NULL,NULL,NULL,NULL,NULL),(15,'Pentecostés',150,33,1,0,0,1,0,0,0,2,'2022-03-16 23:25:20',2,'2022-03-17 23:25:20',NULL,NULL,NULL,NULL,NULL,24.00,3,0,NULL,NULL,NULL,NULL,NULL,NULL),(21,'Guerra Mundial - 1a',210,1914,0,0,0,0,1,0,0,2,'2022-03-16 23:25:20',2,'2022-03-17 23:25:20',NULL,NULL,NULL,NULL,NULL,24.00,3,0,NULL,NULL,NULL,NULL,NULL,NULL),(22,'Guerra Mundial - 2a',245,1939,0,0,0,0,1,0,0,2,'2022-03-16 23:25:20',2,'2022-03-17 23:25:20',NULL,NULL,NULL,NULL,NULL,24.00,3,0,NULL,NULL,NULL,NULL,NULL,NULL),(23,'Olimpiadas ',400,0,0,0,0,0,1,0,0,10,'2022-12-23 23:28:27',NULL,NULL,NULL,NULL,NULL,NULL,NULL,NULL,1,0,NULL,NULL,NULL,NULL,NULL,NULL),(24,'Ap. Mar. - Guadalupe',347,1531,1,0,0,0,1,1,0,10,'2022-12-31 13:17:12',NULL,NULL,NULL,NULL,NULL,NULL,NULL,NULL,1,0,NULL,NULL,NULL,NULL,NULL,NULL),(25,'Ap. Mar. - Lourdes',42,1858,1,0,0,0,1,1,0,2,'2022-03-16 23:25:20',2,'2022-03-17 23:25:20',NULL,NULL,NULL,NULL,NULL,24.00,3,0,NULL,NULL,NULL,NULL,NULL,NULL),(26,'Ap. Mar. - Fátima',134,1917,1,0,0,0,1,1,0,2,'2022-03-16 23:25:20',2,'2022-03-17 23:25:20',NULL,NULL,NULL,NULL,NULL,24.00,3,0,NULL,NULL,NULL,NULL,NULL,NULL);
/*!40000 ALTER TABLE `rclv_2hechos` ENABLE KEYS */;
UNLOCK TABLES;

--
-- Table structure for table `rclv_3valores`
--

DROP TABLE IF EXISTS `rclv_3valores`;
/*!40101 SET @saved_cs_client     = @@character_set_client */;
/*!50503 SET character_set_client = utf8mb4 */;
CREATE TABLE `rclv_3valores` (
  `id` smallint(5) unsigned NOT NULL AUTO_INCREMENT,
  `nombre` varchar(30) NOT NULL,
  `dia_del_ano_id` smallint(5) unsigned DEFAULT NULL,
  `prods_aprob` tinyint(1) DEFAULT 0,
  `creado_por_id` int(10) unsigned NOT NULL,
  `creado_en` datetime DEFAULT utc_timestamp(),
  `alta_analizada_por_id` int(10) unsigned DEFAULT NULL,
  `alta_analizada_en` datetime DEFAULT NULL,
  `lead_time_creacion` decimal(4,2) unsigned DEFAULT NULL,
  `editado_por_id` int(10) unsigned DEFAULT NULL,
  `editado_en` datetime DEFAULT NULL,
  `edic_analizada_por_id` int(10) unsigned DEFAULT NULL,
  `edic_analizada_en` datetime DEFAULT NULL,
  `lead_time_edicion` decimal(4,2) unsigned DEFAULT NULL,
  `status_registro_id` tinyint(3) unsigned DEFAULT 1,
  `perenne` tinyint(1) DEFAULT NULL,
  `motivo_id` tinyint(3) unsigned DEFAULT NULL,
  `sugerido_por_id` int(10) unsigned DEFAULT NULL,
  `sugerido_en` datetime DEFAULT NULL,
  `capturado_por_id` int(10) unsigned DEFAULT NULL,
  `capturado_en` datetime DEFAULT NULL,
  `captura_activa` tinyint(1) DEFAULT NULL,
  PRIMARY KEY (`id`),
  UNIQUE KEY `nombre` (`nombre`),
  KEY `dia_del_ano_id` (`dia_del_ano_id`),
  KEY `creado_por_id` (`creado_por_id`),
  KEY `alta_analizada_por_id` (`alta_analizada_por_id`),
  KEY `editado_por_id` (`editado_por_id`),
  KEY `edic_analizada_por_id` (`edic_analizada_por_id`),
  KEY `status_registro_id` (`status_registro_id`),
  KEY `sugerido_por_id` (`sugerido_por_id`),
  KEY `motivo_id` (`motivo_id`),
  KEY `capturado_por_id` (`capturado_por_id`),
  CONSTRAINT `rclv_3valores_ibfk_1` FOREIGN KEY (`dia_del_ano_id`) REFERENCES `rclv_dias` (`id`),
  CONSTRAINT `rclv_3valores_ibfk_2` FOREIGN KEY (`creado_por_id`) REFERENCES `usuarios` (`id`),
  CONSTRAINT `rclv_3valores_ibfk_3` FOREIGN KEY (`alta_analizada_por_id`) REFERENCES `usuarios` (`id`),
  CONSTRAINT `rclv_3valores_ibfk_4` FOREIGN KEY (`editado_por_id`) REFERENCES `usuarios` (`id`),
  CONSTRAINT `rclv_3valores_ibfk_5` FOREIGN KEY (`edic_analizada_por_id`) REFERENCES `usuarios` (`id`),
  CONSTRAINT `rclv_3valores_ibfk_6` FOREIGN KEY (`status_registro_id`) REFERENCES `aux_status_registro` (`id`),
  CONSTRAINT `rclv_3valores_ibfk_7` FOREIGN KEY (`sugerido_por_id`) REFERENCES `usuarios` (`id`),
  CONSTRAINT `rclv_3valores_ibfk_8` FOREIGN KEY (`motivo_id`) REFERENCES `altas_motivos_rech` (`id`),
  CONSTRAINT `rclv_3valores_ibfk_9` FOREIGN KEY (`capturado_por_id`) REFERENCES `usuarios` (`id`)
) ENGINE=InnoDB AUTO_INCREMENT=53 DEFAULT CHARSET=utf8mb4;
/*!40101 SET character_set_client = @saved_cs_client */;

--
-- Dumping data for table `rclv_3valores`
--

LOCK TABLES `rclv_3valores` WRITE;
/*!40000 ALTER TABLE `rclv_3valores` DISABLE KEYS */;
INSERT INTO `rclv_3valores` VALUES (1,'Ninguno',400,0,1,'2022-03-16 23:25:20',2,'2022-03-17 23:25:20',NULL,NULL,NULL,NULL,NULL,24.00,3,NULL,NULL,NULL,NULL,NULL,NULL,NULL),(11,'Matrimonio y familia',400,0,2,'2022-03-16 23:25:20',2,'2022-03-17 23:25:20',NULL,NULL,NULL,NULL,NULL,24.00,3,NULL,NULL,NULL,NULL,NULL,NULL,NULL),(12,'Servicio al prójimo',400,0,2,'2022-03-16 23:25:20',2,'2022-03-17 23:25:20',NULL,NULL,NULL,NULL,NULL,24.00,3,NULL,NULL,NULL,NULL,NULL,NULL,NULL),(13,'Pacificar un país dividido',400,0,2,'2022-03-16 23:25:20',2,'2022-03-17 23:25:20',NULL,NULL,NULL,NULL,NULL,24.00,3,NULL,NULL,NULL,NULL,NULL,NULL,NULL),(14,'Amistad',400,0,2,'2022-03-16 23:25:20',2,'2022-03-17 23:25:20',NULL,NULL,NULL,NULL,NULL,24.00,3,NULL,NULL,NULL,NULL,NULL,NULL,NULL),(15,'Superación personal',400,0,2,'2022-03-16 23:25:20',2,'2022-03-17 23:25:20',NULL,NULL,NULL,NULL,NULL,24.00,3,NULL,NULL,NULL,NULL,NULL,NULL,NULL),(16,'Valores en el deporte',400,0,2,'2022-03-16 23:25:20',2,'2022-03-17 23:25:20',NULL,NULL,NULL,NULL,NULL,24.00,3,NULL,NULL,NULL,NULL,NULL,NULL,NULL),(51,'Amor',400,0,10,'2023-01-05 19:40:15',NULL,NULL,NULL,NULL,NULL,NULL,NULL,NULL,1,NULL,NULL,NULL,NULL,NULL,NULL,NULL),(52,'Fidelidad a la fe',400,0,10,'2023-01-08 00:23:21',NULL,NULL,NULL,NULL,NULL,NULL,NULL,NULL,1,NULL,NULL,NULL,NULL,NULL,NULL,NULL);
/*!40000 ALTER TABLE `rclv_3valores` ENABLE KEYS */;
UNLOCK TABLES;

--
-- Table structure for table `rclv_4edicion`
--

DROP TABLE IF EXISTS `rclv_4edicion`;
/*!40101 SET @saved_cs_client     = @@character_set_client */;
/*!50503 SET character_set_client = utf8mb4 */;
CREATE TABLE `rclv_4edicion` (
  `id` smallint(5) unsigned NOT NULL AUTO_INCREMENT,
  `personaje_id` smallint(5) unsigned DEFAULT NULL,
  `hecho_id` smallint(5) unsigned DEFAULT NULL,
  `valor_id` smallint(5) unsigned DEFAULT NULL,
  `nombre` varchar(30) DEFAULT NULL,
  `dia_del_ano_id` smallint(5) unsigned DEFAULT NULL,
  `ano` smallint(6) DEFAULT NULL,
  `apodo` varchar(30) DEFAULT NULL,
  `sexo_id` varchar(1) DEFAULT NULL,
  `categoria_id` varchar(3) DEFAULT NULL,
  `epoca_id` varchar(3) DEFAULT NULL,
  `ap_mar_id` smallint(5) unsigned DEFAULT NULL,
  `proceso_id` varchar(3) DEFAULT NULL,
  `rol_iglesia_id` varchar(3) DEFAULT NULL,
  `solo_cfc` tinyint(1) DEFAULT NULL,
  `jss` tinyint(1) DEFAULT NULL,
  `cnt` tinyint(1) DEFAULT NULL,
  `ncn` tinyint(1) DEFAULT NULL,
  `ama` tinyint(1) DEFAULT NULL,
  `editado_por_id` int(10) unsigned NOT NULL,
  `editado_en` datetime DEFAULT utc_timestamp(),
  PRIMARY KEY (`id`),
  KEY `personaje_id` (`personaje_id`),
  KEY `hecho_id` (`hecho_id`),
  KEY `valor_id` (`valor_id`),
  KEY `dia_del_ano_id` (`dia_del_ano_id`),
  KEY `sexo_id` (`sexo_id`),
  KEY `categoria_id` (`categoria_id`),
  KEY `proceso_id` (`proceso_id`),
  KEY `rol_iglesia_id` (`rol_iglesia_id`),
  KEY `editado_por_id` (`editado_por_id`),
  KEY `rclv_4edicion_FK` (`epoca_id`),
  CONSTRAINT `rclv_4edicion_FK` FOREIGN KEY (`epoca_id`) REFERENCES `rclv_epocas` (`id`),
  CONSTRAINT `rclv_4edicion_ibfk_1` FOREIGN KEY (`personaje_id`) REFERENCES `rclv_1personajes` (`id`),
  CONSTRAINT `rclv_4edicion_ibfk_10` FOREIGN KEY (`editado_por_id`) REFERENCES `usuarios` (`id`),
  CONSTRAINT `rclv_4edicion_ibfk_2` FOREIGN KEY (`hecho_id`) REFERENCES `rclv_2hechos` (`id`),
  CONSTRAINT `rclv_4edicion_ibfk_3` FOREIGN KEY (`valor_id`) REFERENCES `rclv_3valores` (`id`),
  CONSTRAINT `rclv_4edicion_ibfk_4` FOREIGN KEY (`dia_del_ano_id`) REFERENCES `rclv_dias` (`id`),
  CONSTRAINT `rclv_4edicion_ibfk_5` FOREIGN KEY (`sexo_id`) REFERENCES `aux_sexos` (`id`),
  CONSTRAINT `rclv_4edicion_ibfk_6` FOREIGN KEY (`categoria_id`) REFERENCES `prod_categ1` (`id`),
  CONSTRAINT `rclv_4edicion_ibfk_8` FOREIGN KEY (`proceso_id`) REFERENCES `rclv_procs_canon` (`id`),
  CONSTRAINT `rclv_4edicion_ibfk_9` FOREIGN KEY (`rol_iglesia_id`) REFERENCES `aux_roles_iglesia` (`id`)
) ENGINE=InnoDB DEFAULT CHARSET=utf8mb4;
/*!40101 SET character_set_client = @saved_cs_client */;

--
-- Dumping data for table `rclv_4edicion`
--

LOCK TABLES `rclv_4edicion` WRITE;
/*!40000 ALTER TABLE `rclv_4edicion` DISABLE KEYS */;
/*!40000 ALTER TABLE `rclv_4edicion` ENABLE KEYS */;
UNLOCK TABLES;

--
-- Table structure for table `rclv_dias`
--

DROP TABLE IF EXISTS `rclv_dias`;
/*!40101 SET @saved_cs_client     = @@character_set_client */;
/*!50503 SET character_set_client = utf8mb4 */;
CREATE TABLE `rclv_dias` (
  `id` smallint(5) unsigned NOT NULL,
  `dia` tinyint(3) unsigned NOT NULL,
  `mes_id` tinyint(3) unsigned NOT NULL,
  `nombre` varchar(6) NOT NULL,
  PRIMARY KEY (`id`),
  KEY `mes_id` (`mes_id`),
  CONSTRAINT `rclv_dias_ibfk_1` FOREIGN KEY (`mes_id`) REFERENCES `rclv_meses` (`id`)
) ENGINE=InnoDB DEFAULT CHARSET=utf8mb4;
/*!40101 SET character_set_client = @saved_cs_client */;

--
-- Dumping data for table `rclv_dias`
--

LOCK TABLES `rclv_dias` WRITE;
/*!40000 ALTER TABLE `rclv_dias` DISABLE KEYS */;
INSERT INTO `rclv_dias` VALUES (1,1,1,'1/ene'),(2,2,1,'2/ene'),(3,3,1,'3/ene'),(4,4,1,'4/ene'),(5,5,1,'5/ene'),(6,6,1,'6/ene'),(7,7,1,'7/ene'),(8,8,1,'8/ene'),(9,9,1,'9/ene'),(10,10,1,'10/ene'),(11,11,1,'11/ene'),(12,12,1,'12/ene'),(13,13,1,'13/ene'),(14,14,1,'14/ene'),(15,15,1,'15/ene'),(16,16,1,'16/ene'),(17,17,1,'17/ene'),(18,18,1,'18/ene'),(19,19,1,'19/ene'),(20,20,1,'20/ene'),(21,21,1,'21/ene'),(22,22,1,'22/ene'),(23,23,1,'23/ene'),(24,24,1,'24/ene'),(25,25,1,'25/ene'),(26,26,1,'26/ene'),(27,27,1,'27/ene'),(28,28,1,'28/ene'),(29,29,1,'29/ene'),(30,30,1,'30/ene'),(31,31,1,'31/ene'),(32,1,2,'1/feb'),(33,2,2,'2/feb'),(34,3,2,'3/feb'),(35,4,2,'4/feb'),(36,5,2,'5/feb'),(37,6,2,'6/feb'),(38,7,2,'7/feb'),(39,8,2,'8/feb'),(40,9,2,'9/feb'),(41,10,2,'10/feb'),(42,11,2,'11/feb'),(43,12,2,'12/feb'),(44,13,2,'13/feb'),(45,14,2,'14/feb'),(46,15,2,'15/feb'),(47,16,2,'16/feb'),(48,17,2,'17/feb'),(49,18,2,'18/feb'),(50,19,2,'19/feb'),(51,20,2,'20/feb'),(52,21,2,'21/feb'),(53,22,2,'22/feb'),(54,23,2,'23/feb'),(55,24,2,'24/feb'),(56,25,2,'25/feb'),(57,26,2,'26/feb'),(58,27,2,'27/feb'),(59,28,2,'28/feb'),(60,29,2,'29/feb'),(61,1,3,'1/mar'),(62,2,3,'2/mar'),(63,3,3,'3/mar'),(64,4,3,'4/mar'),(65,5,3,'5/mar'),(66,6,3,'6/mar'),(67,7,3,'7/mar'),(68,8,3,'8/mar'),(69,9,3,'9/mar'),(70,10,3,'10/mar'),(71,11,3,'11/mar'),(72,12,3,'12/mar'),(73,13,3,'13/mar'),(74,14,3,'14/mar'),(75,15,3,'15/mar'),(76,16,3,'16/mar'),(77,17,3,'17/mar'),(78,18,3,'18/mar'),(79,19,3,'19/mar'),(80,20,3,'20/mar'),(81,21,3,'21/mar'),(82,22,3,'22/mar'),(83,23,3,'23/mar'),(84,24,3,'24/mar'),(85,25,3,'25/mar'),(86,26,3,'26/mar'),(87,27,3,'27/mar'),(88,28,3,'28/mar'),(89,29,3,'29/mar'),(90,30,3,'30/mar'),(91,31,3,'31/mar'),(92,1,4,'1/abr'),(93,2,4,'2/abr'),(94,3,4,'3/abr'),(95,4,4,'4/abr'),(96,5,4,'5/abr'),(97,6,4,'6/abr'),(98,7,4,'7/abr'),(99,8,4,'8/abr'),(100,9,4,'9/abr'),(101,10,4,'10/abr'),(102,11,4,'11/abr'),(103,12,4,'12/abr'),(104,13,4,'13/abr'),(105,14,4,'14/abr'),(106,15,4,'15/abr'),(107,16,4,'16/abr'),(108,17,4,'17/abr'),(109,18,4,'18/abr'),(110,19,4,'19/abr'),(111,20,4,'20/abr'),(112,21,4,'21/abr'),(113,22,4,'22/abr'),(114,23,4,'23/abr'),(115,24,4,'24/abr'),(116,25,4,'25/abr'),(117,26,4,'26/abr'),(118,27,4,'27/abr'),(119,28,4,'28/abr'),(120,29,4,'29/abr'),(121,30,4,'30/abr'),(122,1,5,'1/may'),(123,2,5,'2/may'),(124,3,5,'3/may'),(125,4,5,'4/may'),(126,5,5,'5/may'),(127,6,5,'6/may'),(128,7,5,'7/may'),(129,8,5,'8/may'),(130,9,5,'9/may'),(131,10,5,'10/may'),(132,11,5,'11/may'),(133,12,5,'12/may'),(134,13,5,'13/may'),(135,14,5,'14/may'),(136,15,5,'15/may'),(137,16,5,'16/may'),(138,17,5,'17/may'),(139,18,5,'18/may'),(140,19,5,'19/may'),(141,20,5,'20/may'),(142,21,5,'21/may'),(143,22,5,'22/may'),(144,23,5,'23/may'),(145,24,5,'24/may'),(146,25,5,'25/may'),(147,26,5,'26/may'),(148,27,5,'27/may'),(149,28,5,'28/may'),(150,29,5,'29/may'),(151,30,5,'30/may'),(152,31,5,'31/may'),(153,1,6,'1/jun'),(154,2,6,'2/jun'),(155,3,6,'3/jun'),(156,4,6,'4/jun'),(157,5,6,'5/jun'),(158,6,6,'6/jun'),(159,7,6,'7/jun'),(160,8,6,'8/jun'),(161,9,6,'9/jun'),(162,10,6,'10/jun'),(163,11,6,'11/jun'),(164,12,6,'12/jun'),(165,13,6,'13/jun'),(166,14,6,'14/jun'),(167,15,6,'15/jun'),(168,16,6,'16/jun'),(169,17,6,'17/jun'),(170,18,6,'18/jun'),(171,19,6,'19/jun'),(172,20,6,'20/jun'),(173,21,6,'21/jun'),(174,22,6,'22/jun'),(175,23,6,'23/jun'),(176,24,6,'24/jun'),(177,25,6,'25/jun'),(178,26,6,'26/jun'),(179,27,6,'27/jun'),(180,28,6,'28/jun'),(181,29,6,'29/jun'),(182,30,6,'30/jun'),(183,1,7,'1/jul'),(184,2,7,'2/jul'),(185,3,7,'3/jul'),(186,4,7,'4/jul'),(187,5,7,'5/jul'),(188,6,7,'6/jul'),(189,7,7,'7/jul'),(190,8,7,'8/jul'),(191,9,7,'9/jul'),(192,10,7,'10/jul'),(193,11,7,'11/jul'),(194,12,7,'12/jul'),(195,13,7,'13/jul'),(196,14,7,'14/jul'),(197,15,7,'15/jul'),(198,16,7,'16/jul'),(199,17,7,'17/jul'),(200,18,7,'18/jul'),(201,19,7,'19/jul'),(202,20,7,'20/jul'),(203,21,7,'21/jul'),(204,22,7,'22/jul'),(205,23,7,'23/jul'),(206,24,7,'24/jul'),(207,25,7,'25/jul'),(208,26,7,'26/jul'),(209,27,7,'27/jul'),(210,28,7,'28/jul'),(211,29,7,'29/jul'),(212,30,7,'30/jul'),(213,31,7,'31/jul'),(214,1,8,'1/ago'),(215,2,8,'2/ago'),(216,3,8,'3/ago'),(217,4,8,'4/ago'),(218,5,8,'5/ago'),(219,6,8,'6/ago'),(220,7,8,'7/ago'),(221,8,8,'8/ago'),(222,9,8,'9/ago'),(223,10,8,'10/ago'),(224,11,8,'11/ago'),(225,12,8,'12/ago'),(226,13,8,'13/ago'),(227,14,8,'14/ago'),(228,15,8,'15/ago'),(229,16,8,'16/ago'),(230,17,8,'17/ago'),(231,18,8,'18/ago'),(232,19,8,'19/ago'),(233,20,8,'20/ago'),(234,21,8,'21/ago'),(235,22,8,'22/ago'),(236,23,8,'23/ago'),(237,24,8,'24/ago'),(238,25,8,'25/ago'),(239,26,8,'26/ago'),(240,27,8,'27/ago'),(241,28,8,'28/ago'),(242,29,8,'29/ago'),(243,30,8,'30/ago'),(244,31,8,'31/ago'),(245,1,9,'1/sep'),(246,2,9,'2/sep'),(247,3,9,'3/sep'),(248,4,9,'4/sep'),(249,5,9,'5/sep'),(250,6,9,'6/sep'),(251,7,9,'7/sep'),(252,8,9,'8/sep'),(253,9,9,'9/sep'),(254,10,9,'10/sep'),(255,11,9,'11/sep'),(256,12,9,'12/sep'),(257,13,9,'13/sep'),(258,14,9,'14/sep'),(259,15,9,'15/sep'),(260,16,9,'16/sep'),(261,17,9,'17/sep'),(262,18,9,'18/sep'),(263,19,9,'19/sep'),(264,20,9,'20/sep'),(265,21,9,'21/sep'),(266,22,9,'22/sep'),(267,23,9,'23/sep'),(268,24,9,'24/sep'),(269,25,9,'25/sep'),(270,26,9,'26/sep'),(271,27,9,'27/sep'),(272,28,9,'28/sep'),(273,29,9,'29/sep'),(274,30,9,'30/sep'),(275,1,10,'1/oct'),(276,2,10,'2/oct'),(277,3,10,'3/oct'),(278,4,10,'4/oct'),(279,5,10,'5/oct'),(280,6,10,'6/oct'),(281,7,10,'7/oct'),(282,8,10,'8/oct'),(283,9,10,'9/oct'),(284,10,10,'10/oct'),(285,11,10,'11/oct'),(286,12,10,'12/oct'),(287,13,10,'13/oct'),(288,14,10,'14/oct'),(289,15,10,'15/oct'),(290,16,10,'16/oct'),(291,17,10,'17/oct'),(292,18,10,'18/oct'),(293,19,10,'19/oct'),(294,20,10,'20/oct'),(295,21,10,'21/oct'),(296,22,10,'22/oct'),(297,23,10,'23/oct'),(298,24,10,'24/oct'),(299,25,10,'25/oct'),(300,26,10,'26/oct'),(301,27,10,'27/oct'),(302,28,10,'28/oct'),(303,29,10,'29/oct'),(304,30,10,'30/oct'),(305,31,10,'31/oct'),(306,1,11,'1/nov'),(307,2,11,'2/nov'),(308,3,11,'3/nov'),(309,4,11,'4/nov'),(310,5,11,'5/nov'),(311,6,11,'6/nov'),(312,7,11,'7/nov'),(313,8,11,'8/nov'),(314,9,11,'9/nov'),(315,10,11,'10/nov'),(316,11,11,'11/nov'),(317,12,11,'12/nov'),(318,13,11,'13/nov'),(319,14,11,'14/nov'),(320,15,11,'15/nov'),(321,16,11,'16/nov'),(322,17,11,'17/nov'),(323,18,11,'18/nov'),(324,19,11,'19/nov'),(325,20,11,'20/nov'),(326,21,11,'21/nov'),(327,22,11,'22/nov'),(328,23,11,'23/nov'),(329,24,11,'24/nov'),(330,25,11,'25/nov'),(331,26,11,'26/nov'),(332,27,11,'27/nov'),(333,28,11,'28/nov'),(334,29,11,'29/nov'),(335,30,11,'30/nov'),(336,1,12,'1/dic'),(337,2,12,'2/dic'),(338,3,12,'3/dic'),(339,4,12,'4/dic'),(340,5,12,'5/dic'),(341,6,12,'6/dic'),(342,7,12,'7/dic'),(343,8,12,'8/dic'),(344,9,12,'9/dic'),(345,10,12,'10/dic'),(346,11,12,'11/dic'),(347,12,12,'12/dic'),(348,13,12,'13/dic'),(349,14,12,'14/dic'),(350,15,12,'15/dic'),(351,16,12,'16/dic'),(352,17,12,'17/dic'),(353,18,12,'18/dic'),(354,19,12,'19/dic'),(355,20,12,'20/dic'),(356,21,12,'21/dic'),(357,22,12,'22/dic'),(358,23,12,'23/dic'),(359,24,12,'24/dic'),(360,25,12,'25/dic'),(361,26,12,'26/dic'),(362,27,12,'27/dic'),(363,28,12,'28/dic'),(364,29,12,'29/dic'),(365,30,12,'30/dic'),(366,31,12,'31/dic'),(400,0,1,'NO'),(401,0,1,'NO');
/*!40000 ALTER TABLE `rclv_dias` ENABLE KEYS */;
UNLOCK TABLES;

--
-- Table structure for table `rclv_epocas`
--

DROP TABLE IF EXISTS `rclv_epocas`;
/*!40101 SET @saved_cs_client     = @@character_set_client */;
/*!50503 SET character_set_client = utf8mb4 */;
CREATE TABLE `rclv_epocas` (
  `id` varchar(3) NOT NULL,
  `orden` tinyint(3) unsigned DEFAULT NULL,
  `nombre_cons` varchar(35) NOT NULL,
  `nombre_pers` varchar(15) DEFAULT NULL,
  `nombre_hecho` varchar(15) DEFAULT NULL,
  `ayuda_pers` varchar(50) DEFAULT NULL,
  `ayuda_hecho` varchar(50) DEFAULT NULL,
  PRIMARY KEY (`id`)
) ENGINE=InnoDB DEFAULT CHARSET=utf8mb4;
/*!40101 SET character_set_client = @saved_cs_client */;

--
-- Dumping data for table `rclv_epocas`
--

LOCK TABLES `rclv_epocas` WRITE;
/*!40000 ALTER TABLE `rclv_epocas` DISABLE KEYS */;
INSERT INTO `rclv_epocas` VALUES ('ant',1,'Anterior a Jesús','Anterior','Anterior','Sólo si falleció antes de que naciera Jesús',NULL),('cnt',3,'Durante la vida de los Apóstoles',NULL,'Durante',NULL,NULL),('jss',2,'Durante la vida de Jesús','Contemporáneo','Apóstoles',NULL,NULL),('pst',4,'Posterior a Jesús','Posterior','Posterior','Sólo si nació después de que falleciera Jesús',NULL);
/*!40000 ALTER TABLE `rclv_epocas` ENABLE KEYS */;
UNLOCK TABLES;

--
-- Table structure for table `rclv_meses`
--

DROP TABLE IF EXISTS `rclv_meses`;
/*!40101 SET @saved_cs_client     = @@character_set_client */;
/*!50503 SET character_set_client = utf8mb4 */;
CREATE TABLE `rclv_meses` (
  `id` tinyint(3) unsigned NOT NULL AUTO_INCREMENT,
  `nombre` varchar(10) NOT NULL,
  `abrev` varchar(3) NOT NULL,
  PRIMARY KEY (`id`)
) ENGINE=InnoDB AUTO_INCREMENT=13 DEFAULT CHARSET=utf8mb4;
/*!40101 SET character_set_client = @saved_cs_client */;

--
-- Dumping data for table `rclv_meses`
--

LOCK TABLES `rclv_meses` WRITE;
/*!40000 ALTER TABLE `rclv_meses` DISABLE KEYS */;
INSERT INTO `rclv_meses` VALUES (1,'Enero','ene'),(2,'Febrero','feb'),(3,'Marzo','mar'),(4,'Abril','abr'),(5,'Mayo','may'),(6,'Junio','jun'),(7,'Julio','jul'),(8,'Agosto','ago'),(9,'Septiembre','sep'),(10,'Octubre','oct'),(11,'Noviembre','nov'),(12,'Diciembre','dic');
/*!40000 ALTER TABLE `rclv_meses` ENABLE KEYS */;
UNLOCK TABLES;

--
-- Table structure for table `rclv_procs_canon`
--

DROP TABLE IF EXISTS `rclv_procs_canon`;
/*!40101 SET @saved_cs_client     = @@character_set_client */;
/*!50503 SET character_set_client = utf8mb4 */;
CREATE TABLE `rclv_procs_canon` (
  `id` varchar(3) NOT NULL,
  `orden` tinyint(3) unsigned NOT NULL,
  `nombre` varchar(20) NOT NULL,
  PRIMARY KEY (`id`)
) ENGINE=InnoDB DEFAULT CHARSET=utf8mb4;
/*!40101 SET character_set_client = @saved_cs_client */;

--
-- Dumping data for table `rclv_procs_canon`
--

LOCK TABLES `rclv_procs_canon` WRITE;
/*!40000 ALTER TABLE `rclv_procs_canon` DISABLE KEYS */;
INSERT INTO `rclv_procs_canon` VALUES ('BTM',8,'Beata'),('BTN',6,'Beato/a'),('BTV',7,'Beato'),('BTX',9,'Beatos'),('NNM',23,'Ninguno'),('NNN',21,'Ninguno'),('NNV',22,'Ninguno'),('NNX',24,'Ninguno'),('SDM',18,'Sierva de Dios'),('SDN',16,'Siervo/a de Dios'),('SDV',17,'Siervo de Dios'),('SDX',19,'Siervos de Dios'),('STM',3,'Santa'),('STN',1,'Santo/a'),('STV',2,'Santo'),('STX',4,'Santos'),('VNM',12,'Venerable'),('VNN',11,'Venerable'),('VNV',13,'Venerable'),('VNX',14,'Venerables');
/*!40000 ALTER TABLE `rclv_procs_canon` ENABLE KEYS */;
UNLOCK TABLES;

--
-- Table structure for table `us_roles`
--

DROP TABLE IF EXISTS `us_roles`;
/*!40101 SET @saved_cs_client     = @@character_set_client */;
/*!50503 SET character_set_client = utf8mb4 */;
CREATE TABLE `us_roles` (
  `id` tinyint(3) unsigned NOT NULL AUTO_INCREMENT,
  `orden` tinyint(3) unsigned NOT NULL,
  `nombre` varchar(30) NOT NULL,
  `perm_inputs` tinyint(1) NOT NULL,
  `revisor_ents` tinyint(1) NOT NULL,
  `revisor_us` tinyint(1) NOT NULL,
  PRIMARY KEY (`id`)
) ENGINE=InnoDB AUTO_INCREMENT=6 DEFAULT CHARSET=utf8mb4;
/*!40101 SET character_set_client = @saved_cs_client */;

--
-- Dumping data for table `us_roles`
--

LOCK TABLES `us_roles` WRITE;
/*!40000 ALTER TABLE `us_roles` DISABLE KEYS */;
INSERT INTO `us_roles` VALUES (1,1,'Consultas',0,0,0),(2,2,'Permiso Inputs',1,0,0),(3,3,'Gestor de Productos',1,1,0),(4,4,'Gestor de Usuarios',1,0,1),(5,5,'Omnipotente',1,1,1);
/*!40000 ALTER TABLE `us_roles` ENABLE KEYS */;
UNLOCK TABLES;

--
-- Table structure for table `us_status_registro`
--

DROP TABLE IF EXISTS `us_status_registro`;
/*!40101 SET @saved_cs_client     = @@character_set_client */;
/*!50503 SET character_set_client = utf8mb4 */;
CREATE TABLE `us_status_registro` (
  `id` tinyint(3) unsigned NOT NULL AUTO_INCREMENT,
  `orden` tinyint(3) unsigned NOT NULL,
  `nombre` varchar(20) NOT NULL,
  `mail_a_validar` tinyint(1) DEFAULT NULL,
  `mail_validado` tinyint(1) DEFAULT NULL,
  `editables` tinyint(1) DEFAULT NULL,
  `ident_a_validar` tinyint(1) DEFAULT NULL,
  `ident_validada` tinyint(1) DEFAULT NULL,
  PRIMARY KEY (`id`)
) ENGINE=InnoDB AUTO_INCREMENT=6 DEFAULT CHARSET=utf8mb4;
/*!40101 SET character_set_client = @saved_cs_client */;

--
-- Dumping data for table `us_status_registro`
--

LOCK TABLES `us_status_registro` WRITE;
/*!40000 ALTER TABLE `us_status_registro` DISABLE KEYS */;
INSERT INTO `us_status_registro` VALUES (1,1,'Mail a validar',1,NULL,NULL,NULL,NULL),(2,2,'Mail validado',NULL,1,NULL,NULL,NULL),(3,3,'Editables',NULL,NULL,1,NULL,NULL),(4,4,'Identidad a validar',NULL,NULL,NULL,1,NULL),(5,5,'Identidad validada',NULL,NULL,NULL,NULL,1);
/*!40000 ALTER TABLE `us_status_registro` ENABLE KEYS */;
UNLOCK TABLES;

--
-- Table structure for table `usuarios`
--

DROP TABLE IF EXISTS `usuarios`;
/*!40101 SET @saved_cs_client     = @@character_set_client */;
/*!50503 SET character_set_client = utf8mb4 */;
CREATE TABLE `usuarios` (
  `id` int(10) unsigned NOT NULL AUTO_INCREMENT,
  `email` varchar(100) NOT NULL,
  `contrasena` varchar(100) NOT NULL,
  `nombre` varchar(30) DEFAULT NULL,
  `apellido` varchar(30) DEFAULT NULL,
  `apodo` varchar(30) DEFAULT NULL,
  `avatar` varchar(100) DEFAULT NULL,
  `fecha_nacimiento` date DEFAULT NULL,
  `sexo_id` varchar(1) DEFAULT NULL,
  `pais_id` varchar(2) DEFAULT NULL,
  `rol_iglesia_id` varchar(3) DEFAULT NULL,
  `rol_usuario_id` tinyint(3) unsigned DEFAULT 1,
  `cartel_resp_prods` tinyint(1) DEFAULT 1,
  `cartel_resp_rclvs` tinyint(1) DEFAULT 1,
  `cartel_resp_links` tinyint(1) DEFAULT 1,
  `cartel_fin_penaliz` tinyint(1) DEFAULT NULL,
  `autorizado_fa` tinyint(1) DEFAULT 0,
  `docum_numero` varchar(15) DEFAULT NULL,
  `docum_pais_id` varchar(2) DEFAULT NULL,
  `docum_avatar` varchar(18) DEFAULT NULL,
  `dias_login` smallint(5) unsigned DEFAULT 1,
  `version_elc_ultimo_login` varchar(4) DEFAULT '1.0',
  `fecha_ultimo_login` date DEFAULT utc_date(),
  `fecha_contrasena` datetime DEFAULT utc_timestamp(),
  `fecha_revisores` datetime DEFAULT NULL,
  `creado_en` datetime DEFAULT utc_timestamp(),
  `completado_en` datetime DEFAULT NULL,
  `editado_en` datetime DEFAULT NULL,
  `prods_aprob` smallint(6) DEFAULT 0,
  `prods_rech` smallint(6) DEFAULT 0,
  `rclvs_aprob` smallint(6) DEFAULT 0,
  `rclvs_rech` smallint(6) DEFAULT 0,
  `links_aprob` smallint(6) DEFAULT 0,
  `links_rech` smallint(6) DEFAULT 0,
  `edics_aprob` smallint(6) DEFAULT 0,
  `edics_rech` smallint(6) DEFAULT 0,
  `penalizac_acum` decimal(4,1) unsigned DEFAULT 0.0,
  `penalizado_en` datetime DEFAULT NULL,
  `penalizado_hasta` datetime DEFAULT NULL,
  `capturado_por_id` int(10) unsigned DEFAULT NULL,
  `capturado_en` datetime DEFAULT NULL,
  `captura_activa` tinyint(1) DEFAULT NULL,
  `status_registro_id` tinyint(3) unsigned NOT NULL,
  PRIMARY KEY (`id`),
  UNIQUE KEY `email` (`email`),
  KEY `sexo_id` (`sexo_id`),
  KEY `pais_id` (`pais_id`),
  KEY `docum_pais_id` (`docum_pais_id`),
  KEY `rol_usuario_id` (`rol_usuario_id`),
  KEY `rol_iglesia_id` (`rol_iglesia_id`),
  KEY `capturado_por_id` (`capturado_por_id`),
  KEY `status_registro_id` (`status_registro_id`),
  CONSTRAINT `usuarios_ibfk_1` FOREIGN KEY (`sexo_id`) REFERENCES `aux_sexos` (`id`),
  CONSTRAINT `usuarios_ibfk_2` FOREIGN KEY (`pais_id`) REFERENCES `aux_paises` (`id`),
  CONSTRAINT `usuarios_ibfk_3` FOREIGN KEY (`docum_pais_id`) REFERENCES `aux_paises` (`id`),
  CONSTRAINT `usuarios_ibfk_4` FOREIGN KEY (`rol_usuario_id`) REFERENCES `us_roles` (`id`),
  CONSTRAINT `usuarios_ibfk_5` FOREIGN KEY (`rol_iglesia_id`) REFERENCES `aux_roles_iglesia` (`id`),
  CONSTRAINT `usuarios_ibfk_6` FOREIGN KEY (`capturado_por_id`) REFERENCES `usuarios` (`id`),
  CONSTRAINT `usuarios_ibfk_7` FOREIGN KEY (`status_registro_id`) REFERENCES `us_status_registro` (`id`)
) ENGINE=InnoDB AUTO_INCREMENT=22 DEFAULT CHARSET=utf8mb4;
/*!40101 SET character_set_client = @saved_cs_client */;

--
-- Dumping data for table `usuarios`
--

LOCK TABLES `usuarios` WRITE;
/*!40000 ALTER TABLE `usuarios` DISABLE KEYS */;
INSERT INTO `usuarios` VALUES (1,'sinMail1','sinContraseña','Configuración','inicial','Configuración inicial',NULL,NULL,NULL,NULL,'NNN',2,0,0,0,0,0,NULL,NULL,NULL,1,'1.0','2022-12-20','2022-12-20 22:50:31',NULL,'2021-01-01 00:00:00','2021-01-02 00:00:00',NULL,0,0,0,0,0,0,0,0,0.0,NULL,NULL,NULL,NULL,NULL,5),(2,'sinMail2','sinContraseña','Capítulos autom.','Capítulos autom.','Capítulos autom.',NULL,NULL,NULL,NULL,'NNN',2,0,0,0,0,0,NULL,NULL,NULL,1,'1.0','2022-12-20','2022-12-20 22:50:31',NULL,'2021-01-01 00:00:00','2021-01-02 00:00:00',NULL,0,0,0,0,0,0,0,0,0.0,NULL,NULL,NULL,NULL,NULL,5),(10,'sp2015w@gmail.com','$2a$10$HgYM70RzhLepP5ypwI4LYOyuQRd.Cb3NON2.K0r7hmNkbQgUodTRm','Inés','Crespín','Ine','1617370359746.jpg','1969-08-16','M','AR','LCM',2,0,1,1,0,1,'23198601','AR',NULL,82,'1.0','2023-02-08','2022-12-20 22:50:31',NULL,'2021-01-01 00:00:00','2021-01-02 00:00:00',NULL,0,0,0,0,0,0,1,0,0.0,NULL,NULL,NULL,NULL,NULL,5),(11,'diegoiribarren2015@gmail.com','$2a$10$HgYM70RzhLepP5ypwI4LYOyuQRd.Cb3NON2.K0r7hmNkbQgUodTRm','Diego','Iribarren','Diego','1632959816163.jpg','1969-08-16','V','AR','LCV',5,0,0,0,0,1,'21072001',NULL,'1617370359747.jpg',15,'1.0','2023-01-31','2022-12-20 22:50:31',NULL,'2021-01-01 00:00:00','2021-01-02 00:00:00',NULL,0,0,0,0,0,0,0,0,0.0,NULL,NULL,NULL,NULL,NULL,5),(12,'consultas@qqq.com','$2a$10$HgYM70RzhLepP5ypwI4LYOyuQRd.Cb3NON2.K0r7hmNkbQgUodTRm','Consultas','Varias','Consultas','1662056805460.jpg','1969-08-16','V','AR','NNN',1,0,0,0,0,1,NULL,NULL,NULL,1,'1.0','2022-12-20','2022-12-20 22:50:31',NULL,'2021-01-01 00:00:00','2021-01-02 00:00:00',NULL,0,0,0,0,0,0,0,0,0.0,NULL,NULL,NULL,NULL,NULL,3),(21,'ppp@gmail.com','$2a$10$HgYM70RzhLepP5ypwI4LYOyuQRd.Cb3NON2.K0r7hmNkbQgUodTRm','Fulano','Pérez','Varones',NULL,'2000-04-20','V','PR','LAV',1,0,0,0,0,0,'17893476','AR','1674255080960.jpg',6,'1.0','2023-01-25','2023-01-25 01:11:00','2023-01-21 00:29:46','2023-01-20 17:26:16',NULL,NULL,0,0,0,0,0,0,0,0,0.0,NULL,NULL,11,'2023-01-21 00:14:00',0,3);
/*!40000 ALTER TABLE `usuarios` ENABLE KEYS */;
UNLOCK TABLES;

--
-- Dumping routines for database 'elc_peliculas'
--
/*!40103 SET TIME_ZONE=@OLD_TIME_ZONE */;

/*!40101 SET SQL_MODE=@OLD_SQL_MODE */;
/*!40014 SET FOREIGN_KEY_CHECKS=@OLD_FOREIGN_KEY_CHECKS */;
/*!40014 SET UNIQUE_CHECKS=@OLD_UNIQUE_CHECKS */;
/*!40101 SET CHARACTER_SET_CLIENT=@OLD_CHARACTER_SET_CLIENT */;
/*!40101 SET CHARACTER_SET_RESULTS=@OLD_CHARACTER_SET_RESULTS */;
/*!40101 SET COLLATION_CONNECTION=@OLD_COLLATION_CONNECTION */;
/*!40111 SET SQL_NOTES=@OLD_SQL_NOTES */;

-- Dump completed on 2023-02-08 15:58:02
